Date,Season,Nagamangala,Pandavapura,Krishnarajpet,Maddur,Mandya,Shrirangapattana,Malavalli,Nagamangala_Trend,Nagamangala_SMA,Nagamangala_EWMA,Nagamangala_DES,Nagamangala_TES,Nagamangala_ARIMA,Pandavapura_Trend,Pandavapura_SMA,Pandavapura_EWMA,Pandavapura_DES,Pandavapura_TES,Pandavapura_ARIMA,Krishnarajpet_Trend,Krishnarajpet_SMA,Krishnarajpet_EWMA,Krishnarajpet_DES,Krishnarajpet_TES,Krishnarajpet_ARIMA,Maddur_Trend,Maddur_SMA,Maddur_EWMA,Maddur_DES,Maddur_TES,Maddur_ARIMA,Mandya_Trend,Mandya_SMA,Mandya_EWMA,Mandya_DES,Mandya_TES,Mandya_ARIMA,Shrirangapattana_Trend,Shrirangapattana_SMA,Shrirangapattana_EWMA,Shrirangapattana_DES,Shrirangapattana_TES,Shrirangapattana_ARIMA,Malavalli_Trend,Malavalli_SMA,Malavalli_EWMA,Malavalli_DES,Malavalli_TES,Malavalli_ARIMA
1996-02-29,POMRB,7.633333333333333,5.565,10.433333333333334,5.52,5.9433333333333325,7.977499999999999,11.855,,,7.633333333333333,5.7149040187519295,6.480310349667994,0.0,,,5.565,5.712654747242201,5.85385415031464,0.0,,,10.433333333333334,10.493403696416763,10.370181761946954,0.0,,,5.52,5.22751585408287,4.814024547119745,0.0,,,5.9433333333333325,5.508617374918793,5.416372596868623,0.0,,,7.977499999999999,5.8629495708344725,6.198076603074946,0.0,,,11.855,9.6308023520954,10.66683419049833,0.0
1996-05-31,PREMON,6.471666666666668,8.676666666666668,12.75,6.614,5.725,10.1825,13.706666666666667,,,7.168666666666667,5.877292051361027,8.24695519780519,7.633322742547441,,,6.809666666666667,6.5945620563116005,6.656692263249568,4.6110527967781945,,,11.36,11.151431696628489,12.093262316894496,7.828272234492516,,,5.957599999999999,5.678377670069016,6.132366512019335,2.7497675563910158,,,5.856,5.530853129995932,6.750451896296793,4.581376070525639,,,8.859499999999999,5.850621701034429,6.856020197688474,7.977491428412204,,,12.595666666666666,9.700634196387435,11.003867007086962,0.0
1996-08-31,MONSOON,6.357142857142858,5.4475,10.62,4.54,4.4475,4.3275,11.5225,5.243690476190476,,6.844057142857142,5.984736282094382,7.08324696692619,6.820338339402354,5.568229166666667,,6.264799999999999,6.212756364068233,6.6169540463540395,6.386466807355989,9.974583333333333,,11.064,10.89642898625106,11.381090484302687,9.74815731608873,4.905895833333332,,5.39056,5.239088927564627,5.34667372364788,3.5905239315590713,4.520791666666666,,5.2926,5.036688527571836,5.571904094414923,4.726495021487031,5.938020833333333,,7.046699999999999,5.811662167997285,6.122617157569948,9.625600296364833,10.766666666666666,,12.1664,9.71245308831705,12.985862215155553,0.0
1996-11-30,POMKH,2.3542857142857136,3.315,6.413333333333334,3.603333333333333,2.958,3.48,7.552,4.676994047619048,5.704107142857143,5.0481485714285705,5.272055319630152,4.059480514165654,6.7931914590197655,5.227083333333333,5.751041666666667,5.08488,5.296284907335845,4.999137884451199,6.4702221799437805,9.77625,10.054166666666667,9.203733333333334,9.356046527888815,8.38295998925565,9.198690348432866,4.910395833333333,5.069333333333333,4.6756693333333335,4.628107920354862,3.5146431573780745,3.4739691973333207,4.3625,4.768458333333333,4.35876,4.152976035134412,3.5043089512470953,4.407680508513832,5.083541666666667,6.491874999999999,5.620019999999999,5.769176699026546,4.989953699198636,5.474943812383481,10.098145833333334,11.159041666666667,10.32064,9.622176870162978,9.190540914151063,0.0
1997-02-28,POMRB,3.95,4.1025,9.796666666666667,4.2125,3.9619999999999997,3.546666666666667,8.716000000000001,4.562321428571428,4.783273809523809,4.608889142857143,5.018670790093659,4.867268306485115,5.292674291659766,4.9465625,5.385416666666666,4.691928,4.906136058179422,5.391071818215289,4.5378172172234486,9.71125,9.895,9.440906666666667,9.430873344845692,9.364265026494948,8.888923729461261,5.433583333333333,4.7424583333333326,4.4904016,4.450019716627612,4.863799150850671,4.880531524488489,4.489187500000001,4.273125,4.200056,4.029118426589442,4.018951957844232,4.651229340025375,5.031041666666667,5.384166666666666,4.7906786666666665,5.72737573324984,6.369746177823027,6.542881799172164,9.8896875,10.374291666666668,9.678784,9.564367775858118,10.69998025045202,0.0
1997-05-31,PREMON,5.621428571428571,7.41,11.8,7.9575,6.44,7.7775,11.4975,4.53922619047619,4.570714285714285,5.013904914285714,5.148939310113491,5.503985787824661,4.68192178575471,4.6759375,5.06875,5.779156800000001,5.650762052145444,5.78173768413988,6.115214884313776,10.080416666666668,9.657499999999999,10.384544000000002,10.133360601863906,11.27206294415341,11.306853080682377,5.648666666666667,5.078333333333332,5.87724096,5.651411389595264,6.182141115750239,5.42923660094733,4.432,4.451875000000001,5.0960336,4.93992697959389,4.976869506435065,4.208673213041985,4.987083333333333,4.782916666666667,5.9854072,5.705347917980822,6.8574350634547,5.564919827151423,10.038875,9.822000000000003,10.4062704,9.579527840272398,10.934576040186993,0.0
1997-08-31,MONSOON,6.29,4.47,11.050000000000002,7.3820000000000014,4.746,6.3125,12.064,4.337232142857143,4.55392857142857,5.524342948571428,5.386901711923412,5.37329588970306,5.994062530682407,4.3565625,4.824375,5.25549408,5.262972635003978,5.580501019472234,4.927164360328239,10.321666666666667,9.765,10.650726400000002,10.357542319038984,10.49545859212124,9.706513193126401,5.3169375,5.788833333333333,6.479144576000001,6.2202246721704775,5.396448327378804,5.031701481298384,4.171,4.526500000000002,4.9560201600000005,4.805798471502509,5.401488610041929,5.072161621667672,4.874166666666667,5.279166666666667,6.11624432,5.67686760401309,5.825487254017132,6.862043335098233,10.1280625,9.957375000000003,11.06936224,9.608762287416818,12.844567936392213,0.0
1997-11-30,POMKH,2.236666666666667,2.1275,8.936666666666667,2.482,2.2020000000000004,1.143333333333333,8.204,3.9313690476190475,4.524523809523809,4.209272435809524,4.768875130136276,3.2461442699854364,4.3332430175183,3.7490625000000004,4.5275,4.004296448,4.278033277119493,3.9869905213717356,3.794694263074364,9.654583333333335,10.395833333333334,9.965102506666668,9.818633562991597,8.155473007221305,6.985922844530524,4.729687500000001,5.5085,4.8802867456,4.863811204413529,3.5644177611090404,4.916865274885318,3.6332500000000003,4.337500000000002,3.8544120960000003,3.7162271132966804,3.6359729919897092,3.644206833845421,4.6928125,4.695,4.127079925333333,5.624985804493415,4.803398037897709,5.090873443229052,10.125750000000002,10.120375000000003,9.923217344000001,9.538224446342081,9.06696416299487,0.0
1998-02-28,POMRB,2.4516666666666667,2.7350000000000003,9.203333333333333,2.68,2.63,4.98,8.7775,3.259047619047619,4.149940476190476,3.5062301281523807,4.315877251104306,4.433641861454782,4.7361395784658615,3.251875,4.185625,3.4965778688,3.785557480181031,4.306628553302742,3.6282967277822196,8.610000000000001,10.2475,9.660394837333333,9.546097959738955,10.512876024972925,10.644833825215775,3.7302500000000003,5.125375,4.0001720473599995,4.062890354024424,4.913573754581618,4.29540369550593,3.0555000000000003,4.004500000000002,3.3646472576,3.241902635898858,3.578774930017439,3.8565656863451725,3.818645833333333,5.053333333333334,4.4682479552,5.591123186255196,6.026231276165813,4.845222147002151,9.7368125,10.135750000000003,9.4649304064,9.484444546634117,10.597819622771913,0.0
1998-05-31,PREMON,3.872857142857143,3.9175,7.0566666666666675,4.792,3.47,4.8933333333333335,11.4175,2.7796031746031744,3.7127976190476195,3.6528809340342856,4.236032151432331,4.489261698496278,4.192521514604337,3.3103125,3.3125,3.66494672128,3.8085691857209345,4.5805933403818395,5.691934476842399,7.69,9.061666666666667,8.618903569066667,8.665066539408285,11.549266216251898,10.835646995157624,3.309,4.3340000000000005,4.316903228416,4.290877919292006,6.231915719481165,5.846545129484774,2.9316666666666666,3.2620000000000013,3.4067883545599997,3.29499913050389,3.9621721897196065,4.337171995802871,4.232708333333333,4.332291666666667,4.6382821064533335,5.5571910922537295,6.717235219570416,7.261466008172059,9.3720625,10.115750000000002,10.24595824384,9.499889928556984,10.834691437670593,0.0
1998-08-31,MONSOON,2.66,3.985,7.436666666666667,2.5520000000000005,3.094,2.203333333333333,9.0325,2.9639781746031746,2.8052976190476198,3.2557285604205712,3.9299006083615615,3.9580512766019202,5.142057766658914,3.7569999999999997,3.19125,3.792968032768,3.845106478763575,3.4346567465434266,2.895713541644466,7.180937500000001,8.158333333333333,8.146008808106668,8.201285143515403,8.261138212835107,7.4018525667137,3.9240000000000004,3.1265,3.6109419370496,3.6502405710213885,5.446222931109681,4.623640348875722,3.154333333333333,2.8490000000000015,3.281673012736,3.1770814789651034,3.127167916130518,3.0663173308347593,5.453166666666667,3.3050000000000006,3.6643025972053334,5.5112531133247105,5.528109933043929,4.23341284070892,9.3945625,9.357875000000002,9.760574946304,9.453764939937438,12.742443717023374,0.0
1998-11-30,POMKH,2.03111111111111,3.08,5.19,3.942,2.8633333333333333,8.565000000000001,8.3175,3.2299404761904764,2.753908730158731,2.765881580696787,3.5587446658104906,0.6221264249366436,1.6616023546723644,4.195875,3.4293750000000003,3.5077808196608,3.592983484561713,2.5258934906778303,1.9668880720190605,7.107708333333333,7.221666666666666,6.963605284864,7.160135585920846,5.231301338701647,6.024286778494554,4.24525,3.4915000000000003,3.74336516222976,3.7274399542998515,3.6141923648398424,2.059370076753066,3.2908333333333335,3.014333333333335,3.114337140974933,3.015753026075526,1.7625568227391788,2.066813021811225,6.049250000000001,5.160416666666667,5.6245815583232,5.494876740864506,4.164134311371042,3.7698201235527633,9.2325625,9.386250000000002,9.1833449677824,9.390664867620147,8.86665064428795,0.0
1999-02-28,POMRB,4.132222222222223,5.356,8.8775,6.1400000000000015,3.75,7.322,8.844,3.4763020833333336,3.17404761904762,3.3124178373069615,3.6802693066878347,3.129576731268034,3.9153687877334065,4.2675,4.084625000000001,4.24706849179648,4.116651182317387,3.8406301828032667,3.5796738268094614,7.244375000000001,7.140208333333332,7.7291631709184,7.666986532935414,7.177251198212342,7.168260310018518,4.6137500000000005,4.3565000000000005,4.702019097337857,4.549176447971103,4.963348358312442,4.488230828258899,3.292041666666667,3.294333333333335,3.3686022845849597,3.272463445872932,3.3382669310038127,3.852060429306338,7.121166666666667,5.745916666666667,6.30354893499392,5.473030403734262,5.850961582143735,7.038785702225113,9.2885,9.402875000000002,9.047606980669439,9.34290095571753,10.401935800860633,0.0
1999-05-31,PREMON,4.32,4.8075,6.796666666666666,3.902,3.442,7.32,10.055,3.7267708333333336,3.2858333333333345,3.715450702384177,3.8152582290351433,4.814148266593973,4.93572167028853,4.1301250000000005,4.307125000000001,4.471241095077888,4.3093915806142,5.387329359064269,6.587316999362674,7.571666666666666,7.0752083333333315,7.3561645692177065,7.327178773906334,9.719289712304992,8.23759410262145,5.175928571428572,4.134,4.382011458402714,4.290281494735672,6.28169032321204,7.386557781582796,3.165395833333333,3.287333333333335,3.397961370750976,3.301951267067241,4.598115542336869,4.8012639485265645,7.4201250000000005,6.3525833333333335,6.710129360996352,5.45143340334784,6.635615998067939,6.399402555630289,9.5038125,9.062250000000002,9.450564188401664,9.327566360323623,10.641876051530025,0.0
1999-08-31,MONSOON,4.18375,3.668,8.79,6.39,3.1316666666666664,8.352,10.8425,3.6107118055555554,3.6667708333333344,3.902770421430506,3.896381129803283,4.34966309670812,4.657603395059847,3.7725625000000003,4.227875000000001,4.149944657046733,4.09303947421982,4.275721559712789,4.380436258314132,7.704791666666666,7.413541666666664,7.929698741530624,7.74988575892597,7.216542522344817,7.010771397364192,5.263773809523809,5.093500000000001,5.1852068750416285,4.998210440027884,5.495997534840542,4.020064427882631,2.9206041666666667,3.2967500000000016,3.2914434891172526,3.1961504019465092,3.3353930569723707,3.05246884179582,6.887,7.889749999999999,7.366877616597812,5.434824529480648,5.520730451406447,5.722881298773535,9.520812499999998,9.514750000000003,10.007338513040999,9.332860671994743,12.50635809308559,0.0
1999-11-30,POMKH,2.51111111111111,2.298,6.455,4.601428571428571,1.8125,4.808000000000002,8.23,3.4414027777777774,3.786770833333334,3.346106697302748,3.6276474040264612,1.6316387025140293,2.5291152770775547,3.6713125,4.032375000000002,3.4091667942280397,3.5241986970189396,2.889501326014606,2.4199912792235265,8.094895833333332,7.729791666666663,7.339819244918374,7.271167137319356,5.386269744881507,6.156326298089831,5.7394404761904765,5.258357142857143,4.951695553596405,4.824170887581408,3.6639669685707603,3.744905149962591,2.971916666666666,3.0340416666666683,2.6998660934703516,2.609728306734154,1.8609066781892531,2.3323574160614085,6.916,6.950499999999999,6.343326569958688,5.402193879470176,4.729337181382757,5.180076484275756,9.4996875,9.492875000000003,9.296403107824599,9.271051223535784,8.690772597132968,0.0
2000-02-29,POMRB,2.72375,3.2775,8.6775,6.183333333333333,2.8425,6.814,9.0675,3.2917118055555554,3.4346527777777784,3.0971640183816485,3.4544527414323762,3.8500908358783255,4.18881563871163,4.0091875,3.512750000000002,3.3565000765368236,3.4323950899527653,3.7319169109370867,3.5672561354287495,8.41375,7.679791666666663,7.874891546951024,7.675884383871968,7.887512956791934,9.03488868767956,5.99647619047619,5.269190476190476,5.444350665491176,5.2682298007568145,5.013122962043369,4.713355298224266,3.0467708333333334,2.807166666666668,2.7569196560822107,2.671990492603619,2.6963027567248705,3.1559248380396747,6.7715,6.8235,6.531595941975212,5.379076195096827,6.124597908802343,5.313561740744314,9.284062500000001,9.548750000000004,9.20484186469476,9.23251004280577,10.224597195944288,0.0
2000-05-31,PREMON,4.3740000000000006,6.0760000000000005,10.1175,7.664,4.76,8.059999999999999,9.6625,3.035548611111111,3.4481527777777785,3.607898411028989,3.644839194766624,4.37270034097264,4.003733839763532,4.2947500000000005,3.829875000000002,4.444300045922095,4.226618719850318,4.466495377153984,5.003600872578375,7.8875,8.509999999999996,8.771934928170614,8.414872419496048,9.974192986869536,7.853619398879866,5.653083333333333,6.209690476190476,6.332210399294706,6.073388237804364,6.3314649269429655,6.992448674331337,2.9480625,3.136666666666668,3.5581517936493263,3.4702736795729967,3.7850908272394164,3.878155943577877,6.441249999999999,7.0085,7.142957565185126,5.361933775472473,6.855265284837402,7.421995204395628,8.625,9.450625000000004,9.387905118816857,9.210342799158145,10.473332355776227,0.0
2000-08-31,MONSOON,2.9322222222222214,5.102500000000001,8.02,4.684285714285714,2.4125,6.455999999999999,9.51,3.178065972222222,3.135270833333334,3.337627935506282,3.509854649433084,4.1786216403295136,4.548133925386153,4.586625000000001,4.188500000000003,4.7075800275532576,4.475548151995575,4.257525128464904,4.114369266867898,7.415312500000001,8.317499999999997,8.471160956902368,8.224449395236217,9.005177440223273,9.987464132168341,5.338738095238095,5.783261904761904,5.673040525291109,5.543277830685201,5.545772138571524,5.5916776668881925,2.9908124999999997,2.9568750000000015,3.0998910761895955,3.0100922698490953,3.8951934140667013,3.944532284508446,6.02,6.534499999999999,6.868174539111076,5.337665144608893,5.848348314429844,5.226693852050517,7.437062499999999,9.117500000000003,9.436743071290113,9.184915272290494,12.326677234396094,0.0
2000-11-30,POMKH,1.7133333333333334,3.148,3.015,3.5600000000000005,1.7419999999999998,4.061999999999999,4.290000000000001,3.539180555555555,2.9358263888888896,2.6879100946371026,3.1582750984843773,0.8708874748594773,1.819928031059059,4.7636875000000005,4.401000000000003,4.083748016531954,4.0481894729070085,3.4702351445125563,3.426399921132093,7.3809375,7.457499999999998,6.288696574141421,6.46707895574571,5.894947435768724,5.869616856703674,5.131571428571428,5.522904761904762,4.827824315174666,4.8080981458069205,3.7137415723017173,3.2752770435609984,2.851125,2.9392500000000013,2.556734645713757,2.4717112039392037,1.5967851052544058,1.7518425857082547,5.017416666666666,6.347999999999999,5.745704723466645,5.3026862311268435,4.864640403591451,5.607551977060729,6.579062500000001,8.132500000000004,7.378045842774068,9.026460783196896,8.469506354603752,0.0
2001-02-28,POMRB,4.661666666666666,4.7625,8.34,4.71,3.255,4.19,3.504,4.108246527777777,3.420305555555556,3.477412723448928,3.4645975160464393,3.069131167130994,3.433977228425939,4.8940625,4.772250000000003,4.355248809919173,4.24843363927553,4.423666119766312,4.3224869050548955,7.67375,7.373124999999996,7.109217944484853,7.029691762147194,6.420864464075792,6.4364214986792,5.121785714285713,5.154571428571429,4.780694589104799,4.740308809995367,5.062897565774309,4.536593582595893,2.7148125000000003,3.042375000000001,2.8360407874282543,2.7541872444904523,2.5569139229279023,3.049707609880413,4.298333333333334,5.691999999999999,5.123422834079987,5.268618974274024,6.242921392391392,5.381261562782466,6.46175,6.741625000000003,5.828427505664441,8.852494107611859,9.877103089896583,0.0
2001-05-31,PREMON,5.324999999999998,6.0075,10.18,7.479999999999999,3.2300000000000004,2.6633333333333336,8.362,4.689583333333333,3.658055555555556,4.216447634069356,3.842781078745326,5.075653935845719,5.059224020782919,5.3675,4.755125000000003,5.016149285951505,4.767875459849869,5.4852928835091515,6.12052968662465,8.3865625,7.388749999999996,8.33753076669091,8.004281257749758,9.072401075782267,9.263209124829196,5.184749999999999,5.1085714285714285,5.860416753462879,5.669951477353151,6.381239530673883,5.849615436293707,2.8452499999999996,2.6598750000000013,2.9936244724569527,2.9112941462806314,4.001233688195876,4.325441241332001,4.0707708333333334,4.342833333333333,4.139387033781325,5.227870983851666,6.859739154725796,6.706920873026954,6.992000000000001,6.416500000000003,6.841856503398665,8.808104112242269,9.947188427830262,0.0
2001-08-31,MONSOON,6.53375,6.2139999999999995,10.3,4.79,2.8519999999999994,6.1,9.872,4.784270833333332,4.5584375,5.143368580441614,4.38748128669137,5.016954439207791,4.733549674553803,5.7158541666666665,5.033000000000003,5.495289571570902,5.189040395490183,4.828042214291215,4.746619267742599,8.985208333333333,7.9587499999999975,9.122518460014547,8.69333192712458,8.585772598734595,8.657243788636436,5.16225,5.135,5.432250052077727,5.321510517113429,5.595546742302438,5.838951007686184,2.9182499999999996,2.7697500000000015,2.9369746834741717,2.8540860760733393,2.986455515347959,2.630418823144499,4.0095833333333335,4.253833333333334,4.923632220268795,5.203235915829542,5.564169673792501,4.166587960385039,8.4625,6.507000000000003,8.053913902039199,8.803707147727202,11.761225216122018,0.0
2001-11-30,POMKH,2.7625,5.824,6.4375,3.958,2.346,2.5975,8.17,4.8586875,4.820729166666666,4.191021148264968,4.07188126854221,3.217321860457422,3.7207655841059193,6.254395833333333,5.702000000000003,5.626773742942541,5.359722293620665,4.263793345339634,3.840270314054565,9.285416666666666,8.814374999999998,8.048511076008728,7.894657549648727,6.825919981399616,5.797405353367675,4.9228125,5.234499999999999,4.8425500312466365,4.805602410678169,3.7635161760326317,3.4560948110239202,3.137625,2.9207500000000017,2.700584810084503,2.619317911783852,1.5565940507733966,2.0390434618658633,4.743541666666667,3.8877083333333338,3.9931793321612767,5.162807668737792,4.514801646414699,5.956257146053071,9.362333333333332,7.477000000000004,8.100348341223519,8.755822478256844,7.919352841839894,0.0
2002-02-28,POMRB,4.37,4.873333333333334,9.706666666666663,4.1320000000000014,3.235,5.165,11.388,5.090621527777778,4.7478125,4.262612688958981,4.13946881176864,4.707540438996273,4.196739145809763,6.927958333333333,5.7297083333333365,5.325397579098858,5.1860315859185855,5.993333707743715,5.910915421629179,9.838541666666664,9.156041666666663,8.711773312271902,8.426945086447562,8.59822372567237,9.549666360479009,5.0356250000000005,5.089999999999999,4.5583300187479825,4.5356462443769985,5.112672169505228,4.933830897529862,3.646125,2.915750000000002,2.914350886050702,2.833528295734875,2.9317164744946407,3.481516469619404,5.208125,4.131458333333334,4.461907599296766,5.134504085823679,5.781318693283601,4.352959925140485,11.086416666666668,9.448000000000004,9.415409004734112,8.79180290431416,9.457149518628153,0.0
2002-05-31,PREMON,6.2120000000000015,10.205,11.215,6.1425,5.005,7.56,7.676666666666668,5.424006944444445,4.969562500000001,5.04236761337539,4.561329873935398,5.660662853025965,4.946006993928881,7.183833333333332,6.779083333333336,7.277238547459315,6.700011668856087,6.453499666834979,6.969196386099126,10.526666666666666,9.414791666666664,9.71306398736314,9.273270210333177,10.844211332116569,10.349346761053477,5.343062500000001,4.755625,5.19199801124879,5.068723014173249,6.431014134404793,5.671977677187753,4.191166666666667,3.3595000000000015,3.7506105316304215,3.6630877251858225,4.1217009247453404,4.115461626563253,5.153437500000001,5.355625,5.70114455957806,5.117466892448172,6.379281241322824,7.5095372464638075,13.285333333333334,9.27666666666667,8.719912069507135,8.731623714610937,9.78789732938115,0.0
2002-08-31,MONSOON,7.502222222222222,7.4049999999999985,13.69,7.029999999999999,5.145,4.92,24.35,5.861750000000001,5.2116805555555565,6.026309456914123,5.157337459161776,5.766784611631858,5.49746894486378,7.155833333333334,7.076833333333337,7.328343128475589,6.885199230601909,7.1276499367534845,6.8942926702340515,10.808958333333333,10.262291666666663,11.303838392417884,10.643920384324554,9.98899349296017,10.363542462674022,5.5047500000000005,5.315625000000001,5.927198806749274,5.72261964707745,5.6453213460333265,5.127192669241633,4.535208333333333,3.9327500000000013,4.308366318978253,4.209221760050312,4.172787471530018,3.8372637963694256,5.0806249999999995,5.060625,5.388686735746836,5.08854718721143,5.495479026045114,5.2509725016916,15.19475,12.896166666666671,14.971947241704282,9.100481071630734,11.583530048244398,0.0
2002-11-30,POMKH,4.461111111111111,6.6800000000000015,8.5525,4.1775,4.413333333333333,3.34,11.283333333333333,6.199416666666666,5.636333333333335,5.400230118592918,5.028628704787326,4.086482866721937,4.130205357392728,6.739557291666666,7.290833333333337,7.069005877085353,6.790648339731153,6.106334687115318,6.055547721917753,11.11125,10.791041666666663,10.20330303545073,9.884479074901899,9.223027208038689,8.772450116147569,5.73275,5.370500000000002,5.227319284049565,5.140129097983245,3.813290779763553,4.483935183917735,4.750208333333333,4.449583333333335,4.350353124720286,4.241608634963088,3.455851402408025,3.5987978503967994,4.71375,5.24625,4.569212041448101,5.052669866543884,4.306311668910532,4.62817023198664,17.75916666666667,13.674500000000004,13.496501678355902,9.123708015304839,8.216746645152393,0.0
2003-02-28,POMRB,6.173333333333334,3.793333333333333,9.85,5.206,3.92,3.84,23.55,6.209888888888889,6.0871666666666675,5.709471404489085,5.267079374692344,6.029400229229237,5.1791692329430505,6.34575,7.020833333333336,5.758736859584545,5.841012862619752,7.429135251886996,6.476969405984807,11.299375000000001,10.826874999999998,10.061981821270438,9.800662110427517,10.854206800334953,10.592416586480669,5.92275,5.639000000000001,5.2187915704297385,5.127643420268665,5.162446773236153,5.085901817536867,4.894708333333333,4.620833333333335,4.178211874832171,4.064850187557104,4.939249868178498,4.784335879555811,4.310833333333333,4.915,4.2775272248688605,5.019409676241433,5.659556111447406,5.082495108234406,17.874583333333334,16.715000000000003,17.517901007013542,9.460607153203103,9.858948131939743,0.0
2003-05-31,PREMON,7.109999999999999,7.954791666666665,13.49,6.8925,6.040000000000001,5.95,16.03,6.185222222222222,6.311666666666667,6.2696828426934506,5.645354463125517,7.245302158129013,6.156834214677421,6.01446875,6.458281250000002,6.6371587824173925,6.461813545355392,6.8520647902993135,7.269278414470627,11.215312500000001,11.395624999999999,11.433189092762262,10.930491943059655,12.043341283406775,10.596043119654752,6.1588125,5.826500000000001,5.888274942257843,5.712125940229237,6.480788738135734,6.392640340477439,4.737666666666668,4.879583333333335,4.922927124899303,4.802210415201911,5.27724654573377,4.702717687403842,3.8908333333333336,4.5125,4.946516334921316,4.996133573566956,6.257058056185046,5.7625073757287915,16.359166666666667,18.803333333333338,16.922740604208126,9.594951006930703,10.58795075547774,0.0
2003-08-31,MONSOON,6.688,6.50475,12.92,7.8,5.266,3.306666666666666,16.92,6.473635416666665,6.1081111111111115,6.43700970561607,5.864661170140003,6.976668688458585,6.327532517253717,6.071552083333333,6.233218750000003,6.5841952694504355,6.445240658887521,6.434155828707604,5.631119408567165,11.79375,11.203125,12.027913455657357,11.498306393600986,11.72632748242116,13.21421919467422,6.565791666666667,6.019000000000002,6.652964965354705,6.406038662883052,5.695095949764278,5.201136775308761,4.6045,4.909833333333336,5.060156274939581,4.930862693367687,5.250676531630806,4.723631366463254,4.05125,4.109166666666667,4.290576467619456,4.960991499715057,5.2355409324466144,5.540901768476331,13.309999999999999,16.94583333333334,16.921644362524876,9.748176731648153,12.656646679660835,0.0
2003-11-30,POMKH,5.078,4.93,8.65,5.295999999999999,3.036,1.5933333333333335,6.59,6.711656249999999,6.262333333333333,5.893405823369642,5.719308407890011,4.1916465273249575,3.8062465791663445,6.198036458333333,5.7957187500000025,5.922517161670261,5.951310006268395,5.327597471622789,5.043883543766089,12.244375,11.2275,10.676748073394414,10.486035813227108,9.706067261795981,8.239973503383665,7.030979166666667,6.298625000000001,6.110178979212822,5.9716623239487605,3.8630653834945154,4.915775747426901,4.36475,4.565500000000003,4.250493764963749,4.1213736126110705,3.91730402078619,3.8060716415941926,4.765000000000001,3.6725000000000003,3.2116792139050068,4.918312632733857,3.958316687631607,3.354498861733005,9.475,15.772500000000008,12.788986617514926,9.632204006721368,9.047964562353627,0.0
2004-02-29,POMRB,7.86375,6.0,14.38,7.343333333333334,4.231999999999998,6.87,3.85,6.601660714285714,6.6849375,6.681543494021785,6.158659733289025,6.413854209725581,5.716819309048915,5.82684375,6.347385416666669,5.953510297002158,5.938848708262018,6.249957414404471,4.9759056428062465,12.027916666666666,12.36,12.15804884403665,11.677489592643795,11.144380425710647,10.11314601530746,6.957958333333333,6.832958333333335,6.603440720861027,6.412162220571963,5.212221376967132,5.4275932027436005,3.9711875,4.643500000000003,4.243096258978249,4.1176519468660135,4.216140224152026,3.7429473180823014,5.404166666666666,4.430000000000001,4.675007528343004,4.9001872958303405,5.202586512767552,4.828410545058283,7.628750000000001,10.847500000000007,9.213391970508955,9.44940368865821,10.53672908290315,0.0
2004-05-31,PREMON,7.32375,6.76,12.565,8.476666666666668,3.81,8.629999999999999,5.05,6.373008928571429,6.738375000000001,6.938426096413071,6.4034237640842875,8.342526817404094,7.295518977787381,5.967499999999999,6.048687500000003,6.276106178201294,6.163131118990247,7.068832211093389,7.769368462982198,12.022708333333334,12.128749999999998,12.320829306421988,11.880843440892331,14.454488234082957,14.595089361813685,6.558458333333334,7.229000000000003,7.352731099183284,7.093012728584658,6.530563341866745,7.381928281053527,3.7631249999999996,4.086000000000002,4.069857755386949,3.9478691319104686,5.220963739795017,5.0978842215770355,6.0754166666666665,5.1000000000000005,6.257004517005802,4.890355461030351,6.008981654008654,6.811309181176094,7.600625000000001,8.102500000000006,7.548035182305373,9.302696687466101,10.623470554054554,0.0
2004-08-31,MONSOON,5.594285714285713,4.73,12.113333333333335,5.631666666666668,4.3475,5.7399999999999975,13.13,6.0012276785714285,6.464946428571429,6.400769943562128,6.254655275987194,7.591708947649568,6.5957319356525845,6.734166666666667,5.605000000000004,5.6576637069207765,5.695657180455479,6.068953459602844,5.933298333344229,11.852083333333333,11.927083333333332,12.237830917186526,11.869331418664423,12.468566778516726,11.740176472932733,6.131875000000001,6.6869166666666695,6.664305326176637,6.530454765370979,5.7448705534953115,6.056416228814967,3.7049374999999993,3.856375000000002,4.180914653232169,4.060921317696544,3.7940657788979992,3.3311242717803844,6.425624999999999,5.708333333333334,6.0502027102034805,4.867449831187903,5.070185889824265,5.636953893762944,8.960625,7.1550000000000065,9.780821109383226,9.367338179162122,12.334277412524205,0.0
2004-11-30,POMKH,4.3425,7.83,9.415,4.2683333333333335,2.29,4.53,10.155,5.709040178571429,6.28107142857143,5.577461966137276,5.885449830018287,3.8740796487083973,3.4544027793630248,7.399166666666666,6.330000000000004,6.526598224152465,6.323427527890964,4.381254613366835,3.8549039712430675,11.786458333333334,12.118333333333332,11.108698550311916,10.982673391023386,9.673466283656799,7.970952228550694,5.521458333333333,6.430000000000003,5.705916529039316,5.690470418998211,3.912839987225515,3.871946743866926,3.8291666666666666,3.6698750000000024,3.4245487919393014,3.310709698255705,2.8073489997849963,3.0870911222617106,5.964999999999999,6.442500000000001,5.442121626122089,4.839244501150259,3.9061729774320053,4.062568574080939,10.834166666666667,8.046250000000008,9.930492665629934,9.353852148322895,8.602354550316786,0.0
2005-02-28,POMRB,5.625,9.233333333333334,12.25,4.958333333333333,4.5125,6.734999999999999,11.165,5.685119047619047,5.72138392857143,5.596477179682365,5.8451602221766,5.868187040312072,5.645383616044692,8.0275,7.138333333333337,7.609292267824813,7.185946445890729,6.889418058628625,5.840980875332063,11.4225,11.585833333333332,11.565219130187149,11.314854450081981,11.51077937134783,12.689126608598809,5.229583333333333,5.833750000000003,5.406883250756923,5.393816868920318,5.2619959806981145,4.852282754756052,3.670729166666667,3.740000000000003,3.859729275163581,3.7496777113200386,3.340648264412274,3.3180306423822303,5.294687499999999,6.40875,5.959272975673253,4.821426150013338,5.440257205274313,5.282998121697952,11.852083333333333,9.875000000000007,10.42429559937796,9.366642889018395,10.207771057839649,0.0
2005-05-31,PREMON,7.225,8.846666666666666,14.170000000000002,5.978333333333333,4.523333333333333,5.08,12.723333333333334,5.256264880952381,5.696696428571429,6.247886307809419,6.13216144772625,6.872805804772261,6.141521106170639,7.8862499999999995,7.660000000000004,8.104242027361554,7.661739860996331,8.77771712323168,9.956169970568116,10.012291666666668,11.987083333333333,12.60713147811229,12.161827313242748,13.572063500048904,11.601311050569722,4.798541666666667,5.209166666666668,5.635463283787487,5.561781563152011,6.58033794559769,6.3318979426101425,3.2361250000000004,3.918333333333336,4.125170898431482,4.013551929209745,5.090172079821837,5.100837362047546,4.8384375,5.521250000000001,5.6075637854039515,4.796238280498097,6.273009280676742,6.5504266291161795,11.377395833333335,11.793333333333342,11.34391069296011,9.418994396453934,10.533385213163891,0.0
2005-08-31,MONSOON,5.501666666666666,7.67,7.596666666666668,5.795,2.3666666666666667,3.9275,13.6,4.614077380952381,5.673541666666667,5.949398451352318,6.0185079323156625,6.870238964875727,6.492098592323997,7.406458333333333,8.395000000000003,7.930545216416933,7.629021462830067,7.93359350104698,7.703746573412705,8.3575,10.857916666666666,10.602945553534042,10.585419936026593,12.830476374081352,12.712930002369763,4.343125,5.250000000000002,5.699277970272492,5.605165277953305,5.79464515722622,5.436970617558049,2.8165625000000003,3.4231250000000024,3.421769205725556,3.3131444668402934,4.2070669467658846,3.936255988403596,4.3496875,5.068125000000001,4.935538271242371,4.766024710794112,5.091640363505634,4.426001727364693,10.225833333333332,11.910833333333342,12.246346415776067,9.492281982784405,12.494558403786897,0.0
2005-11-30,POMKH,1.0042857142857142,3.76,2.65,0.6566666666666666,0.794,2.6925,5.8874999999999975,4.321979166666667,4.838988095238095,3.9713533565256762,5.029719334773963,3.4958250943082287,3.553321986066228,7.303020833333334,7.377500000000003,6.26232712985016,6.408433245405896,6.689253360141853,6.421595581287285,7.148958333333334,9.166666666666666,7.4217673321204245,7.922728625012353,7.594867895597594,5.709556702182568,3.989375,4.347083333333335,3.6822334488301616,3.8278257312003787,3.962614590956425,3.980639433454373,2.3723333333333336,3.0491250000000027,2.3706615234353334,2.2744490548848124,1.6782206941029352,1.6718325044270579,4.0909375,4.608750000000001,4.038322962745422,4.730434290073541,3.838807877013228,3.806948240605662,9.706041666666666,10.84395833333334,9.70280784946564,9.365784174766725,8.778182380872027,0.0
2006-02-28,POMRB,3.825714285714286,9.465,5.776666666666666,4.926666666666667,2.652,4.6625,6.2200000000000015,4.387083333333333,4.389166666666667,3.9130977282011203,4.79941401963342,3.8744402918215837,3.8343248425105654,7.253124999999999,7.435416666666669,7.543396277910096,7.315498796927456,6.567840315633486,5.459750698377996,6.479583333333334,7.548333333333332,6.763727065938921,7.165470581730664,7.087808376692028,7.358189308009792,3.646815476190476,4.339166666666668,4.1800067359647635,4.187335266821153,5.311770584428969,3.5971995935677445,2.405145833333333,2.584000000000003,2.4831969140612005,2.3980817393074148,1.9751779512483876,2.4912456112048726,4.2890625,4.090625000000001,4.287993777647253,4.704191328742481,5.307483552948146,4.781618194106558,9.465312500000001,9.60770833333334,8.309684709679384,9.251503540844302,10.2447889152612,0.0
2006-05-31,PREMON,6.6875,7.7875,10.975,3.18,2.83,5.0825,13.510000000000002,5.170870535714286,4.254791666666668,5.022858636920672,5.185774258152481,4.985192354563286,5.244475953084194,7.9956249999999995,7.170625000000003,7.641037766746058,7.426466154573315,8.684235770580493,8.569737816391807,6.499583333333334,6.749583333333332,8.448236239563352,8.353803934290678,8.123398657713846,8.817244774596467,4.251130952380953,3.639583333333335,3.780004041578858,3.8044185773230956,6.630112549328544,6.540936343055929,2.987875,2.16066666666667,2.6219181484367207,2.541874955631766,3.40579923958232,3.7962563712914097,4.756354166666667,4.0912500000000005,4.605796266588352,4.680136873552024,5.955369598650839,6.354247716270589,9.772395833333334,9.804375000000006,10.389810825807631,9.327378988972269,10.40964254365368,0.0
2006-08-31,MONSOON,6.559999999999999,8.33,5.4366666666666665,5.852857142857142,4.3225,5.51,10.8875,6.064985119047618,4.519375000000001,5.637715182152403,5.470345177995448,5.71949285740816,6.073548391245213,8.59875,7.335625000000002,7.916622660047635,7.669146953179468,7.441971054435222,7.290447915570322,6.956875,6.209583333333332,7.243608410404677,7.342202992222539,8.509207464743568,8.1480863506009,4.943214285714285,3.654047619047621,4.6091452820901715,4.497699643151093,5.84441976095703,4.095276428159903,3.590875,2.649625000000003,3.302150889062032,3.2195959176301407,2.516921676634748,2.616684900155325,5.127770833333333,4.4868749999999995,4.967477759953011,4.658292601651796,4.78156813821167,4.49444144145629,10.697604166666666,9.126250000000004,10.588886495484578,9.333831965281117,12.396838336121839,0.0
2006-11-30,POMKH,6.216249999999999,9.04,4.97,5.433333333333334,3.5,4.848333333333334,11.056666666666667,6.300416666666666,5.822366071428572,5.869129109291441,5.63008038470315,3.5507543522648644,3.8683839744980886,8.6264375,8.655625000000002,8.365973596028581,8.053900416953736,6.672431776581644,5.985285780354955,7.051041666666666,6.789583333333332,6.334165046242806,6.515542650117406,4.354773850404834,2.6119317122221353,5.465714285714286,4.848214285714288,4.938820502587436,4.795228761613223,4.012389194687235,4.3647061026808665,4.0984375,3.326125000000003,3.3812905334372196,3.2937220612257447,2.3368472629493007,2.8474654537803756,5.1656458333333335,5.025833333333333,4.91981998930514,4.633651697094362,3.6141017423204476,4.237224843538026,10.889166666666666,10.418541666666671,10.775998563957414,9.344431517730698,8.592680548372275,0.0
2007-02-28,POMRB,5.7666666666666675,9.01,7.115,5.686666666666667,4.77,5.478,8.4525,6.355193452380952,6.307604166666667,5.8281441322415315,5.668524412552019,6.74398549831779,6.735026921912964,8.698999999999998,8.541875000000001,8.623584157617149,8.309801010391338,8.734838149679954,8.57856629631695,6.945208333333334,7.124166666666665,6.6464990277456835,6.662969481810596,6.62915161541731,7.888988747367481,5.867023809523809,5.038214285714289,5.237958968219129,5.075168941882333,5.361545188159851,5.593646767516671,4.3659375,3.8556250000000025,3.9367743200623315,3.841889374350629,3.95274069160899,4.2882063609534065,4.859083333333333,5.229708333333333,5.143091993583084,4.612149788577784,5.212778900955252,5.365184852717329,11.126666666666667,10.976666666666672,9.846599138374447,9.287985839517615,10.228230695055322,0.0
2007-05-31,PREMON,6.63,8.464,10.39,6.600000000000001,4.7725,4.57,12.81,6.016845238095239,6.293229166666666,6.1488864793449185,5.87167715503964,7.347928510598885,6.5237460375021765,8.4535,8.711,8.559750494570288,8.318817542880653,9.770213658439014,9.925157644943464,6.606666666666667,6.977916666666664,8.143899416647411,7.82811891714686,8.563686268408926,10.195377466461803,5.560208333333334,5.893214285714289,5.7827753809314775,5.575690252577142,6.679887153059436,7.132571605695735,4.225375,4.341250000000002,4.271064592037399,4.167026433126883,5.473832911213851,5.067077972558518,4.512416666666667,5.101583333333333,4.913855196149851,4.58671852227119,5.898757096076672,6.133195835988592,11.304375,10.801666666666673,11.031959483024668,9.344856737607964,10.466299154793424,0.0
2007-08-31,MONSOON,7.055714285714287,8.234,5.175000000000002,5.6433333333333335,4.5200000000000005,3.5700000000000003,13.4875,5.460977182539682,6.417157738095239,6.511617601892666,6.1196525404175395,6.761308133723109,6.17495462720401,8.142750000000001,8.687000000000001,8.429450296742173,8.254556616651048,8.359125857032668,7.584410356340614,5.957708333333334,6.912499999999998,6.956339649988447,6.906382106993404,8.43659490386404,7.5141104590018495,5.236458333333334,5.840833333333337,5.72699856189222,5.56080821338611,5.894194364687973,5.500205864900478,3.8791249999999997,4.390625000000002,4.370638755222439,4.259016368170678,4.504085441627207,4.105848359285379,4.318708333333333,4.616583333333333,4.376313117689911,4.5569570436426,4.759833887042858,4.220413728795235,11.397395833333334,11.451666666666672,12.0141756898148,9.417427722563247,12.431141272058701,0.0
2007-11-30,POMKH,3.01375,7.1720000000000015,2.523333333333333,3.188333333333334,2.178,4.015,9.878333333333332,5.376671626984127,5.616532738095239,5.112470561135599,5.511929477490696,4.294517662238289,4.448749722022762,8.0759375,8.220000000000002,7.926470178045305,7.884878611488287,7.171874353997662,6.590922481847086,5.393958333333334,6.3008333333333315,5.183137123326401,5.427890269586981,4.187586965352788,4.033468200704226,5.125000000000001,5.279583333333337,4.711532470468665,4.688775687159037,4.062163798418174,3.5749279775447027,3.5175625,4.060125000000002,3.493583253133463,3.3833712108690417,3.171093715613358,3.0566888426984766,4.330625,4.40825,4.231787870613946,4.529514105326524,3.5170198023338095,3.418001740517018,10.967708333333334,11.157083333333338,11.159838747222214,9.395388048328083,8.711986865489088,0.0
2008-02-29,POMRB,4.522222222222221,8.392000000000001,4.37,5.341666666666666,3.322,4.761666666666667,10.375,5.594568452380951,5.305421626984128,4.8763712255702485,5.325351855695129,5.3339500299225655,4.9465940962274715,8.01275,8.065500000000004,8.112682106827183,8.003987442074926,8.25821102399335,7.75934215702693,5.065833333333333,5.614583333333332,4.857882273995841,5.043424077293109,5.321654872193733,6.221471914749417,5.140416666666667,5.193333333333336,4.963586148947865,4.885648249217076,5.411319791890755,4.8333393485774385,3.2615000000000003,3.698125000000002,3.424949951880078,3.3198799674312722,3.3979140046539404,3.4720668666616064,4.532916666666667,4.229166666666666,4.443739389035034,4.505759549370786,5.044288368431941,5.286923425441815,8.643020833333333,11.637708333333338,10.845903248333329,9.3867201890494,10.309379796825553,0.0
2008-05-31,PREMON,7.1999999999999975,8.5475,8.625,6.053333333333334,3.3280000000000003,5.381666666666668,7.4499999999999975,5.839027777777777,5.447921626984127,5.805822735342148,5.710074914990831,6.028269611394973,5.874953610183763,7.934875,8.086375000000004,8.28660926409631,8.133698742807464,9.235300101225418,8.823911233862741,5.1816666666666675,5.173333333333332,6.364729364397505,6.173084686691147,6.53707845963876,7.914797110850249,5.108625,5.056666666666669,5.399485022702052,5.262011899653199,6.7296617567903345,6.427701604576735,3.2895000000000003,3.3370000000000015,3.386169971128047,3.2847187802121183,4.343616032762524,4.073271550339735,4.670833333333333,4.432083333333333,4.818910300087688,4.485091683480433,5.6453026483661075,5.593472870023182,7.0735416666666655,10.297708333333336,9.487541948999997,9.303348297232118,10.610143104797933,0.0
2008-08-31,MONSOON,8.22888888888889,7.645,4.315,6.3133333333333335,3.9160000000000004,4.376666666666666,0.25,6.003749999999999,5.741215277777777,6.775049196760845,6.224125564533046,6.472990701021951,6.591399075578765,8.023875,7.939125000000002,8.029965558457786,7.946538077605562,8.079177190220285,7.505373230721635,5.6606250000000005,4.958333333333332,5.544837618638502,5.522483368449502,6.540856412097141,6.261358203953367,5.129125,5.224166666666669,5.765024346954565,5.594886434836552,5.943968968418862,5.56042210889586,3.5805000000000002,3.1860000000000017,3.5981019826768286,3.4974301695020067,3.1714045816042375,3.201990439876571,4.7752083333333335,4.633749999999999,4.642012846719279,4.460042030810132,4.558467025845584,4.772621330695404,7.254687499999999,6.988333333333336,5.7925251693999975,9.037902295484965,12.4004983918249,0.0
2008-11-30,POMKH,3.79625,7.138000000000001,4.3100000000000005,2.2640000000000002,3.006,4.3116666666666665,10.56,5.958715277777777,5.936840277777778,5.583529518056507,5.75193142987329,4.803855983169051,5.018267420741726,8.3234375,7.930625000000002,7.673179335074671,7.66223795581656,6.76450733041328,6.433061605808685,5.686875000000001,5.404999999999999,5.0509025711831015,5.086963927996558,2.8099766984353223,2.5165087789455054,5.544333333333333,4.9930833333333355,4.364614608172739,4.38591193825658,4.1119384021490735,4.102087478313701,4.0207500000000005,3.3930000000000016,3.361261189606097,3.2618376998539014,2.3078355450867942,2.5536280787624563,4.916666666666667,4.707916666666666,4.509874374698234,4.434944071461866,3.419845073823858,3.3982346293544294,7.755937500000001,7.158750000000003,7.6995151016399985,9.044421397042495,8.250722920865107,0.0
2009-02-28,POMRB,5.057499999999999,9.138,6.415,6.43,4.822,5.3,11.1425,5.652048611111111,6.070659722222222,5.373117710833904,5.624762050017517,5.992375033001676,5.399093756988696,8.800125000000001,8.117125000000001,8.259107601044803,8.079167897937593,8.004778986331955,7.627098939951796,5.54875,5.916249999999999,5.596541542709861,5.482215459396294,5.526974276534075,6.779382179562484,5.886,5.265166666666669,5.190768764903643,5.073634159542322,5.4610943956216405,4.389803206624549,4.4493125000000004,3.7680000000000016,3.945556713763658,3.8436853264924316,3.6241793875962767,3.9952034734511193,5.0874999999999995,4.842499999999999,4.82592462481894,4.4146271354718385,4.93951812191454,5.402960814405649,9.493125000000001,7.350625000000003,9.076709060983998,9.065677401335627,9.871297564757702,0.0
2009-05-31,PREMON,6.304444444444441,10.198,6.789999999999999,8.286666666666667,5.35,5.974999999999999,10.6925,5.247239583333332,5.846770833333332,5.7456484042781195,5.77158725361776,6.6194831215495125,6.338050049832128,8.811,8.529750000000002,9.034664560626883,8.691219863853782,9.393922548565723,9.08726694421923,5.576875,5.457499999999999,6.073924925625916,5.867967585989331,7.662698160843937,9.26290027798179,6.268625,5.823500000000003,6.429127925608853,6.167259087976543,6.779436360521235,6.850627413964841,4.7110416666666675,4.273500000000001,4.507334028258194,4.397421754478557,5.390432582612182,4.970378515464306,5.0527083333333325,4.990833333333332,5.285554774891364,4.397627650213219,5.5732210815140615,5.4671069874181235,9.947916666666668,8.161250000000004,9.723025436590397,9.074780390438226,10.19841859184851,0.0
2009-08-31,MONSOON,6.671111111111113,9.808,5.045,6.8133333333333335,5.3225,5.15,10.905,5.053993055555555,5.457326388888888,6.115833487011317,5.9625803304827905,6.252752703923268,6.283309409706337,8.26675,9.070500000000003,9.343998736376129,8.99342174576587,8.85288381895392,8.492096087855888,5.286875,5.639999999999998,5.66235495537555,5.556795674506695,6.1854259809166585,5.055712524928466,6.444375,5.948500000000003,6.582810088698645,6.3514891698623215,5.993743572149795,6.489728059165512,4.643270833333333,4.6251250000000015,4.833400416954916,4.713938542484481,4.846442982681824,4.615495952359582,4.825416666666666,5.184166666666666,5.231332864934818,4.377048933341481,4.523729651853652,4.818885381529168,9.009895833333333,10.825000000000005,10.195815261954237,9.089062998557912,12.096010518233896,0.0
2009-11-30,POMKH,2.1155555555555554,5.061999999999999,3.805,4.825,3.693333333333333,3.26,3.543333333333333,5.056111111111112,5.037152777777777,4.515722314429012,5.206631229065115,3.853613070245124,4.096199031270106,7.45725,8.551500000000003,7.631199241825677,7.747436545992755,8.11100384697162,8.021189131069365,5.213749999999999,5.513749999999998,4.91941297322533,4.945343583271479,2.9975328871542057,3.9921736106694574,6.073541666666666,6.588750000000003,5.879686053219187,5.771185000260726,4.161713005880013,4.448295255266019,4.288645833333333,4.796958333333334,4.377373583506283,4.254137507320052,3.809879120291949,3.5321676968363147,4.520833333333333,4.921249999999999,4.442799718960891,4.348026741893051,3.4646073588980584,3.6398377806793616,8.968958333333333,9.070833333333336,7.534822490505876,8.914275000227107,8.294822543809744,0.0
2010-02-28,POMRB,5.192222222222223,6.860000000000001,4.6,5.275,3.5925,4.533333333333332,10.655,4.873281250000001,5.070833333333333,4.786322277546296,5.214098276486568,4.643464958567475,4.449784912940403,6.3633750000000004,7.982000000000003,7.322719545095407,7.439877506779418,7.940219036275236,7.586437906572911,5.331874999999999,5.059999999999999,4.791647783935198,4.796532597064205,5.36807920220449,6.7766153942187355,5.764166666666667,6.3000000000000025,5.637811631931513,5.556865856688898,5.510868999352618,5.382754317588438,3.838958333333333,4.489583333333335,4.06342415010377,3.9422039720186626,4.601379380334145,4.538512306702387,4.161458333333333,4.7295833333333315,4.479013164709867,4.325111280098582,4.917283822216412,4.841965272814377,8.137083333333333,8.948958333333337,8.782893494303526,8.926841119031119,9.6885079418262,0.0
2010-05-31,PREMON,6.1866666666666665,6.000000000000001,8.02,6.4750000000000005,3.7425,4.305,10.8525,4.947604166666667,5.041388888888889,5.346460033194445,5.418562229576741,6.080312574424687,6.405821915935,5.71775,6.932500000000003,6.793631727057244,6.964462513674016,8.416786389589703,7.535184374764295,5.110625,5.367499999999999,6.082988670361119,5.811352572455489,6.67533652652094,6.752229436762487,5.519791666666666,5.847083333333336,5.972686979158908,5.840905813925426,6.829210964252195,6.109866320385541,3.3316666666666666,4.087708333333335,3.935054490062262,3.81731740757662,4.946056816267151,4.199644699878602,3.9616666666666664,4.312083333333332,4.40940789882592,4.301383055721387,5.518335249591551,5.4509567657398845,8.247708333333334,8.988958333333336,9.610736096582116,8.944101264446703,10.001556959096893,0.0
2010-08-31,MONSOON,5.32625,5.255,4.76,6.15,3.3325,3.945,4.09,5.383864087301586,4.705173611111111,5.338376019916667,5.410902257548532,5.943570672915,6.243631002622322,5.4621875,5.7942500000000035,6.178179036234345,6.4086324367224705,6.5478220568104035,6.058127651638966,4.852499999999999,5.296249999999999,5.553793202216671,5.426200124309482,6.307299598858708,6.562087628801052,5.265000000000001,5.681250000000002,6.043612187495345,5.9090112662013325,6.0435181758807275,5.790559497975566,2.9375,3.5902083333333352,3.6940326940373573,3.5806522954186395,3.6527722418807835,3.6348015408445655,3.8854166666666665,4.010833333333332,4.223644739295552,4.27624222716175,4.397867374744979,4.056396628346306,9.460833333333333,7.285208333333337,7.40244165794927,8.78755830120584,11.906301336921617,0.0
2010-11-30,POMKH,4.055,4.449999999999998,2.32,3.533333333333333,1.625,2.8666666666666667,11.243333333333334,5.6511458333333335,5.190034722222222,4.82502561195,5.1510383327944,2.9791762100090122,3.1876334042877623,5.424687499999999,5.641250000000003,5.486907421740606,5.779012535079189,4.879142664364926,4.237159844750351,4.78625,4.924999999999999,4.2602759213300025,4.374510551432316,2.915867960511837,3.434608645652919,5.120208333333333,5.358333333333335,5.0395006458305405,5.03343999328243,4.211487609610934,3.776965465908356,2.6774999999999998,3.073125000000002,2.866419616422414,2.762634479775236,2.1032059889358075,2.239528809521978,3.5502083333333334,3.912499999999999,3.680853510243998,4.246402370384878,3.2547854016174225,3.6317835154262066,8.402395833333332,9.210208333333338,8.938798328102894,8.81890408599808,7.8854204102747385,0.0
2011-02-28,POMRB,6.742857142857141,5.4274999999999975,4.02,4.528333333333333,2.5075,4.316666666666666,12.659999999999998,5.888504464285715,5.577693452380951,5.592158224312857,5.478967723077982,5.30479335873293,5.567621870998355,5.819374999999999,5.283125000000002,5.463144453044363,5.644719676045008,5.788496882600974,5.737203188159263,5.5075,4.779999999999999,4.164165552798002,4.226905270816504,4.584395845007814,5.127121734465106,4.7745,5.171666666666669,4.835033720831658,4.8210999744077565,5.560643603083519,5.199122080249391,2.5190625,2.801875000000002,2.722851769853448,2.629374334123231,2.6617215303086192,3.0641105445762777,3.3027083333333334,3.8583333333333325,3.935178772813065,4.223481558038559,4.687344197539492,4.555072405591796,7.901458333333332,9.711458333333336,10.427278996861737,8.885638030350286,9.53228972714571,0.0
2011-05-31,PREMON,6.774285714285716,7.132499999999999,8.07,6.063333333333333,2.7475,1.8400000000000003,0.38,6.063973214285714,5.724598214285713,6.0650092203020005,5.748372564043913,7.2270082950206955,7.2659708567994725,6.3225,5.566250000000002,6.130886671826618,6.074614076998485,6.561591366243324,6.472231662630033,6.35625,4.7924999999999995,5.726499331678801,5.4477514883067375,5.99354577762996,7.366763428671242,4.640875,5.068750000000001,5.326353565832328,5.224101058214784,6.878985567983084,6.000972011101403,2.5803125,2.5531250000000023,2.7327110619120685,2.6458818228360936,3.5569771531864376,3.4292128294121147,3.5462500000000006,3.2420833333333325,3.0971072636878394,4.189437081545188,5.255508035829657,5.422415799333844,8.685104166666665,7.093333333333337,6.408367398117043,8.635729352731904,9.913037209094394,0.0
2011-08-31,MONSOON,6.637500000000001,7.28,10.48,3.7960000000000003,3.06,4.4300000000000015,10.555,5.9587723214285715,6.052410714285713,6.294005532181201,5.937244595992258,6.785132508037787,6.536612415244902,7.008750000000001,6.0725000000000025,6.590532003095971,6.416003470539329,5.924419779773292,5.987049541615303,6.621250000000001,6.2225,7.62789959900728,7.046998756569485,5.991587203092532,6.077373303744391,5.016500000000001,4.480250000000002,4.714212139499397,4.686176394103434,6.09329277961161,5.626237849217242,2.8537500000000002,2.4850000000000025,2.863626637147241,2.779741214253095,2.5175622023498097,2.9428228813713333,3.7968750000000004,3.3633333333333333,3.6302643582127043,4.167560829899545,4.046989059395918,3.0225717491295496,7.788125,8.709583333333338,8.067020438870227,8.653872194745643,11.479407604284017,0.0
2011-11-30,POMKH,4.1475,6.450000000000001,3.39,4.818333333333333,2.3875,4.33,11.0475,6.005084325396826,6.075535714285714,5.43540331930872,5.591839486315016,4.077085322821094,4.025121015462304,7.5751875,6.5725000000000025,6.534319201857583,6.396902100278884,5.34764658546564,5.533964971938144,6.5425,6.49,5.932739759404368,5.80398470637367,5.619520948709423,6.521079233182447,5.185250000000001,4.8015000000000025,4.755860617032971,4.700124525616585,4.26126221334178,2.8362548391334013,3.11875,2.675625000000003,2.6731759822883445,2.5918362706181974,1.5237614285127568,1.991297265607759,4.307333333333334,3.729166666666666,3.9101586149276226,4.1454513807602895,2.9370396648894457,4.126118345814096,7.0581249999999995,8.660625000000005,9.259212263322135,8.68410590389784,7.6719798490955124,0.0
2012-02-29,POMRB,5.808749999999999,8.9175,5.07,6.248333333333334,3.9325,4.858333333333333,5.68,6.203310391865079,5.8420089285714285,5.584741991585231,5.646238751409939,5.853968470112247,5.75895980473848,7.504576388888889,7.445000000000003,7.48759152111455,7.139796906603216,6.888419253760672,7.224091291054857,6.1015625,6.7525,5.587643855642621,5.522268768466218,6.470813856136375,5.881359197027299,5.390541801948052,5.231500000000003,5.352849703553116,5.211458328920642,5.6104182068143835,5.82449012906228,3.353776041666667,3.031875000000003,3.176905589373007,3.0942647644270687,2.9467695892264887,3.500459172680795,4.783286458333333,3.864583333333333,4.289428502289907,4.125990393139876,4.44954059284946,4.371151251700201,7.059479166666666,6.915625000000006,7.827527357993281,8.57590627820252,9.31546981409144,0.0
2012-05-31,PREMON,8.078888888888889,8.174000000000001,6.39,5.6933333333333325,3.4425000000000003,5.3820000000000014,1.52,6.601094990079365,6.168159722222221,6.582400750506694,6.142965915795843,6.966634910269093,6.762532203600216,7.3146111111111125,7.705375000000004,7.762154912668731,7.423834357999145,8.646915615212642,8.742446527985486,6.393125,6.3325,5.908586313385572,5.764379648814781,7.4615456432420135,8.237247268814992,5.900506222943723,5.139000000000003,5.489043155465202,5.344627349039886,6.928760171713973,6.8193623339404,3.682864583333334,3.205625000000003,3.2831433536238044,3.196776736680739,4.576392389562761,4.289061652228473,4.944406250000001,4.750083333333333,4.726457101373944,4.109141298573434,4.9483330072844,5.470941944016014,5.618645833333333,7.200625000000006,5.304516414795968,8.36426238768998,9.472207412206556,0.0
2012-08-31,MONSOON,6.918705357142858,5.673611111111112,8.6325,5.808334415584415,4.245208333333333,4.6956250000000015,9.425833333333333,7.443329613095239,6.238461061507936,6.71692259316116,6.309991690287165,7.378894868280349,7.315160378083498,7.074090277777778,7.303777777777782,6.926737392045683,6.853401537795775,7.579387138890906,7.738670885308794,7.331041666666667,5.8706249999999995,6.998151788031343,6.656338257706544,5.884800001675871,7.424838235278409,6.106523538961039,5.642083603896107,5.616759659512887,5.470490653530782,6.143067383342493,5.746947355686923,3.8781324404761905,3.5019270833333365,3.6679693455076157,3.5761611995912723,3.3279862590669635,3.411546209170315,5.116697916666667,4.816489583333334,4.7141242608243665,4.089340880299272,4.055611912589143,4.043126089082708,4.617395833333333,6.918333333333338,6.953043182210914,8.361401236847577,11.079353593815544,0.0
2012-11-30,POMKH,7.048571428571428,6.536666666666666,7.57,6.885714285714287,3.835,5.3533333333333335,0.65,8.251319196428572,6.9637289186507925,6.849582127325267,6.469932880517121,4.5002597589690225,4.251788388869263,6.850986111111111,7.325444444444448,6.770709101894076,6.7248218065566485,5.657993781600367,5.273876280702219,8.10125,6.9156249999999995,7.226891072818806,6.9050830800788825,4.641942094820069,4.180813221778074,6.444404694264069,6.1589288419913455,6.124341509993447,5.92976502001822,4.311036817072692,3.4411219302415956,4.5690252976190475,3.8638020833333364,3.734781607304569,3.637600719025249,2.5756248492278884,2.816468393985449,5.295267361111112,5.072322916666668,4.969807889827953,4.0727675615802434,2.9983909427983226,3.4250586096495423,6.238690476190476,4.318958333333338,4.431825909326548,8.13373038948972,7.239108735146952,0.0
2013-02-28,POMRB,9.645555555555557,6.906666666666666,8.393333333333333,5.829090909090907,4.047142857142857,5.213333333333334,8.067499999999999,8.709691344246032,7.922930307539681,7.967971498617382,7.116579593001207,7.629534016070116,7.451775083622297,6.888090277777779,6.822736111111115,6.825092127803112,6.749601195789407,7.10654550654628,6.958364794085781,8.740729166666666,7.746458333333333,7.693467977024617,7.339173162979814,8.073314044333651,8.635639098362256,7.091262987012987,6.054118235930739,6.006241269632431,5.853296219149887,5.660192810545326,6.557947960574417,5.442228422619048,3.892462797619051,3.8597261072398847,3.758176255010581,4.253505612705468,4.497886895034062,5.592039930555556,5.161072916666668,5.0672180672301055,4.055745367904517,4.531252391399841,5.161375625109623,7.837485119047619,4.915833333333338,5.8860955455959285,8.102796363306522,8.548530690645537,0.0
2013-05-31,PREMON,10.706,8.4,9.228333333333332,8.815625,8.855,6.455555555555558,12.102857142857143,8.666460317460318,8.579708085317458,9.063182899170428,7.84709707183579,9.867187779449939,9.107113575296095,6.837361111111111,6.8792361111111155,7.455055276681867,7.224239564905576,7.946067130326858,7.777317367298551,9.320916666666665,8.456041666666666,8.307414119548103,7.900671741856425,9.924892685901725,9.359525480270609,7.166763392857142,6.834691152597407,7.129994761779459,6.8534408127707,6.978534775444909,6.78258742652999,5.765744047619048,5.245587797619051,5.857835664343931,5.738742776274175,5.115171393817851,4.2677653563203535,5.589737103174604,5.429461805555557,5.622553062560287,4.044613979067261,5.052847179817289,4.677175570405016,9.491672619047618,7.561547619047624,8.372800184500415,8.176178066659281,8.78818150051993,0.0
2013-08-31,MONSOON,7.958571428571429,5.7444444444444445,10.91,7.86090909090909,5.8183333333333325,5.99625,11.633333333333333,8.237373015873017,8.839674603174602,8.62133831093083,7.884933268779403,10.130208187405993,8.922613283790128,6.740850694444444,6.89694444444445,6.770810943786898,6.73758568106476,7.260667764018591,6.909043348631208,9.71225,9.025416666666667,9.348448471728862,8.822941156155027,8.535733952680914,9.008947164203365,7.004198457792207,7.3478348214285765,7.422360493431311,7.159878516031663,6.192841987073475,6.778270126576509,5.958226190476191,5.638869047619051,5.842034731939691,5.70399568570809,7.006459669846889,7.069338597395803,5.283033234126984,5.754618055555557,5.772031837536172,4.031538573696406,4.223967025562221,4.962282464687699,11.260860119047617,8.113422619047626,9.677013444033582,8.235383267152397,10.745360225441775,0.0
2013-11-30,POMKH,5.662857142857143,6.06,9.934,5.437142857142856,4.85,4.034285714285714,11.675999999999998,7.606285714285715,8.49324603174603,7.437945843701354,7.457111964007359,6.317496336146658,5.2173640346527925,6.234201388888889,6.777777777777783,6.48648656627214,6.498972116433366,5.499882566877282,5.545667435371476,9.907354166666668,9.616416666666666,9.582669083037317,9.120077799136514,7.106065695972595,7.85588406500572,6.785418492965368,6.985691964285719,6.628273438915929,6.505026621893553,4.360811420803705,4.292338999159509,5.537958333333334,5.89261904761905,5.445220839163815,5.298910191663837,4.8978140920501225,3.965475976901207,4.900984623015873,5.424856150793653,5.076933388235989,4.009638888583343,3.2919647422834593,3.5623137760167363,11.640398809523811,10.869922619047626,10.476608066420148,8.293951830319662,6.982433632336396,0.0
2014-02-28,POMRB,7.598571428571428,6.61125,9.16,5.977142857142858,4.572,4.07875,11.195,7.2053125,7.981499999999998,7.5021960776493835,7.500157929442434,7.698658265152153,7.025055499974753,5.598298611111111,6.703923611111117,6.536391939763284,6.503474868713999,6.817097494686311,6.7456321881910295,9.690375,9.808083333333332,9.41360144982239,9.066110293049451,10.487350809572451,10.3744404577288,6.2438219696969695,7.0227049512987065,6.3678212062067,6.274484784549129,5.709967414276316,6.085855162929693,4.9210416666666665,6.023833333333336,5.09593250349829,4.948975884707097,5.733591920619998,5.112805847134032,4.462633928571429,5.141210317460319,4.677660032941593,3.9881625886436947,4.702367889119521,4.8699764900538005,11.602958333333332,11.651797619047628,10.76396483985209,8.338482650729132,8.656142495212205,0.0
2014-05-31,PREMON,7.704285714285715,4.642222222222221,10.0225,6.917333333333333,4.968000000000001,4.53375,12.011666666666667,6.888660714285713,7.231071428571426,7.583031932303916,7.55579681908048,8.781378551879955,8.238934725489791,5.189975198412698,5.764479166666673,5.778724052746859,5.903256327478612,7.654158309880042,7.556496731666067,9.392375,10.006625,9.657160869893435,9.311077869134355,11.514832488918714,10.111838315845763,5.803697172619047,6.548132034632039,6.587626057057353,6.456838424428234,7.028309379175901,6.384523026779365,4.531874999999999,5.052083333333336,5.044759502098975,4.899308609748913,5.9798905804948275,5.111405157993763,4.092254464285714,4.66075892857143,4.620096019764956,3.968989248513456,5.194273754295546,4.620996608026988,11.385958333333333,11.629000000000008,11.26304557057792,8.402640491922808,9.002434827688777,0.0
2014-08-31,MONSOON,7.752499999999999,4.415000000000001,8.379999999999999,5.426428571428572,4.7700000000000005,4.41125,11.425,6.3156026785714285,7.17955357142857,7.650819159382349,7.610064422763803,7.998732790574401,7.320717000540937,4.621738591269841,5.432118055555562,5.233234431648116,5.420087328136402,5.539820511747896,4.974606316270828,8.998875,9.374125,9.14629652193606,8.939405047272505,9.727588210555417,9.79557611002002,5.54065625,5.939511904761909,6.12314706280584,6.050084895390374,6.242616590804436,5.8157980540216,4.0635,4.790000000000003,4.934855701259385,4.791310606358894,4.810079099489598,4.367210719766387,3.87046875,4.26450892857143,4.536557611858973,3.949457706030907,4.283582640229341,4.359375416878665,11.095312499999999,11.576916666666675,11.327827342346753,8.449889406665488,10.961053208110553,0.0
2014-11-30,POMKH,3.3357142857142854,4.122857142857144,10.08,4.350625000000001,2.785,2.65625,10.148333333333332,5.670262896825396,6.5977678571428555,5.924777209915124,6.772101915720785,5.236871418376579,5.224023479169661,4.2966170634920635,4.947832341269848,4.789083516131727,4.997672700969575,3.940406249783622,3.8110366044339568,8.019062499999999,9.410625,9.519777913161636,9.245307823346039,6.436062202385916,6.700959727033358,5.278495535714287,5.667882440476196,5.414138237683504,5.411102350705579,4.410586024534629,3.7142284682023057,3.669437500000001,4.273750000000003,4.074913420755632,3.939177556022884,3.4410157611726646,3.37049834052083,3.64671875,3.9200000000000013,3.784434567115384,3.9220838400421147,3.238333773266592,3.599511868310808,10.552916666666667,11.195000000000007,10.856029738741384,8.463041251190086,7.1954036318762595,0.0
2015-02-28,POMRB,5.34125,4.0025,5.8660000000000005,4.959333333333333,2.89,3.6825,10.3975,5.059588293650793,6.033437499999998,5.691366325949074,6.4999834342713285,5.937706531729053,5.843386254879237,4.339151785714286,4.295644841269848,4.474450109679037,4.669753545613545,5.101913549791731,5.419999024365712,7.1450625,8.587125,8.058266747896981,8.076608434364983,10.225553098131021,10.118073102961455,5.0554241071428585,5.413430059523814,5.232216275943436,5.214883074828163,5.759742018007224,5.483328900812598,3.3675,3.8532500000000036,3.6009480524533792,3.4769881351126473,3.884984665476207,3.6885364235060676,3.38390625,3.820937500000001,3.74366074026923,3.89966287353949,4.536223674111984,4.396608341843047,9.787083333333333,10.995625000000008,10.672617843244831,8.48219403922301,8.8231248297385,0.0
2015-05-31,PREMON,4.7988888888888885,4.65,5.478,5.837857142857144,3.4975000000000005,3.14,8.47,4.885838293650793,5.307088293650792,5.334375351125,6.173389066086804,6.749517252742475,6.9895871741618585,4.121250000000001,4.297589285714292,4.544670065807422,4.6422168258365435,5.5705672227212,5.363313457941658,6.195062500000001,7.4510000000000005,7.026160048738188,7.170803632133307,9.736175453037177,8.120341158933513,4.6403340773809525,5.143561011904767,5.4744726227089195,5.397598782847908,7.078083982906792,6.2454962756745225,3.204375,3.4856250000000033,3.5595688314720277,3.4449313711387104,4.238613200593554,3.9824958596213342,3.1606026785714287,3.472500000000001,3.5021964441615383,3.874974113895423,5.011692546567917,4.847781749944437,8.979166666666666,10.11020833333334,9.7915707059469,8.451392215757643,9.146953621457108,0.0
2015-08-31,MONSOON,5.772499999999999,4.7475,5.932500000000001,4.721333333333333,3.825,3.702500000000001,8.84,4.8531820436507935,4.812088293650792,5.509625210674999,6.105642418085722,5.490111694283524,5.734901647175529,3.810639880952381,4.380714285714291,4.625802039484453,4.653118730857158,4.318477069602998,4.060027096683164,5.402125,6.839125000000002,6.588696029242913,6.714769023290784,6.565318113649072,5.671107829061958,4.224575396825397,4.967287202380957,5.173216906958684,5.122603807876532,6.292391194535311,5.589600702440363,3.1503125000000005,3.2493750000000032,3.665741298883217,3.556030283335228,3.2432389158286794,3.439223252872487,2.8318303571428576,3.2953125000000014,3.5823178664969237,3.853096210256933,4.063722170819612,3.7605319212281887,7.5215625,9.463958333333341,9.41094242356814,8.43097223070672,10.993584005851982,0.0
2015-11-30,POMKH,3.9257142857142853,2.0471428571428576,4.9275,1.735,2.425,1.5785714285714287,6.2700000000000005,5.234236111111111,4.959588293650792,4.876060840690714,5.682698551093769,3.0167620789483007,3.9712889932875415,4.026101190476191,3.8617857142857197,3.594338366547815,3.8332258380578046,3.3596948219904696,4.001136751633814,5.798500000000001,5.551000000000002,5.9242176175457475,6.0832580772900595,3.631355877349304,5.987369514418265,4.285941544566544,4.313380952380957,3.7979301441752105,3.896977044364692,4.460360628265493,3.535551025764441,3.5096875,3.1593750000000034,3.16944477932993,3.0657660992033975,2.274770553307997,2.683743636019829,2.7152678571428575,3.0258928571428587,2.780819291326726,3.8216954530738887,2.9632650932375326,3.6191890569271585,6.9371875,8.494375000000009,8.154565454140883,8.345289004911924,7.147052588262102,0.0
2016-02-29,POMRB,4.49,3.5933333333333333,4.675,4.248888888888889,2.8175,2.1300000000000003,2.615,5.807477678571428,4.746775793650792,4.721636504414429,5.455946922896936,5.251303769402447,6.082216685531668,4.357552083333333,3.759494047619053,3.5939363532620225,3.7420859451359827,3.904829412652754,4.396794975707468,6.741250000000001,5.253250000000002,5.424530570527448,5.579847156372613,6.246362886077686,5.328641736734004,4.713638888888889,4.135769841269846,3.9783136420606815,3.9935987848097643,5.809516621738046,4.375877822768581,3.9821875,3.141250000000003,3.028666867597958,2.9317285558762265,3.2381297899752886,3.3610689721938476,2.8897991071428573,2.637767857142859,2.520491574796036,3.7930908106035854,4.204275939983731,3.6349937233060965,7.3736250000000005,6.548750000000009,5.93873927248453,8.16844491236121,8.651833890896214,0.0
2016-05-31,PREMON,8.698571428571428,6.782857142857144,9.84,7.03923076923077,6.445,3.7599999999999993,11.5775,6.292901785714285,5.721696428571427,6.312410474077229,6.113951684985763,5.9731438501357825,6.333145987636249,4.942909226190476,4.292708333333339,4.8695046691000705,4.656578709680065,4.698332515397237,4.403050456267114,7.5803125,6.343750000000002,7.190718342316469,6.926614663819581,7.151777513594178,6.299269821330454,5.649825244200244,4.436113247863252,5.202680492928717,5.035899082168146,7.127858586637603,6.082796456762854,4.338839285714286,3.878125000000003,4.3952001205587745,4.293000011033004,3.961762843463597,3.8780643064412152,3.4252901785714283,2.792767857142859,3.0162949448776213,3.772212007675295,4.575174025561962,4.388702755475367,7.117041666666667,7.325625000000009,8.19424356349072,8.226445273757543,8.725869828161292,0.0
2016-08-31,MONSOON,6.45875,5.266249999999999,9.1125,6.94153846153846,4.6575,4.47875,9.224,7.283794642857142,5.893258928571427,6.370946284446338,6.194912102960771,7.265844599578964,7.857426057154711,5.927849702380952,4.422395833333339,5.028202801460042,4.821961824985495,4.685207622843959,4.967224555733914,9.02725,7.138750000000003,7.959431005389882,7.587800871143526,7.455856040478372,8.63922593818817,6.7962141330891335,4.991164529914534,5.898223680372615,5.670476816274846,6.34216579826614,6.158442866200545,4.925334821428571,4.086250000000003,4.500120072335265,4.388110693256193,5.043543732227735,5.422000437908179,4.2421875,2.9868303571428587,3.601276966926573,3.7548379340993523,3.717907018866158,3.874638527532296,7.770833333333334,7.42162500000001,8.60614613809443,8.222439000612782,10.677624455096705,0.0
2016-11-30,POMKH,7.122857142857143,6.21125,8.459999999999999,7.004285714285714,4.445714285714286,5.08625,3.8333333333333335,7.783348214285715,6.692544642857142,6.6717106278106595,6.392418433611469,4.197875040173992,4.352783198363042,6.441741071428572,5.463422619047624,5.501421680876025,5.225462951620869,3.789101267516993,4.656611315925982,10.365437499999999,8.021875000000001,8.159658603233929,7.816199192141084,5.667197304309084,6.601972418722562,7.415288461538461,6.308485958485963,6.340648493937854,6.099762703384739,4.510135231996353,4.865719175032128,5.316584821428572,4.591428571428574,4.478357757686873,4.360248813889884,3.4516069006292027,3.204510344674913,4.507708333333333,3.8637500000000014,4.195266180155944,3.7404387376893564,2.62773618178724,3.414889219882255,8.543270833333333,6.8124583333333435,6.697021016189992,8.080406238166573,6.847684568293404,0.0
2017-02-28,POMRB,9.22,7.30875,12.718,8.150714285714287,5.48875,5.1575,10.282,8.270022321428572,7.875044642857141,7.691026376686396,6.969448725299806,7.532729164029793,7.782100354763198,6.7997098214285705,6.392276785714291,6.224353008525615,5.8397527523442,5.874010564962009,6.3026511616881375,11.07575,10.032625000000003,9.982995161940357,9.355560796774897,9.030907827958524,8.341178851964774,7.527781593406593,7.283942307692313,7.064674810648427,6.778017167460109,5.859291225468986,6.618780715821886,5.617834821428572,5.259241071428574,4.882514654612123,4.757977506874243,4.958599809438258,4.630938180190068,4.042805059523809,4.620625000000001,4.580159708093566,3.7265387236704375,4.026901750600134,4.731784029872443,7.900895833333333,8.729208333333343,8.131012609713995,8.10778012911551,8.277429022103195,0.0
2017-05-31,PREMON,7.965,7.178571428571429,12.5025,8.09,6.90375,2.856666666666667,10.09,8.431964285714287,7.691651785714285,7.800615826011837,7.181986578534341,9.590956771941062,9.166619875420855,6.8199330357142856,6.491205357142863,6.606040376543941,6.223107199239763,7.387466749752553,7.700220441953953,11.39325,10.698250000000002,10.990797097164215,10.311973105401755,12.566864823454678,13.544607197980202,7.056428571428572,7.546634615384621,7.474804886389055,7.191958625753972,7.177633190368601,7.604303550112421,5.8522767857142854,5.373928571428574,5.691008792767274,5.555080176659123,6.294733782449823,5.910856729115114,3.2307514880952377,4.394791666666668,3.890762491522806,3.702257947332214,4.599140834966006,4.473420458613243,7.343208333333332,8.357333333333344,8.914607565828398,8.129433854085812,8.60551818372282,0.0
2017-08-31,MONSOON,11.085714285714287,7.734285714285713,12.1325,6.790714285714286,6.60875,1.6628571428571426,5.5725,7.484129464285714,8.848392857142857,9.114655209892817,7.9753637951622425,8.508751054114944,7.486653077534492,6.318214285714286,7.108214285714292,7.0573385116406495,6.657509948033879,6.428790843783723,6.371988498297411,10.90375,11.45325,11.44747825829853,10.829284051676186,11.493961431031659,10.508448262021945,6.165267857142857,7.508928571428577,7.201168646119148,7.001146048378213,6.391940401997152,6.357276680596484,5.616562500000001,5.8617410714285745,6.058105275660364,5.9092771751907724,6.16912487475581,5.63967699705606,2.6254613095238097,3.6908184523809537,2.9996003520565404,3.6727288413386763,3.7574958098560582,3.390064549087593,6.312020833333333,7.444458333333343,7.577764539497038,8.034687427206578,10.513171871250018,0.0
2017-11-30,POMKH,3.7914285714285714,3.905,7.980000000000001,3.3842857142857143,4.37,1.4057142857142857,3.023333333333333,6.998571428571429,8.015535714285713,6.985364554507119,7.156172055470481,7.287738752666849,7.2034423510614625,5.632455357142857,6.531651785714292,5.79640310698439,5.783496612885033,5.831368028671406,6.090751326704844,10.30784375,11.333250000000001,10.060486954979119,9.821607880894597,9.195995429955099,9.185713995908072,5.8028571428571425,6.603928571428577,5.674415473385775,5.68195715757046,4.559909835727362,4.183354845677495,5.361640625,5.8428125000000035,5.382863165396218,5.229683264950549,5.109091264080604,4.623777429705687,2.621904761904762,2.770684523809525,2.3620459255196384,3.6422747842732526,2.590032201713726,2.351266740454127,4.309583333333333,7.241958333333343,5.755992057031556,7.877383532314391,6.568788717195455,0.0
2018-02-28,POMRB,4.968750000000001,5.601250000000001,9.282,4.641428571428572,3.67875,3.995714285714286,2.8425,6.755234375000001,6.952723214285713,6.178718732704272,6.733819387712161,7.117968330808838,6.173665304174872,5.00588169642857,6.104776785714292,5.718341864190634,5.701047130817991,6.123433223351061,6.185932665106346,9.9526875,10.474250000000001,9.74909217298747,9.573707176477239,10.554304520137983,10.438596091700305,5.888533653846154,5.726607142857149,5.261220712602894,5.277019600073483,5.90906582919994,4.7958822625567565,5.211015625,5.390312500000004,4.701217899237731,4.55331829202551,5.499542190333594,4.66921878859619,2.9395647321428573,2.4802380952380965,3.0155132695974975,3.6239550467587374,3.7641274411883967,3.4788703317791594,5.534270833333332,5.382083333333343,4.590595234218934,7.720042092320786,7.976806931895592,0.0
2018-05-31,PREMON,8.331785714285715,3.4,11.17125,8.7,6.674375,3.99,1.51,6.777589285714287,7.044419642857142,7.039945525336849,7.066119852411451,7.082309892565454,6.84136235553224,4.914129464285714,5.160133928571435,4.791005118514381,4.969764875212616,6.830072408068839,6.110086739171713,9.6479375,10.141437500000002,10.317955303792484,10.023802548763058,11.609323108167484,10.364960080435393,5.972507783882784,5.879107142857149,6.636732427561736,6.442992978751859,7.227407794099501,6.169425782209388,4.93515625,5.3329687500000045,5.4904807395426385,5.342972328436803,5.321178175510377,4.818909675216945,3.2353794642857143,2.7635714285714297,3.4053079617584983,3.605800771066947,4.1859713909032275,4.403298209574034,7.760416666666666,3.2370833333333433,3.35835714053136,7.533151096037254,8.067623201308246,0.0
2018-08-31,MONSOON,8.772232142857144,6.5002678571428545,10.6225,6.866126373626374,5.633125,3.0708035714285717,23.95,,6.466049107142856,7.732860172344966,7.420664316400372,7.569463027073357,7.947334514652307,,4.85162946428572,5.47471021396577,5.415854995967555,4.543341751307286,4.310131824127416,,9.763937500000003,10.439773182275491,10.145219379929987,10.349472130382424,10.237040413334087,,5.897960164835171,6.728490005987592,6.546989103264069,6.441715005728062,6.7160719609795585,,5.089062500000004,5.547538443725583,5.39641845499688,5.674977032416352,5.589949018005899,,3.115558035714287,3.271506205626528,3.5836220874991738,3.3979598378926754,3.6448077106618286,,7.831458333333343,11.595014284318816,7.926778380013431,9.701509042423679,0.0
2018-11-30,POMKH,6.283749999999999,4.405,7.051999999999998,3.9806666666666666,3.13875,2.364285714285714,2.455,,7.089129464285713,7.153216103406979,,5.5984405027867625,5.777531492645364,,4.97662946428572,5.046826128379462,,4.214496640229547,4.03391256320069,,9.531937500000002,9.084663909365293,,7.868659386138495,7.253007353087957,,6.047055402930409,5.629360670259221,,4.609684439458272,4.721885805961435,,4.781250000000004,4.58402306623535,,4.3047715547345495,3.9528314553995045,,3.355200892857144,2.908618009090202,,2.341279927314794,2.8281830522354876,,7.689375000000009,7.93900857059129,,6.361465884694603,0.0
