Date,Season,Gangeve,Naigarhi,Raipur Karchuliyan,Jawa,Sirmour,Teonthar,Hanumana,Rewa,Mauganj,Gangeve_Trend,Gangeve_SMA,Gangeve_EWMA,Gangeve_DES,Gangeve_TES,Gangeve_ARIMA,Naigarhi_Trend,Naigarhi_SMA,Naigarhi_EWMA,Naigarhi_DES,Naigarhi_TES,Naigarhi_ARIMA,Raipur Karchuliyan_Trend,Raipur Karchuliyan_SMA,Raipur Karchuliyan_EWMA,Raipur Karchuliyan_DES,Raipur Karchuliyan_TES,Raipur Karchuliyan_ARIMA,Jawa_Trend,Jawa_SMA,Jawa_EWMA,Jawa_DES,Jawa_TES,Jawa_ARIMA,Sirmour_Trend,Sirmour_SMA,Sirmour_EWMA,Sirmour_DES,Sirmour_TES,Sirmour_ARIMA,Teonthar_Trend,Teonthar_SMA,Teonthar_EWMA,Teonthar_DES,Teonthar_TES,Teonthar_ARIMA,Hanumana_Trend,Hanumana_SMA,Hanumana_EWMA,Hanumana_DES,Hanumana_TES,Hanumana_ARIMA,Rewa_Trend,Rewa_SMA,Rewa_EWMA,Rewa_DES,Rewa_TES,Rewa_ARIMA,Mauganj_Trend,Mauganj_SMA,Mauganj_EWMA,Mauganj_DES,Mauganj_TES,Mauganj_ARIMA
1996-02-29,POMRB,8.06,11.99441176470588,6.89,9.455,12.75,6.109999999999999,3.41,8.508333333333335,5.9220000000000015,,,8.06,6.039741858977957,8.419061908561643,0.0,,,11.99441176470588,10.341054519141219,11.840346448233465,0.0,,,6.89,5.464013217348954,8.27175568535987,0.0,,,9.455,7.632438273452766,10.214361028172902,0.0,,,12.75,15.381557222369928,11.929719276294225,0.0,,,6.109999999999999,6.679209018014819,6.67936475947212,0.0,,,3.41,10.041842915466507,3.6137253450805518,0.0,,,8.508333333333335,7.002357433984358,8.653928573605926,0.0,,,5.9220000000000015,14.636902578345238,6.877258050099213,0.0
1996-05-31,PREMON,11.0775,13.757333333333333,11.83,12.48,14.255,8.286666666666667,7.19,10.821666666666665,11.162,,,9.267,6.482331649071387,10.676263026114663,3.686375754476443,,,12.69958039215686,10.92121964143683,13.703866445730583,11.994328191246296,,,8.866,5.701385768858816,9.793640912094327,6.889935403160634,,,10.665000000000001,8.145351386822435,11.183047845734617,9.454946898838982,,,13.352,16.657496233277605,13.674294424198905,6.35846932293853,,,6.980666666666666,6.796176024522219,8.998783539378449,3.5454396117799516,,,4.922000000000001,15.133348081397447,7.353324019914632,2.6586100030522905e-06,,,9.433666666666667,7.48310745206454,10.397247522674741,5.839670829386722,,,8.018,20.739611426331855,10.090843759907218,4.321041796528586
1996-08-31,MONSOON,2.6475,6.7009375,1.52,8.05,7.07,4.153333333333333,1.04,4.573333333333333,2.7960000000000003,6.7671875,,6.619199999999999,5.195859701822296,2.393567640072977,5.410913618295273,10.277780024509802,,10.300123235294116,10.232633179936634,6.799941457613135,13.214878772243113,6.983750000000001,,5.9276,5.587352947297273,2.814835866275753,10.193652692251094,10.33125,,9.619,7.897637443064059,8.773214888941641,10.9708324646805,10.919374999999999,,10.839200000000002,14.985670294165766,8.169001533245158,7.897002570203179,6.237083333333334,,5.849733333333333,6.605922732269587,3.6010740936254537,5.022759914056724,3.8074999999999997,,3.3692,11.649613278911435,0.5364409950967106,6.160194173013826e-06,7.621874999999999,,7.489533333333334,6.337681741529352,4.797655440592509,7.654582531785233,6.72425,,5.929200000000001,15.74742230300891,2.8248032604436197,7.199062064362556
1996-11-30,POMKH,5.0775,8.6584375,5.97,10.13,9.77,6.033333333333334,2.9,6.294999999999999,5.38,6.8950000000000005,6.715625000000001,6.00252,4.675295696424255,5.390073255320694,3.276247908626198,10.277780024509804,10.277780024509804,9.64344894117647,9.98309361520727,8.96163878680485,9.022511638429826,7.49125,6.552499999999999,5.944559999999999,5.62532836491485,4.900968385123624,4.3376041934462615,10.693125,10.02875,9.8234,8.045911185603968,9.28489429259886,9.99001572720358,10.86625,10.96125,10.411520000000001,14.085055243927217,8.868571421707967,6.862979992056436,6.512083333333334,6.145833333333334,5.923173333333334,6.565296135037331,4.613420796744144,3.856188555237577,4.05875,3.6350000000000002,3.18152,8.595517965655397,2.206028961086405,1.0638389690867562e-06,7.810625,7.549583333333333,7.01172,5.883284701925721,7.112015617999857,5.4050482677833775,7.376500000000001,6.315,5.70952,11.882305924131055,4.890524555296894,5.933604083201776
1997-02-28,POMRB,8.4725,11.99441176470588,10.34,11.875,12.415,6.84,4.79,9.086666666666668,9.196000000000002,7.034375000000001,6.818750000000001,6.990512,5.032972740933213,8.471224254769478,6.944875759787466,10.277780024509802,10.277780024509804,10.583834070588235,10.329284709206142,11.880652910087857,10.73571052159162,7.874999999999999,7.414999999999999,7.702736,5.808243955270789,8.412541159529043,6.631907825011525,11.64,10.633750000000001,10.64404,8.50026097933787,10.319086844317166,9.972116852954183,10.891874999999999,10.8775,11.212912000000001,14.002691032134013,12.15511568038239,11.870078716781904,6.951666666666667,6.328333333333334,6.289904,6.585911607724367,6.902034106810531,5.803483145289688,4.1000000000000005,3.9800000000000004,3.8249120000000003,7.007042947228939,3.923855110714602,3.4099970649362183,8.156416666666667,7.694166666666666,7.841698666666668,6.331727631698414,8.4186697710541,8.006466777684992,7.563750000000001,7.133500000000001,7.104112000000001,11.043600811062102,7.10475965010346,5.53405263797865
1997-05-31,PREMON,11.6875,13.757333333333333,12.44,12.955,14.165,9.756666666666666,7.82,11.753333333333332,13.106,7.0059375,6.971250000000001,8.8693072,6.165885016751305,10.835086172212254,9.814857267606751,9.957975337009803,10.277780024509804,11.853233775686274,10.91139238334822,13.728538814498261,13.02163856278215,7.73625,7.567499999999999,9.5976416,6.056049873748572,11.020923035050261,12.146914040758222,12.449375,10.752500000000001,11.568424,9.123068760146909,11.287773661878914,10.591494500488894,10.708124999999999,10.854999999999999,12.3937472,14.42456182230547,13.794729939398803,13.187296660860866,7.02625,6.695833333333333,7.676609066666666,6.815871102523716,9.34644249295011,7.897987842060415,3.96375,4.1375,5.4229472,7.82365597485609,7.870810536059134,7.660380175753443,8.383875,7.927083333333332,9.406352533333333,7.5764376324335005,10.41300687368473,10.586481880733926,7.20375,7.6195,9.5048672,13.036236389762433,11.419376592747005,11.771167913002689
1997-08-31,MONSOON,3.1525,6.7009375,3.98,15.15,7.365,6.2,0.7400000000000001,6.4079999999999995,2.35,6.6453125,7.097500000000001,6.58258432,5.35623635238782,2.68594020467439,3.347193446004801,9.638170649509803,10.277780024509804,9.792315265411764,10.224427864636485,6.8150438941107945,8.514775695249433,6.6525,8.182499999999997,7.350584959999999,6.013972677186278,3.8394490608546468,3.6718474050316185,12.20796875,12.5275,13.001054400000001,10.095038965017297,8.877940705085944,10.54501068522339,10.268125,10.928749999999999,10.38224832,12.468602886106416,8.250022986238642,7.064796060305051,6.787916666666666,7.2075000000000005,7.08596544,6.7721401327401765,4.225241010430162,4.904372838047356,3.5774999999999997,4.0625,3.54976832,3.7683490459815205,1.0757342964511762,1.195288218387558,7.979916666666667,8.38575,8.20701152,7.246669939557802,5.096000313627153,5.294763960166453,6.048125000000001,7.508000000000001,6.64292032,7.057503639429098,4.375771323743265,4.261760337629534
1997-11-30,POMKH,4.345,6.1,2.4,9.505,8.005,4.583333333333333,2.11,6.28,2.946,6.6215625,6.9143750000000015,5.687550591999999,4.914779645194618,5.745384044943693,4.7454318692509885,9.638170649509803,9.638170649509805,8.315389159247058,9.550948633278164,8.970883281742049,8.654156636255113,5.8149999999999995,7.289999999999997,5.370350975999999,5.920311000655904,6.396854428110305,6.329647169142415,11.9971875,12.37125,11.60263264,10.031069470481494,9.389620108743268,11.368880990953079,9.9125,10.4875,9.431348992,10.927929488563498,8.989670538182759,9.427201317056177,6.6674999999999995,6.845,6.084912597333333,6.614704139131485,5.588044920638412,6.474654160756531,3.04375,3.8649999999999998,2.9738609919999996,2.2672011132269896,2.5826547481010884,2.5981684868789494,7.36075,8.382,7.436206912,6.916551249490239,7.884362927592059,6.955315059053474,4.482875,6.899500000000001,5.1641521919999995,3.9312903351214117,5.7197708516412575,5.008129997707561
1998-02-28,POMRB,6.32,11.99441176470588,5.24,10.56875,10.66,6.383333333333334,2.49,5.87,2.385,6.799895833333333,6.3762500000000015,5.9405303552,4.989602035838073,8.504540471444464,7.533969087331142,9.394303462009804,9.638170649509805,9.786998201430588,9.96846322674038,10.893943469147302,10.105666631313866,5.511875,6.014999999999998,5.318210585599999,5.924265134657437,8.24517202351554,6.965820144063771,11.0515625,12.0446875,11.189079584,10.151445778261381,10.423812660461563,11.315172799885383,9.204375,10.04875,9.9228093952,10.487691875789531,11.92295300154183,11.479196577809889,6.260416666666667,6.730833333333334,6.204280891733333,6.598743610700664,7.279310499161588,5.706622538115781,2.7825,3.29,2.7803165952,1.843254662012701,4.074371483256602,3.9984238735956987,6.767041666666667,7.5778333333333325,6.809724147200001,6.5208552505411,8.948096274365115,8.585567673691822,3.73025,5.196750000000001,4.052491315199999,2.243802215697571,6.754640123678808,6.626813276267961
1998-05-31,PREMON,13.65,13.757333333333333,10.839999999999998,12.575,13.075,9.25,5.85,10.016666666666667,7.395,6.727291666666666,6.866875000000002,9.02431821312,6.8172458723342935,10.221395606140558,9.884576382727206,9.162311274509804,9.638170649509805,11.375132254191687,10.610122791769001,13.12455478628357,13.27996870081897,5.6028125,5.614999999999998,7.526926351359998,6.115247538281932,9.234049677021162,9.765921923928737,10.1521875,11.9496875,11.7434477504,10.608458044057603,11.39249947802329,11.303971854960949,8.473125,9.77625,11.18368563712,10.972548364085847,13.27734351948092,12.887002000132053,6.0525,6.604166666666666,7.42256853504,6.791152522531313,9.518262711855886,8.519080043569533,2.8337499999999998,2.7974999999999994,4.00818995712,4.323850946656222,7.546380419056527,6.929627797887326,6.386041666666666,7.143666666666666,8.092501154986667,7.357037273633111,9.786648633662397,9.354943927671208,3.9128333333333334,3.7690000000000006,5.38949478912,4.977823395398411,8.73423821567982,9.1250104493208
1998-08-31,MONSOON,2.6166666666666667,4.75,3.155,7.965,2.79,3.4500000000000006,0.62,3.395,2.04,6.766041666666667,6.732916666666669,6.461257594538667,6.013332906243225,2.83480815435564,3.948727447737239,8.662384803921569,9.150436274509804,8.725079352515012,9.648573365264431,6.445333530347696,7.737339827590694,6.115625,5.408749999999999,5.778155810815999,6.043888807657894,2.1139308288286527,3.0748347889043366,10.23171875,10.1534375,10.232068650239999,10.234003074562597,8.982666521230312,11.683809296141291,8.140625,8.632499999999999,7.826211382272,8.217002413869483,7.625387429963366,6.757774715272095,6.32625,5.916666666666666,5.833541121024,6.550421183939014,4.229904350056988,5.240044829604976,3.1525,2.767499999999999,2.652913974272,2.398801888363,0.43236828169456665,0.25954349632357404,6.896666666666667,6.390416666666667,6.213500692992,6.290547529954554,4.127077835070145,4.777607133723525,4.751458333333333,3.691500000000001,4.049696873472,3.306605177523062,0.597060025866953,-0.1960301560910076
1998-11-30,POMKH,4.3,6.195,3.9525,9.495,6.73,5.669999999999999,2.64,6.245,4.716666666666667,6.504166666666666,6.721666666666669,5.5967545567232,5.627868932569327,5.691578791413155,4.414367669287479,7.730916666666666,9.174186274509804,7.7130476115090065,9.085928244294697,7.987845647327349,6.4705923421244,6.110625,5.796874999999999,5.0478934864896,6.001244187171977,4.966998512595267,4.356009086156854,9.990625,10.1509375,9.937241190144,10.14207619060958,9.494345924887527,10.764676219555017,8.10875,8.313749999999997,7.3877268293632,7.199913229185675,7.625141291620581,6.845343274035146,6.646666666666667,6.188333333333333,5.7681246726144,6.4875364927233266,4.914049708253389,4.241191111641468,3.3875,2.8999999999999995,2.6477483845632,2.3991335627088137,2.0407248446180484,2.3465037637227653,7.430583333333334,6.381666666666667,6.2261004157952,6.126087726217069,6.284779761486709,5.343264721537301,5.4085416666666655,4.134166666666667,4.3164847907498665,4.015277429932345,3.1946822295247994,3.0774159956746248
1999-02-28,POMRB,6.675,7.9,7.79,11.215,9.275,7.486666666666667,4.51,9.99,7.323333333333332,6.332083333333333,6.810416666666669,6.02805273403392,5.8120902507779855,8.453341593836385,6.991300574062502,7.264374999999999,8.150583333333334,7.787828566905404,8.899570439756312,10.329055678492603,10.800798329656944,5.855,6.434374999999999,6.14473609189376,6.088075232688475,7.794497021923427,7.142878209874818,9.787499999999998,10.312499999999998,10.4483447140864,10.34999556109573,10.52853847660582,10.727637958905467,8.866874999999999,7.967499999999997,8.14263609761792,7.268829424032716,10.575192365969214,10.702176463385328,6.99875,6.4641666666666655,6.455541470235307,6.560508283132339,7.039084533357715,6.453850925669167,3.3625,3.405,3.3926490307379202,3.8855405457333796,3.740197524761576,3.505267819466357,7.505333333333334,7.411666666666666,7.73166024947712,7.070452878624575,7.83123503483738,8.09978462450762,5.515583333333334,5.36875,5.519224207783253,6.681978571315748,5.782075126950257,5.789663695361143
1999-05-31,PREMON,11.2,10.4,8.25,10.0,14.205,10.71,5.71,10.168,7.713333333333334,6.4503125,6.19791666666667,8.096831640420351,7.063304410335434,10.29043255940956,11.271452348724186,7.205625,7.311249999999999,8.832697140143242,9.159549854506018,11.19063325209379,11.093291546609258,5.6915625,5.786875,6.986841655136256,6.187768394863746,9.768570198428916,11.327408539985882,9.844999999999999,9.66875,10.26900682845184,10.331350452549604,11.497225294167555,10.952390416334513,9.505,8.249999999999996,10.567581658570752,9.097876746037754,11.922608041167921,12.347805752144403,6.812916666666666,6.829166666666666,8.157324882141184,6.861213018563824,9.609045619396136,9.293325902172354,3.2325,3.3699999999999997,4.319589418442752,6.00166598143641,7.668480358538746,7.1847856237034255,7.369648809523809,7.4495000000000005,8.70619614968627,8.02641262288358,10.285519872805185,11.962445107431755,5.37,5.448333333333334,6.396867858003286,8.880390482098042,9.897923700909846,11.029824150111468
1999-08-31,MONSOON,3.69,4.375,3.7,8.915,7.725,4.806666666666667,0.56,3.841666666666667,2.5780000000000003,6.771249999999999,6.466250000000003,6.33409898425221,6.497549266205254,2.1582041967735694,2.619808381590333,7.151250000000001,7.217499999999999,7.049618284085946,8.3750737170446,3.9592982271838153,4.971835186297049,5.19625,5.923125,5.672104993081754,6.1325260495750165,1.6225942942514164,1.8375121570829744,9.598125000000001,9.90625,9.727404097071103,10.123172552896612,9.087392337374537,10.415658497738482,9.919375,9.483749999999997,9.430548995142452,8.648849028576697,6.736036887289444,5.99958474994795,6.15875,7.168333333333332,6.817061595951378,6.713492358340525,4.658017368317737,5.386046664337415,2.95875,3.355,2.8157536510656516,3.4463278229053036,0.5036693578995566,0.3619888865530715,6.798547619047619,7.561166666666668,6.760384356478429,7.084985957949106,4.518722957391248,4.815027380595966,5.198625,5.582833333333334,4.8693207148019715,6.138203475461556,1.4552278317177567,1.6184317873432512
1999-11-30,POMKH,4.172499999999999,6.1,2.1,9.005,6.900000000000001,2.8266666666666667,1.66,4.712857142857142,3.014,7.088124999999999,6.434375000000003,5.469459390551326,6.047570170335554,5.532960421075892,4.37946659999893,7.085625,7.19375,6.669770970451568,8.006821701248244,6.320639904475755,6.210200743053132,4.850625,5.46,4.243262995849053,6.025411466096256,4.815916790112767,4.476864879685093,9.631875,9.783750000000001,9.438442458242662,9.942381059364976,9.599071741031764,10.485023025545365,10.35375,9.526249999999997,8.418329397085472,7.992869450341954,7.826677495717628,9.00708826067596,5.572916666666667,6.4575,5.220903624237493,6.433307953830826,5.570927841085086,5.320954122341183,2.88875,3.11,2.353452190639391,2.3127308584002653,2.0865778210196675,2.440128053811639,6.302339285714285,7.178130952380953,5.941373471029914,6.442678088906481,6.693400724377387,5.470022590550581,5.330291666666667,5.157166666666667,4.127192428881183,4.296526348885173,3.9371385832101393,3.885978785844178
2000-02-29,POMRB,9.37,7.56,5.68,9.73,12.42,5.096666666666667,3.3,6.953333333333332,7.6549999999999985,7.246874999999999,7.108125000000002,7.029675634330795,6.82038844624666,8.303934334901186,6.010752480663467,7.109375,7.108750000000001,7.025862582270941,7.942046518527342,9.271677983145217,9.984982974233127,4.733750000000001,4.9325,4.817957797509431,6.0410311763145055,7.084797767116135,6.428088858750282,9.8390625,9.412500000000001,9.555065474945597,9.89845246347828,10.633264292750049,10.518810823189494,10.408958333333334,10.312499999999998,10.018997638251282,9.281854681465699,10.770821915436619,10.427884108980225,5.502812500000001,5.859999999999999,5.171208841209163,6.337431771708688,6.833625548189426,5.344633472879044,3.1450000000000005,2.8074999999999997,2.7320713143836346,2.709894336988609,3.5872249493766994,3.5653994060818563,6.45157738095238,6.418964285714285,6.346157415951281,6.4898641652924525,7.641070790431732,6.843770873264164,5.617625,5.240083333333333,5.538315457328709,6.382520692130304,5.640842582841618,5.562453956086824
2000-05-31,PREMON,11.04,10.215,7.5950000000000015,11.755,14.535,8.413333333333334,6.36,9.235,8.435,7.794999999999998,7.068125000000003,8.633805380598476,7.963173714975212,10.98297659326167,13.105354012391835,7.18,7.062500000000002,8.301517549362565,8.32930785825925,10.411512420559353,10.687017237729657,5.10375,4.768750000000001,5.928774678505659,6.120195396637983,8.599117713532031,9.518989243541977,9.9171875,9.851250000000002,10.43503928496736,10.207307937606918,11.601951110311761,10.32623741843287,10.66375,10.395,11.825398582950768,11.232230757915708,12.67064753098,14.180795560883626,6.089270833333334,5.285833333333333,6.468058638058832,6.488220856827999,8.86538749366416,8.439168630680129,3.4637499999999997,2.9699999999999998,4.1832427886301815,5.633887557874489,7.3106401600261695,6.1748945335493275,7.000297619047619,6.185714285714285,7.501694449570769,7.202216368494562,9.21712223035395,10.14028074280058,6.168833333333334,5.4205,6.696989274397225,8.548604249388324,9.927601077658402,10.028246523680734
2000-08-31,MONSOON,5.119999999999999,4.75,3.42,8.817499999999997,7.836666666666668,6.5425,1.96,5.968571428571429,4.155,8.345125,7.425625000000003,7.228283228359086,7.634810193598436,2.5983931752077023,2.509467666957237,7.246249999999999,7.156250000000002,6.880910529617539,7.744196223442031,3.410625317826373,4.703146842636413,5.6075,4.698750000000001,4.925264807103396,6.057549476494244,0.6220492346127813,1.9842660750288648,10.066666666666666,9.826875000000001,9.788023570980414,9.98938419453394,9.192118153518768,10.376618649151949,10.787916666666668,10.422916666666666,10.229905816437128,10.661319195389545,7.405778593385804,6.559726794976202,6.810729166666668,5.719791666666666,6.497835182835299,6.492893980318382,3.5317489567877285,4.107053610260308,3.695,3.32,3.2939456731781087,4.218754525787316,0.34116356713093143,0.6728825404593444,7.557988095238096,6.717440476190475,6.888445241171032,6.93423054638536,3.4920996378303037,3.821152659923338,6.127291666666667,5.81475,5.680193564638335,6.650358680628559,1.7349962052011527,2.2129944060273687
2000-11-30,POMKH,7.1275,6.29,5.34,9.7275,8.826666666666666,5.7825000000000015,2.81,6.975714285714287,5.846666666666668,8.747124999999999,8.164375000000003,7.187969937015451,7.7405228982557865,6.266135808753857,4.870169616622706,7.311875,7.203750000000001,6.644546317770524,7.51165163486781,6.130241762533075,6.3792393162413195,5.706250000000001,5.508750000000001,5.091158884262038,6.060877839433872,4.051944420852101,3.7684361550387093,10.249375,10.0075,9.763814142588249,9.941904703986172,9.703797557175992,10.249969899092658,10.351249999999999,10.904583333333333,9.668610156528944,10.371090431076128,8.391893098899034,8.511246959265238,7.470208333333334,6.458749999999999,6.211701109701179,6.4422930937982565,5.149787275096956,5.610579019894828,4.085,3.6075,3.100367403906865,3.5596932635698986,2.226908872530074,2.6375231577431277,7.9238630952380955,7.283154761904762,6.923352858988334,6.9616417985303505,6.639737621492045,6.944829345855116,6.088958333333334,6.522916666666667,5.746782805449668,6.272188393745213,4.685737840242066,4.48645920707782
2001-02-28,POMRB,10.815999999999999,7.9,6.4700000000000015,10.203333333333333,11.486666666666665,7.9125,4.0,9.152000000000001,4.49,8.791625,8.525875000000005,8.639181962209271,8.683258356900252,9.694775075813938,8.39389366482438,7.241249999999999,7.288750000000001,7.146727790662315,7.5851207902686,9.228828886377203,9.538592935866033,5.3812500000000005,5.706250000000002,5.642695330557224,6.101872678601718,7.635428160001352,7.810911659077393,10.188541666666666,10.125833333333333,9.939621818886282,9.979975543964944,10.737990108894286,10.265057929249531,9.907916666666665,10.671249999999999,10.395832760584032,10.947381299114605,11.591034004607954,11.673333853760225,7.410520833333334,7.162708333333332,6.8920206658207075,6.549311533443194,7.244460412272925,6.758418927852201,4.2625,3.7824999999999998,3.460220442344119,3.881832202608311,3.9232448475564934,3.871913867126324,7.608297619047619,7.832821428571428,7.814811715393001,7.608852916298026,8.302125307580976,8.851523912219601,6.180875,5.731666666666668,5.244069683269801,5.083981084512732,7.142642074483421,7.507416079327324
2001-05-31,PREMON,12.81,10.4,7.5950000000000015,12.743333333333332,11.975,10.873333333333333,8.78,9.963333333333333,11.293333333333333,8.4431875,8.968375000000005,10.307509177325564,10.050437722780055,12.390144605647883,11.77601372561029,7.02375,7.335000000000002,8.44803667439739,8.06204394563822,10.5171630467023,10.72719441815672,4.68125,5.706250000000002,6.423617198334335,6.179277953983457,9.22833904525746,9.489725640037783,9.939479166666665,10.372916666666665,11.061106424665102,10.454653906843319,11.706676926456003,10.462397994226157,9.670833333333334,10.03125,11.027499656350418,11.590045024269797,13.162424810598388,13.838345182545613,7.026458333333334,7.777708333333331,8.484545732825758,6.86263091738557,9.868734972719418,9.843105095820537,4.109999999999999,4.387499999999999,5.588132265406472,8.197795598397866,7.717204810962411,6.502281455219883,6.962583333333333,8.014904761904761,8.674220362569134,8.442826024425747,10.352577306534972,10.940587482456328,5.736416666666667,6.446250000000001,7.663775143295213,9.576520060974389,9.74277831549824,8.896357628321375
2001-08-31,MONSOON,3.7060000000000004,4.0,0.82,7.3425,6.8500000000000005,3.605,0.96,2.7157142857142853,2.032,8.0029375,8.614875000000007,7.666905506395338,9.144004601025907,4.112960316208989,4.946151933100326,6.815,7.147500000000001,6.668822004638434,7.3963690425547455,3.5470540237152113,4.779465038487823,4.2625,5.056250000000002,4.182170319000601,6.028036311857463,1.0446817049592534,2.2932132682548394,9.9825,10.004166666666666,9.573663854799062,9.965991172567442,9.296843969663025,10.355687715318316,9.394375,9.784583333333334,9.35649979381025,10.383213515017282,7.325965381664017,5.691043782894234,6.863333333333333,7.04333333333333,6.532727439695455,6.627945212212519,4.8939677637592816,5.80619963014744,4.0424999999999995,4.137499999999999,3.7368793592438827,5.0552702353455725,1.1379619099053686,2.02689286681713,6.518226190476191,7.201690476190475,6.290817931827195,7.117496195479423,4.501945174419463,4.265668409117093,5.734833333333333,5.915500000000001,5.411065085977128,5.896923785105225,2.649996737806476,3.2169959674441637
2001-11-30,POMKH,5.754,5.3,2.34,9.21,7.916666666666668,5.6475,2.59,5.062857142857141,4.414,7.420125,8.271500000000007,6.901743303837202,8.673405367073695,6.913840132331632,4.78571544485835,6.68375,6.9,6.12129320278306,7.05666211979032,5.922842003586624,5.894738147232138,4.136875,4.306250000000002,3.4453021914003608,5.931962952571281,3.4821721917939907,2.8262703462717127,10.126041666666667,9.874791666666667,9.428198312879438,9.830006499075267,9.808523373320224,10.22944747939825,9.248541666666668,9.557083333333335,8.780566542952817,9.611522032317053,8.142228431979444,8.13923667649413,6.459166666666666,7.009583333333329,6.178636463817273,6.557839219962082,5.4526966203228575,4.155570917405593,3.84375,4.0825,3.2781276155463295,3.6696791125019947,2.675460994682587,2.346153160460208,6.183309523809524,6.723476190476188,5.7996336162391735,6.535765174872157,6.334408507838996,4.741884999400832,5.755354166666667,5.557333333333333,5.012239051586278,4.814937868060909,4.502778343858108,4.423041855558063
2002-02-28,POMRB,8.6675,7.22,6.12,11.065,10.185,6.7425,3.68,7.5100000000000025,5.91,7.278875,7.734375000000008,7.608045982302322,8.857815618322118,9.744198127299665,9.479114918977388,6.871249999999999,6.73,6.560775921669836,7.092187468546287,8.717873705912073,8.624278372085985,4.215000000000001,4.218750000000002,4.515181314840216,5.964988345826585,6.267752286921034,6.083282766709608,10.450625,10.090208333333333,10.082918987727663,10.023649620877482,10.842715925038508,10.197920237711166,9.425416666666667,9.23166666666667,9.342339925771691,9.679310519337088,11.217690129507847,11.238577438435243,6.597499999999999,6.7170833333333295,6.4041818782903634,6.571945048770817,7.439483280822427,6.878362318721543,3.71,4.0024999999999995,3.438876569327798,3.470857298012259,4.242221633242373,3.8413452970058435,6.057750000000001,6.3129761904761885,6.483780169743506,6.700832863696565,7.50082444721309,7.429291733050302,5.921874999999999,5.912333333333333,5.371343430951766,5.196223883458654,6.508027449433854,5.936896661214688
2002-05-31,PREMON,10.296,10.03,6.94,13.03,12.11,8.809999999999997,7.51,8.926,10.0375,7.453875,7.105875000000008,8.683227589381392,9.38619378152258,11.788977222577417,10.575865369834695,7.215,6.637500000000001,7.948465553001901,7.58896115196758,9.94063866658799,10.20672112639949,4.702500000000001,4.0550000000000015,5.48510878890413,6.0244619870133045,8.194791230076156,8.941791724123537,10.7759375,10.161875,11.261751392636597,10.545354091327386,11.811402742600237,10.476681103277746,9.594166666666666,9.265416666666669,10.449403955463016,10.409026381775087,12.61520832555971,12.945837926545597,7.2309375,6.201249999999995,7.366509126974217,6.73448251602602,9.727461049533208,9.422850453422425,3.7737499999999997,3.684999999999999,5.067325941596678,6.41358443912215,7.91233839990014,7.231463476115413,6.269535714285714,6.053642857142856,7.460668101846103,7.27500758767396,9.291894942750657,10.003907339598715,6.427583333333334,5.598375,7.23780605857106,8.821814473995552,9.850719430502345,9.624577261574338
2002-08-31,MONSOON,5.090000000000002,5.87,2.1,9.6525,8.13,6.775,1.16,2.7485714285714287,4.62,7.3689375,7.451875000000009,7.245936553628836,8.645854499692705,2.9455899431656842,4.02289555650957,7.409999999999999,7.105,7.11707933180114,7.312219986645617,3.050636436275444,4.376072231299672,5.1175,4.375000000000002,4.131065273342478,5.920471565974343,0.13542046309821298,1.697587357770498,10.7671875,10.739374999999999,10.618050835581958,10.447130815737824,9.401569785807261,10.171117907200475,9.578958333333334,9.585416666666669,9.52164237327781,9.74486320511874,6.906526391559268,5.952128426444989,7.7212499999999995,6.993749999999994,7.129905476184531,6.738189324339377,4.279161544481822,4.407496629787467,3.85375,3.7349999999999994,3.5043955649580067,3.8161803531080114,1.0491308363024832,1.16939409754721,6.610785714285714,6.061857142857142,5.575829432536233,6.081777659287848,3.448466692416936,4.196008151605636,6.814291666666667,6.245375,6.190683635142635,7.18682160418333,2.2650578098281757,2.7600963943335604
2002-11-30,POMKH,5.77,6.18,4.96,9.5025,7.986666666666667,7.545,2.9,6.724285714285713,5.871666666666667,7.3815625,7.45587500000001,6.655561932177301,8.073444088116204,6.501681439055728,6.4323210133261846,7.563124999999999,7.325,6.7422475990806845,7.132685538428076,6.344311800480655,6.797484262049531,5.606666666666667,5.030000000000002,4.462639164005487,5.915063928749916,3.2916993447618825,3.3454571267683555,10.556875000000002,10.812499999999998,10.171830501349174,10.324617185743673,9.913249189464494,10.302637340579093,9.445625,9.602916666666669,8.907652090633354,9.106006050572306,8.041090247716706,8.66892457264567,8.2265625,7.4681249999999935,7.2959432857107185,6.797288217699884,5.77034231684334,5.984212623651814,3.9887499999999996,3.812499999999999,3.2626373389748036,3.111253566933961,2.642609675392859,2.5078141297261585,6.761107142857142,6.477214285714285,6.035211945236025,6.110888992755287,5.616097915983177,4.929178332477695,7.214104166666667,6.609791666666666,6.063076847752248,6.6217432727560235,5.192285610488699,5.29425961806752
2003-02-28,POMRB,7.971999999999999,7.9,6.82,10.7025,9.993333333333334,8.7675,4.01,8.578571428571427,7.546000000000001,7.045875,7.28200000000001,7.1821371593063805,8.031392648351348,9.45877542240565,9.067407117966052,7.0725,7.495000000000001,7.205348559448411,7.268701268025756,9.317198455796971,8.837881752207839,5.794583333333334,5.205000000000002,5.405583498403292,5.9719707006300755,7.000026908457089,7.341150158850395,10.170625000000001,10.721874999999999,10.384098300809505,10.413774771552829,10.94744174118278,10.418559397357978,9.15875,9.555000000000001,9.341924587713347,9.224080012642812,11.148605712561997,11.104819788403477,8.000937500000001,7.974374999999993,7.884565971426431,6.940490620377591,8.146353177106139,7.791253885583012,4.01375,3.8949999999999996,3.5615824033848824,3.464515951829708,4.27581999466241,3.892490516080764,6.720892857142857,6.744357142857141,7.052555738570186,6.690857753616699,7.516736449992045,8.615194028767714,7.038374999999999,7.018791666666666,6.656246108651349,7.344853628122664,7.4751542582680015,7.0829243458530815
2003-05-31,PREMON,11.0925,10.575,10.153333333333334,11.71,11.235,10.8275,8.26,9.06,11.599999999999998,6.571375000000001,7.481125000000009,8.746282295583828,8.717859270226462,11.382170666031138,10.39507341014426,6.353749999999999,7.631250000000001,8.553209135669047,7.826938561033683,10.57125577784914,10.503625871917178,5.340833333333333,6.0083333333333355,7.304683432375309,6.138626677415053,8.91646929787503,8.92987446099189,9.9234375,10.391874999999999,10.914458980485703,10.668447550221634,11.916128558744502,10.601093332793997,8.944166666666668,9.336250000000001,10.099154752628007,9.778152236285838,12.523164550206015,12.734552116348125,7.2546875,8.478749999999994,9.061739582855859,7.222265664547498,10.759074900796708,10.349141498367123,4.0649999999999995,4.0825,5.440949442030929,7.3635363509137575,8.003383803631074,7.442880638862934,6.4975000000000005,6.77785714285714,7.855533443142112,7.384887595288435,9.632584693290006,10.41211307333073,6.4535833333333334,7.409416666666665,8.633747665190809,11.004679250434352,11.059582875206065,10.690590687329298
2003-08-31,MONSOON,1.608,1.4,0.39,7.8825,6.71,2.9525,0.61,2.292857142857143,1.6516666666666666,6.578875,6.6106250000000095,5.890969377350297,7.20774630763517,2.8949649804193154,3.9664283473979993,6.03125,6.513750000000001,5.6919254814014275,6.767863768839757,3.6480443342843527,4.8728314464981946,4.957083333333334,5.580833333333335,4.538810059425185,5.974190398083893,1.6751703349673912,3.344149836254519,9.8021875,9.949375,9.701675388291422,10.242817752392586,9.506295601951505,10.403979387959954,8.95,8.981250000000001,8.743492851576804,8.798201591553925,6.667836812097094,5.896730867388068,6.624375000000001,7.523124999999995,6.618043749713515,6.914459142900046,5.5536653549398425,5.749692268006539,4.17875,3.9449999999999994,3.508569665218557,4.245907866295183,1.2678914333588542,1.439923614057731,6.187857142857143,6.66392857142857,5.630462923028124,6.1114516520743525,3.7253863088831407,3.6814261734469618,6.170125,6.667333333333332,5.840915265781152,6.255179533977256,3.601728606351389,4.040113306810532
2003-11-30,POMKH,5.456,4.9,3.04,9.295000000000002,7.69,5.3975,3.86,5.392857142857144,4.161666666666666,6.6438125,6.5321250000000095,5.7169816264101785,6.677503491260306,5.435361329428279,4.355544812758692,5.828125,6.193750000000001,5.3751552888408565,6.465395931148196,4.976170673857867,4.085722193287646,5.014166666666667,5.100833333333335,3.939286035655111,5.903066562401756,3.764476280272244,2.7760401172297415,9.802812500000002,9.8975,9.539005232974855,10.086205513204582,10.017975005608712,10.206541045014607,9.104375000000001,8.907083333333334,8.322095710946083,8.270181075712141,7.581144088288765,7.948774025170298,6.112812500000001,6.986249999999995,6.12982624982811,6.805604232939938,5.789111832721348,4.275534701862288,4.31625,4.185,3.6491417991311343,4.058061659887466,2.712373044370204,2.453537985751966,6.094464285714286,6.331071428571427,5.535420610959732,5.81152251638634,5.666977492109197,4.603976981988117,6.113958333333334,6.239833333333332,5.169215826135358,4.631938253743971,4.973090169179767,4.386727824027998
2004-02-29,POMRB,8.346,6.6,5.67,9.94,10.336666666666666,5.8725000000000005,3.96,7.432857142857142,6.988333333333334,7.513,6.625625000000009,6.768588975846107,6.8649448073725,8.61514384899289,7.789454222457041,6.2025,5.868750000000002,5.865093173304514,6.495443211869148,7.983245558920285,7.875541536825325,5.51875,4.813333333333334,4.631571621393067,5.921889115006141,6.68719623218576,6.307424439032379,10.151250000000001,9.706875,9.699403139784913,10.051422088174828,11.052167557326994,10.242542670962163,9.52125,8.992916666666668,9.127924093234316,8.717341876230577,10.7192414065702,10.821031773848992,6.2565625,6.262499999999996,6.026895749896866,6.738940816724753,7.631425049514729,6.837157685788746,4.60375,4.172499999999999,3.7734850794786805,3.9849037541625156,4.518124452328079,4.281049185491538,6.4437500000000005,6.044642857142856,6.294395223718697,6.133244528068879,7.141131525419979,7.753327553030246,6.619791666666668,6.100416666666664,5.896862829014548,5.635798321452249,6.717168978392877,5.7943629009447655
2004-05-31,PREMON,11.238,10.25,11.76,12.4775,12.126666666666667,9.63,9.41,9.458571428571428,11.708333333333336,8.815249999999999,6.66200000000001,8.556353385507663,7.7378244642737215,10.89896092537565,9.993289095077651,6.88,5.787500000000002,7.619055903982709,7.127277748951113,9.250472549697415,9.657742148769424,6.078125,5.215,7.48294297283584,6.143685063235729,8.328775310660141,8.534862842264628,9.746875000000001,9.89875,10.810641883870947,10.457589085148761,12.020854374888703,10.30156846955271,9.5325,9.215833333333334,10.327421122607257,9.766650068689332,12.238524640147514,12.681626502161915,6.483750000000001,5.963124999999996,7.468137449938119,6.948700117673713,9.657775252819185,8.95437319712076,4.6762500000000005,4.459999999999999,6.028091047687209,8.499972367644776,8.189035313534127,7.723802062280386,6.70125,6.1442857142857115,7.560065705659789,7.036830167993237,9.019377378425862,9.665500920106068,7.409791666666667,6.127499999999999,8.221451030742063,10.363666298749365,10.373994498494385,10.212688875544124
2004-08-31,MONSOON,8.416,4.72,2.82,9.9025,9.153333333333334,5.300000000000002,1.76,4.688571428571429,5.59,9.51675,8.36400000000001,8.5002120313046,7.925831005274295,2.5978548136803354,4.084604194389287,7.4925,6.617500000000002,6.4594335423896245,6.735568580818954,2.7135060645423934,4.107554683408217,7.095,5.8225,5.617765783701504,6.060309059001484,1.807939004435414,3.6764049143598676,9.249687499999999,10.40375,10.44738513032257,10.39208169265048,9.611021418095715,10.111999926679113,9.40375,9.826666666666668,9.857786006897689,9.714789079627806,6.603516274180391,6.398627889742564,6.7678125,6.549999999999996,6.6008824699628725,6.830326240620988,4.428665100548932,4.799517287137481,4.742500000000001,4.7475,4.320854628612325,5.657950098351688,1.6404480115984512,1.5483553155884244,6.828214285714285,6.7432142857142825,6.411467994824445,6.511135631857372,3.4243437915584503,3.937197506008735,7.916875000000001,7.112083333333332,7.168870618445238,8.84519409215459,3.2030704964286993,3.663567462982871
2004-11-30,POMKH,9.066,7.0,5.085,4.04,5.336666666666667,4.8675,3.29,5.057142857142857,6.543333333333332,9.97325,9.26650000000001,8.72652721878276,8.24851027005047,7.241380618392332,7.227767565861383,8.01375,7.142500000000004,6.675660125433774,6.787517892961389,5.691885100296659,6.006245479341501,7.85625,6.33375,5.404659470220903,6.055035970364923,4.651482585218585,4.002133268974994,9.4384375,9.09,7.884431078193542,9.328301389854149,10.12270082175295,10.233242310059598,9.700416666666666,9.238333333333335,8.04933827080528,8.390016010230815,7.986501045497455,8.987180767188566,7.27125,6.417499999999996,5.907529481977724,6.689232018847638,5.519621564106037,5.597343906235833,4.9399999999999995,4.6049999999999995,3.9085127771673944,4.381827770696709,3.2356097111518,3.381671178293519,7.064821428571428,6.65928571428571,5.8697379397518095,6.117270539592539,6.197967244535088,6.397357805255038,8.214958333333334,7.707499999999999,6.918655704400476,7.971386242295308,6.141858792604726,6.09739422606172
2005-02-28,POMRB,10.348,9.4,11.76,11.2175,11.659999999999998,8.675,5.06,8.784285714285714,8.663333333333334,9.59075,9.76700000000001,9.375116331269655,8.844890810348137,10.955145705695392,9.047741972213672,8.066249999999998,7.842500000000003,7.765396075260265,7.229849764563597,9.235897451949903,8.833675071831667,8.0315625,7.856249999999999,7.946795682132541,6.272982605560849,7.954400392890167,7.205390793008621,9.452578125,9.409375,9.217658646916124,9.573078858604024,11.156893373471151,9.878480551327453,9.692916666666667,9.569166666666668,9.493602962483166,9.308679178730403,10.607902355471841,9.733843643710234,7.422708333333334,7.118124999999996,7.0145176891866345,6.833546421398243,7.297753741225307,6.461099596003235,4.876250000000001,4.879999999999999,4.369107666300437,4.700687159608322,4.829475606757535,3.957904343620786,7.162678571428571,6.997142857142854,7.035557049565371,6.819025683137982,7.4047164788809345,7.618490541690317,8.231166666666667,8.126249999999997,7.616526755973619,8.697051631117,8.324289589127533,7.7721234464589894
2005-05-31,PREMON,12.888,11.62,11.76,12.71,13.176666666666668,10.855,9.89,10.0,12.418,9.02525,10.17950000000001,10.780269798761793,10.003525594322342,13.138913431085534,11.432369481107031,8.08125,8.185000000000002,9.307237645156158,7.96821164662431,11.103310696460746,11.289471533380475,8.34875,7.856249999999999,9.472077409279525,6.484628342239556,11.179422151145936,11.995268852248703,10.298593749999998,9.467500000000001,10.614595188149675,10.064703874796322,12.125580191032876,10.196272981420755,10.052916666666667,9.831666666666669,10.966828444156565,10.690499369494603,12.395896251063599,13.192045926707664,7.822604166666666,7.424374999999996,8.550710613511981,7.125027436801829,10.096753526902607,10.436400782756321,4.86125,4.999999999999999,6.577464599780262,8.927494241016447,8.653238334160749,8.734195432922643,7.680357142857142,7.132499999999998,8.221334229739224,7.838325455452171,9.618595486683025,10.194925094228765,8.304916666666667,8.303666666666663,9.537116053584171,12.01332563574716,12.005647315750073,11.600431485206311
2005-08-31,MONSOON,3.7060000000000004,3.77,4.2225,9.783125,8.043333333333333,5.286666666666666,0.77,4.93,5.010000000000002,9.467500000000001,9.00200000000001,7.950561879257076,8.925805493829502,4.6631799789117405,4.930436229450433,8.29,7.947500000000003,7.092342587093695,7.279789987772483,4.379060679469797,4.959297690348476,8.490625,8.206874999999998,7.372246445567715,6.4382647639089425,3.7226482643027916,3.587610738609417,11.28484375,9.43765625,10.282007112889804,10.021603882910698,9.71574723423989,10.150617563587208,10.605416666666667,9.554166666666667,9.797430399827272,10.168665063204923,6.928075019925531,7.196100487311506,8.375104166666667,7.421041666666663,7.245093034773855,6.992964271528142,5.061293305891546,5.467327046731331,5.01375,4.752499999999999,4.254478759868157,5.019819694540947,2.1077127215848845,1.8020349524086974,8.348363095238096,7.192857142857141,6.904800537843535,7.297279268766211,4.005732059919835,3.8806861526348584,8.689,8.158666666666662,7.726269632150503,8.681275440249747,4.501509435196442,4.532799629477252
2005-11-30,POMKH,9.252,8.07,6.22,10.927499999999998,9.326666666666668,8.08,4.16,8.957142857142857,7.713333333333334,9.70175,9.04850000000001,8.471137127554245,9.13836872582274,7.30119347029332,6.210948171588929,8.4575,8.215000000000003,7.483405552256217,7.419786241212595,6.342916920594499,5.563779675968388,8.490625,8.490624999999998,6.911347867340629,6.459994661280404,6.398020927398023,4.866256866586163,10.642656250000002,11.159531249999999,10.540204267733882,10.178174676979456,10.227426637897121,9.565171852951597,10.710416666666665,10.551666666666668,9.60912490656303,10.063019396714367,8.04237041346814,8.048502967137685,8.575104166666668,8.224166666666664,7.579055820864313,7.072348721552665,5.993106067135546,5.500067487671253,4.9225,4.969999999999999,4.216687255920894,4.397076344314152,3.420434864277719,2.9861811530672173,8.743556547619047,8.167857142857141,7.725737465563263,7.909426149780608,6.674467498826254,6.587107017300296,8.976083333333333,8.451166666666662,7.721095112623635,8.003524427667216,6.761413429130469,6.029480210100759
2006-02-28,POMRB,13.7,10.0,11.76,12.22,12.089999999999998,9.8825,5.41,10.228333333333332,10.565999999999999,9.760250000000001,9.886500000000009,10.562682276532549,10.371601582724352,11.052310252625762,9.591446274239681,9.33625,8.365000000000004,8.49004333135373,7.857504329083453,10.049438885357853,9.495894575642971,8.2028125,8.490624999999998,8.850808720404377,6.666233826834367,9.500155634684374,8.434459938514625,9.942890625,11.410156249999998,11.21212256064033,10.547123689095772,11.261619189615427,10.321066631035489,10.985,10.659166666666668,10.601474943937816,10.869472520595934,11.400624860134103,11.701012832118527,8.887083333333333,8.526041666666664,8.500433492518589,7.276298094988823,8.446041681890904,8.295708796006998,4.865,5.057499999999999,4.694012353552536,4.88937563550701,5.14709782742972,4.6760524224216535,8.916994047619047,8.528869047619045,8.726775812671292,8.830750694878622,8.937471521669751,9.688165856089334,8.805541666666667,8.92683333333333,8.85905706757418,9.616059589146575,9.142780006198487,8.251606276294162
2006-05-31,PREMON,11.41,12.36,11.76,6.57,13.586666666666664,11.2475,8.81,11.7175,12.812000000000001,10.202499999999999,9.517000000000008,10.90160936591953,10.986981458463593,14.199516989399884,13.093358960182778,10.23625,8.550000000000004,10.038025998812238,8.615286376129403,11.834023558617302,11.661465236668285,7.902499999999999,8.490624999999998,10.014485232242626,6.866510560110982,12.217667867979728,11.988440285546925,10.1075,9.875156249999998,9.355273536384198,9.91636504365019,12.230306007177166,10.562832677909755,11.629999999999999,10.761666666666667,11.795551633029355,12.088738544583117,13.12068170932183,13.375989989953528,9.3278125,8.624166666666664,9.599260095511154,7.564197806515558,11.259629373782055,11.082986128104299,4.773750000000001,4.7875,6.340407412131523,7.980739184399644,8.977135849626313,9.276532959844948,8.717559523809523,8.958244047619045,9.923065487602775,10.102558233447933,11.123981565787494,11.120881603498992,8.521833333333333,9.02533333333333,10.440234240544509,12.47728573156995,13.215968535247459,12.75292654305663
2006-08-31,MONSOON,5.651999999999999,10.06,1.92,10.325,9.83,7.3900000000000015,1.39,4.6000000000000005,3.251666666666667,10.46175,10.003500000000008,8.801765619551716,10.165387215267248,4.9723508648888135,6.306816896912732,10.457500000000001,10.122500000000004,10.046815599287342,8.865666695784672,5.113375841877143,5.2521321357022295,7.890000000000001,7.914999999999998,6.776691139345575,6.732160980645302,4.4200123365191555,3.7283244038382968,10.292187499999999,10.010624999999997,9.743164121830517,9.972395610253958,9.820473050384086,10.048866735954103,12.332291666666666,11.208333333333332,11.009330979817612,11.839418562077121,7.593901924441801,7.4705208687392854,9.686562499999999,9.149999999999997,8.715556057306692,7.552479729025196,6.034373852116597,5.641120552527576,4.536250000000001,4.9425,4.360244447278913,4.682662596353678,2.159514035564432,1.034592460626193,8.483333333333333,8.875744047619046,7.793839292561666,9.132981446688762,5.5765618034705975,5.149626287099028,8.216854166666666,8.585749999999997,7.564807210993372,7.5808599038674584,5.416805008690713,5.134883824008207
2006-11-30,POMKH,10.844,8.98,6.12,11.7025,12.7,9.5025,2.81,7.691666666666666,7.202000000000001,10.841000000000001,10.401500000000008,9.618659371731031,10.53418147471716,8.09486965497344,8.211686038906416,10.72875,10.350000000000003,9.620089359572406,8.895192472488953,9.232174241497614,9.529637242572136,7.89,7.889999999999999,6.514014683607345,6.742052423867193,6.110455726617828,3.956150468047821,11.19,10.204374999999999,10.52689847309831,10.263196083476638,10.332152454041324,10.226501522528684,12.91875,12.051666666666666,11.685598587890567,12.490692049660117,8.918127890126122,8.973481472582332,9.888437499999998,9.505624999999997,9.030333634384014,7.694309826952539,7.244643769585251,6.809522745505761,4.19875,4.6049999999999995,3.740146668367348,3.329770469417916,3.582361527474081,3.6397606161217424,8.158604166666665,8.559375,7.752970242203666,9.019981568004962,7.658832923123198,5.90375699474976,7.860229166666667,8.457916666666664,7.419684326596024,6.843228478750859,6.710436073997993,5.50343158033234
2007-02-28,POMRB,14.182,10.86,11.76,12.9225,14.335,11.329999999999998,4.86,9.62,8.6375,11.561499999999999,10.52200000000001,11.443995623038619,11.643714963071199,12.082292179481176,11.679625026309157,10.9125,10.565000000000003,10.116053615743443,9.232361122144926,12.170980763800905,10.15683617382765,9.120000000000001,7.889999999999999,8.612408810164407,6.940137220180927,9.274172710884173,8.86361557011039,12.087187500000002,10.379999999999999,11.485139083858986,10.74600910194544,11.366345005759639,10.380859259178683,13.289583333333333,12.612916666666667,12.745359152734341,13.570241062562861,12.744172244201081,13.211130378660542,10.209062499999998,9.867499999999996,9.950200180630407,7.958005296100344,9.739698878085811,9.149996675149534,4.25125,4.467499999999999,4.188088001020409,3.9237638267979844,5.015990634913084,4.455346839833428,8.249916666666666,8.407291666666666,8.4997821453222,9.41809745360727,9.227691735342693,9.253828125043444,7.951333333333333,7.975791666666663,7.906810595957614,7.531435312346605,8.92542596427365,7.891151389832881
2007-05-31,PREMON,13.962,13.67,11.76,13.05,16.033333333333335,11.415,6.66,9.728,11.8875,11.9271875,11.16000000000001,12.451197373823172,12.620706539643308,15.067294966630762,12.771645820834127,11.2725,10.892500000000004,11.537632169446066,9.98099329648458,13.466237863954783,12.321811449237059,11.055,7.889999999999999,9.871445286098645,7.132495329325322,12.065880703537477,11.977948344625055,12.3134375,11.999999999999998,12.111083450315391,11.217198382285058,12.335031823321387,10.005736389342236,12.807708333333334,13.224583333333333,14.060548824973939,15.056425871705354,14.633068984523401,14.38112508112883,10.559999999999999,9.909374999999995,10.536120108378244,8.208814190610779,12.591188382864068,11.822487606354231,4.616250000000001,3.9299999999999993,5.176852800612245,5.84180846240875,8.764841005950325,8.902816843793483,8.66810119047619,7.909916666666666,8.99106928719332,9.775905082296727,11.136970421749789,10.632584353124958,7.824,7.744666666666663,9.49908635757457,10.612154671145088,12.380191341058879,11.800930947818706
2007-08-31,MONSOON,8.863999999999997,10.22,11.76,11.0225,10.35,9.7875,3.96,7.3199999999999985,4.904999999999999,11.73675,11.96300000000001,11.016318424293901,12.28299804944461,6.338662554181084,5.1643203531273105,12.2275,10.932500000000003,11.01057930166764,10.032567207015635,6.620609481300997,6.677804310173976,11.76,10.349999999999998,10.626867171659185,7.319292311436977,4.318060636251403,3.527201422646124,12.340520833333334,12.174374999999998,11.675650070189235,11.298566289086883,9.925198866528403,10.57844952404524,11.640208333333334,13.354583333333334,12.576329294984362,14.315540607851295,9.281277466314442,8.792571134081756,10.630625,10.508749999999996,10.236672065026946,8.323878124952214,7.079146962469011,5.88393800147014,4.625,4.572499999999999,4.690111680367347,5.139815782362199,1.5716631368110665,0.3967969144869994,8.718994047619047,8.589916666666666,8.322641572315991,9.363493349300136,4.9717213623645105,4.128651116756054,7.5234375,8.157999999999996,7.6614518145447414,7.691790170752912,4.54896261447513,4.1469868502087905
2007-11-30,POMKH,10.5575,11.7,11.76,12.815,8.325,9.9125,3.16,8.317142857142859,4.529999999999999,12.230125,11.891375000000009,10.83279105457634,12.27376384083481,10.007509460396498,11.020909638391426,13.37375,11.6125,11.286347581000584,10.321652291334555,10.216842139383985,9.668444807570024,11.76,11.759999999999998,11.08012030299551,7.5006889402623775,9.272691678108451,9.12696111749258,12.329166666666666,12.452499999999997,12.13139004211354,11.675165660848869,10.436878270185648,10.721231351225935,11.192291666666666,12.260833333333334,10.875797576990617,12.815409294596193,10.38685682105541,9.588702501059384,10.7575,10.611249999999997,10.107003239016167,8.439673582427227,8.622684346415042,8.254785246162278,4.965,4.659999999999999,4.078067008220408,3.9857004518410384,3.6065490609718642,4.253930115727971,8.982369047619047,8.746285714285715,8.320442086246738,9.218896267537874,8.079807834584033,8.096500421476323,7.983437499999999,7.489999999999996,6.408871088726844,5.468542953656214,6.753768692895392,6.2013795158750415
2008-02-29,POMRB,12.945,15.78,11.76,12.026666666666666,9.37,11.485,4.58,9.401666666666667,8.905,12.189125,11.582125000000008,11.677674632745806,12.763867876079626,13.343981388297651,13.373512039292137,13.331249999999999,12.842500000000001,13.08380854860035,11.241251374347177,13.82875025315023,11.931111028636579,10.6175,11.759999999999998,11.352072181797306,7.676841341533785,13.249919637639374,12.090780283716589,12.258854166666666,12.228541666666663,12.089500691934791,11.879639090526661,11.471070821903977,10.965579484603357,11.239999999999998,11.019583333333333,10.27347854619437,11.757025050779177,13.118384903188563,11.399251245835432,10.15875,10.649999999999997,10.6582019434097,8.660780596630339,10.879246058388027,9.538404445208736,4.99,4.59,4.278840204932245,4.1829625978334555,5.103325466240415,4.726273676473229,8.896785714285715,8.691702380952384,8.75293191841471,9.368118798486272,9.71176157291461,9.547007924554292,8.107625,7.556874999999995,7.407322653236106,7.148470394249037,7.987413567273485,7.122602300956311
2008-05-31,PREMON,19.146000000000004,17.92,11.76,13.855,17.415,12.275,9.66,12.053333333333333,15.3,11.5081875,12.878125000000008,14.665004779647486,14.666172487930796,15.589366245198997,11.448193049561635,12.88875,13.905000000000001,15.018285129160212,12.364811204672824,16.3893631579728,15.479095973266702,9.475,11.759999999999998,11.515243309078382,7.847901127344634,14.736291975894533,12.034107441167958,12.201979166666668,12.429791666666663,12.795700415160876,12.376479115770186,12.43975763946571,11.096770245673715,11.330625,11.364999999999998,13.130087127716623,13.513059093988778,14.007260047083347,12.361990545333637,9.28875,10.864999999999997,11.304921166045819,8.923035697391311,13.488175481808236,11.861877338562959,4.69,5.34,6.4313041229593475,8.595360297860699,8.780980888089704,7.981906982023727,8.906934523809523,9.273035714285717,10.073092484382158,10.254030916370422,11.404327309312862,10.774570952364773,8.16475,8.409999999999997,10.564393591941664,13.9282529267075,11.877861693947448,11.379008028033237
2008-08-31,MONSOON,3.3520000000000003,5.63,2.62,9.655,9.35,4.137499999999998,1.16,4.31,2.4859999999999998,11.863375,11.50012500000001,10.139802867788491,12.715810690934362,8.240675787812794,9.506898351909589,12.38875,12.757500000000002,11.262971077496127,11.259942765588333,10.0584036823225,9.757664096144573,9.475000000000001,9.474999999999998,7.9571459854470294,7.708572093674804,6.111710109728458,4.73566100296585,12.245208333333334,12.087916666666663,11.539420249096526,12.096310954854424,10.029924682672737,11.05034656562867,11.806875,11.114999999999998,11.618052276629975,12.397636376257385,9.03146384627827,9.556932436539869,8.7871875,9.452499999999995,8.437952699627491,8.578143115263526,7.967021655319336,6.651536892094477,4.793749999999999,4.64,4.322782473775608,5.185401369940759,2.1661194522325733,2.7796338696285905,9.281517857142855,8.520535714285717,7.767855490629295,8.847028781248746,5.874027184415156,5.026898486390926,8.474375000000002,7.805249999999996,7.333036155164998,8.779609647659488,5.461486726153842,5.767556117492175
2008-11-30,POMKH,10.622,12.75,11.76,13.7275,10.05,8.6025,3.56,11.408333333333333,7.4060000000000015,12.153750000000002,11.51625000000001,10.332681720673094,12.460478296712115,9.714957198110017,8.647935114972098,11.66,13.020000000000003,11.857782646497677,11.520998769373556,10.540811012092888,7.456183693705278,9.475,9.474999999999998,9.478287591268217,7.878714534517533,7.47655469069713,5.065102277851143,12.049166666666665,12.316041666666663,12.414652149457915,12.52415860318223,10.541604086329961,11.117196678928696,11.725,11.546249999999997,10.990831365977986,11.606747673764296,9.996535109421998,9.024784449119403,8.3446875,9.124999999999995,8.503771619776494,8.58089473833806,7.899841494060146,5.552674898505558,4.9225,4.739999999999999,4.017669484265365,4.195587526667793,3.543109298252719,2.8503008645051455,9.053035714285713,9.293333333333337,9.22404662771091,9.53653662859195,7.7750471939394705,6.410636335940177,8.066062500000001,8.524249999999995,7.362221693098999,8.093759713824893,6.46225078049855,5.67640714092664
2009-02-28,POMRB,15.722,10.73,11.76,11.46,11.455,8.7825,5.01,9.307142857142855,8.506,12.57,12.21050000000001,12.488409032403856,13.373664462999049,13.15711744222552,12.912553264319662,11.895000000000001,11.757500000000004,11.406669587898607,11.40318027682987,14.434332487725158,13.152080814363174,9.855833333333333,9.474999999999998,10.390972554760928,8.043938109545893,12.04349866663241,12.093682030494062,12.012604166666666,12.174374999999998,12.032791289674748,12.516247009743772,11.575796638048303,11.202071159666238,11.957500000000001,12.067499999999997,11.17649881958679,11.38653572105194,13.12425782363145,11.95683661521463,8.4353125,8.449374999999995,8.615262971865896,8.596459113713443,10.011746973856601,9.034992688199544,5.372499999999999,4.8475,4.414601690559219,4.542814414213507,5.1297072166038795,4.814610849570933,9.096056547619048,9.269702380952385,9.257285119483688,9.572816272961557,10.454756104199111,11.449777187571897,8.142708333333333,8.424499999999995,7.819733015859399,8.347464287833306,8.84066440060579,8.044454436057649
2009-05-31,PREMON,18.692,17.14,11.76,12.853333333333332,14.675,11.4375,10.26,10.32,12.4325,12.908166666666668,12.097000000000012,14.969845419442315,14.928023950126304,16.279813054540732,15.912836923474723,12.161875,11.562500000000004,13.700001752739166,12.370353623826233,14.801254975547398,12.984797054451125,9.985416666666666,9.474999999999998,10.938583532856557,8.204385024553922,13.925968727463584,12.048046440186686,11.241562499999999,11.923958333333331,12.361008107138181,12.734033870850881,12.544483455610026,11.384065576752437,13.095,11.382499999999999,12.575899291752075,12.302186443052163,14.402548432717948,13.757907099234089,8.2053125,8.239999999999995,9.744157783119537,8.802817419856824,12.168592454270666,10.535651601559188,5.7162500000000005,4.9975,6.752761014335531,9.220247992377045,8.88558985330756,8.761309137466066,8.87720238095238,8.836369047619051,9.682371071690213,9.876623654109197,11.888921728052205,10.278837317825634,8.312458333333334,7.707624999999994,9.66483980951564,11.491985964475388,12.278538096817789,12.122643170229795
2009-08-31,MONSOON,7.135999999999999,8.290000000000001,5.666666666666668,10.364166666666668,13.95,5.7,4.16,6.3874999999999975,5.966666666666666,13.429333333333334,13.04300000000001,11.836307251665389,13.65397798561529,8.592363628084712,7.900507042524966,12.67375,12.227500000000003,11.536001051643499,11.706747276768034,8.783744956049038,9.001666303309086,9.734166666666669,10.236666666666666,8.8298167863806,8.156564418815966,5.567435944699135,4.531085059925091,10.061875,12.101249999999999,11.562271530949575,12.489982745782594,10.134650498817035,11.106935710034058,13.956875,12.532499999999997,13.125539575051246,12.906693817739068,8.839520312723486,8.332011614478523,7.919687499999999,8.630624999999997,8.126494669871722,8.579546577321123,6.766208048604564,6.025240560209162,5.66625,5.7475,5.71565660860132,7.607996051714187,2.3667425618802707,2.386080558569449,8.388392857142856,9.35574404761905,8.364422643014127,9.025746475330724,5.674322790812475,4.990667200630233,8.2660625,8.577791666666661,8.18557055237605,8.848622362880088,4.6810155221317835,4.142431349061175
2009-11-30,POMKH,9.543333333333337,12.225,9.75,6.85,14.55,5.2,3.31,7.58,5.283333333333334,15.561333333333334,12.773333333333344,10.919117684332567,12.933130949084351,11.082617575737391,10.095499298506134,13.20875,12.096250000000003,11.8116006309861,11.80678854945779,10.79232992482582,9.70353480299779,9.734166666666667,9.734166666666667,9.197890071828361,8.246584454951405,8.111274862644844,7.500549724374091,9.035208333333333,10.381874999999999,9.677362918569745,11.641673590125142,10.646329902474267,11.425461765565046,14.250000000000002,13.657499999999999,13.695323745030748,13.637303010701638,10.702110990896454,11.141672136330133,7.8109375,7.779999999999998,6.955896801923033,8.336246519094564,7.379817580994043,6.583046153927602,5.66125,5.685,4.753393965160792,5.425385227776286,4.2862932501309,4.193199350699418,8.606875,8.398660714285716,8.050653585808476,8.573472218772743,8.277930293101326,7.1920071747299215,8.7496875,8.047124999999994,7.024675664758963,6.49335470282674,7.221792163757995,6.764881395447201
2010-02-28,POMRB,20.97,15.35,11.76,8.9,13.85,9.9,4.86,9.225,10.2575,16.929333333333332,14.085333333333343,14.939470610599539,14.894426041663223,13.800659214454956,12.784842574581553,13.045625,13.251250000000002,13.22696037859166,12.409793153713206,14.384654807989389,12.734737486312401,9.353333333333333,9.734166666666667,10.222734043097017,8.401172807122997,11.809892054691462,11.12069178930717,8.287395833333333,9.741874999999999,9.366417751141848,11.196886861508897,11.680522454192504,10.925292700721268,12.61875,14.256249999999998,13.75719424701845,14.014472539502743,14.540520150254952,13.87814444282559,6.925000000000001,8.059374999999998,8.13353808115382,8.450245788564219,8.781575646685727,7.306839343828511,5.624999999999999,5.647499999999999,4.796036379096475,4.904346479070007,5.68039735913945,4.79702964704862,8.9465625,8.378125000000002,8.520392151485085,8.637480556092884,9.62132594128178,9.333179146777272,9.174791666666668,8.484999999999994,8.317805398855377,8.482291884761999,8.558550524062953,7.857917660326162
2010-05-31,PREMON,30.5,16.8,11.76,7.2,14.625,9.45,10.37,12.15,14.55,17.697166666666668,17.037333333333343,21.163682366359723,19.12495850674514,18.28628537944632,20.769770544740563,12.79,13.166250000000002,14.656176227154996,13.154310928983834,16.56285449975668,16.257426041629152,9.223749999999999,9.734166666666667,10.83764042585821,8.55129196655802,13.769060919896049,12.065718641755433,8.89,8.328541666666666,8.499850650685108,10.494731618781946,12.649209271754188,10.909360683655885,9.49375,14.243749999999999,14.10431654821107,14.551405223190214,16.0021259545117,14.891112248180974,6.645833333333334,7.5624999999999964,8.660122848692291,8.523489427534791,11.516810217545633,11.164752998250721,5.818749999999999,5.674999999999999,7.0256218274578845,8.907198581763442,9.300475833431385,9.249677414685726,9.49725,8.835625000000002,9.972235290891051,9.553100777535754,11.287286758599306,10.7165571055446,9.863541666666668,9.014374999999996,10.810683239313226,13.507149881155605,12.731390105516885,12.48213446751823
2010-08-31,MONSOON,6.2719999999999985,7.324999999999998,2.62,10.035,0.95,0.6,3.76,7.275,7.25,18.346,16.821333333333342,15.207009419815833,17.34941149906348,13.500111384422588,9.768114292162803,13.30625,12.925,11.723705736292997,12.200902331745217,9.730174875188489,8.93292966164377,9.56,8.9725,7.550584255514925,8.391627705910077,5.462044836646826,4.755712478921955,10.485,8.246249999999998,9.113910390411064,10.334437839089889,10.239376314961113,10.471459954190465,8.565000000000001,10.993749999999999,8.842589928926643,10.534247551931632,10.130135960908495,8.822202556932238,7.381666666666667,6.287499999999997,5.436073709215375,7.9517230744497445,5.785348835365326,4.999683143602254,6.2425,5.574999999999998,5.719373096474731,6.69260237362992,2.722537108219181,3.082817551263541,10.253458333333334,9.057500000000003,8.89334117453463,9.017656037256728,5.822921871084512,5.2885027665985165,10.524375,9.335208333333329,9.386409943587935,11.236485946412369,5.735485910190302,5.5760934675141165
2010-11-30,POMKH,16.55,11.145,11.76,12.0,2.55,8.066666666666668,5.26,11.097999999999999,9.51,16.261083333333335,18.573000000000008,15.7442056518895,17.886144590052147,14.281914311278037,10.15710992072719,13.930625,12.655,11.4922234417758,12.039855186439794,10.997353332229803,9.588777815854638,9.645,9.475,9.234350553308955,8.54202281690556,7.040190534831042,6.34413682535634,11.861249999999998,9.533749999999998,10.26834623424664,10.530869296029897,10.751055718618339,10.079956153771072,9.041927083333334,7.993749999999998,6.325553957355986,7.671628389335702,9.316128948149856,5.736875317967428,8.248750000000001,7.004166666666664,6.4883108921958925,7.960950409312373,5.384137397926928,3.9116835988525267,6.62625,6.062499999999999,5.535623857884839,5.922995098919626,4.495603581706148,3.7226539025687804,10.634666666666668,9.937000000000003,9.775204704720778,9.599195768214441,8.654502984548232,8.938518004258047,10.623125,10.391874999999995,9.435845966152762,10.720929144949851,8.35897562672328,7.636506488305066
2011-02-28,POMRB,19.154000000000003,20.56,12.44,16.509999999999998,18.42,12.92,6.3,11.756666666666668,11.3175,14.768166666666668,18.119000000000007,17.108123391133702,18.90783883405024,18.12694647695381,19.215342007660613,14.115625,13.957499999999998,15.11933406506548,13.47046141301965,14.091242613624493,12.545606718363945,9.645,9.645,10.516610331985373,8.71079441966567,11.750403609366888,12.235098731580495,12.333749999999998,11.436249999999998,12.765007740547983,11.500621958566784,11.785248270336652,10.415063331908957,10.136979166666666,9.136249999999999,11.163332374413592,10.478788272108561,11.16655825727572,8.605261469566948,9.651458333333334,7.759166666666664,9.060986535317536,8.32033598235301,7.9838179919155685,8.933902344398593,6.567499999999999,6.422499999999999,5.841374314730903,6.095067930136695,6.227079216434515,5.519959974086147,10.297541666666667,10.56991666666667,10.567789489499134,10.326201575986005,10.967125402643982,10.871004705536562,10.120000000000001,10.656874999999996,10.188507579691656,11.464104683099173,10.812300304903859,10.158467176140583
2011-05-31,PREMON,15.636666666666667,16.585,11.76,10.6,13.870416666666667,13.366666666666667,12.0,12.668,14.28,14.10025,14.403166666666674,16.519540701346887,18.940047344741583,20.794441048768235,22.462873036758747,13.824375,13.903749999999999,15.705600439039289,14.00418101654512,18.40410892163803,19.504420494995106,8.639999999999999,9.645,11.013966199191223,8.851962331206385,13.952364746586195,12.412656468046158,11.547916666666666,12.286249999999997,11.89900464432879,11.38834629077396,12.753935087898448,10.638918262186902,11.977565104166667,8.947604166666665,12.246166091314823,11.60255557289662,14.116048879304147,16.872277778145083,10.21125,8.73833333333333,10.783258587857189,8.686072204358569,11.659622629770112,12.556660096395136,6.0225,6.83,8.304824588838542,10.813543620757782,10.020296022175545,10.17131531779252,9.219666666666667,10.69941666666667,11.407873693699479,11.246384686223951,12.998962670289973,11.811425077069206,9.2565625,10.589374999999997,11.825104547814993,14.068509040473128,14.553708249107721,13.96679813694092
2011-08-31,MONSOON,9.191999999999998,9.02,2.62,10.415,10.465,7.9049999999999985,1.66,4.0600000000000005,3.495,11.838083333333334,15.133166666666673,13.588524420808133,17.3444894225695,10.86626512083518,3.9371012186333885,12.523906250000001,14.327499999999999,13.031360263423574,13.192268416260182,10.773848175786599,8.865256176347458,6.7075,9.645,7.656379719514734,8.68360560575814,5.585165501200345,4.55871301956161,9.445,12.381249999999998,11.305402786597273,11.248174933545624,10.344102131105421,10.92036287150669,11.892994791666666,11.326354166666665,11.533699654788894,11.454740940532217,8.455984922416963,7.791645698404076,9.070104166666667,10.56458333333333,9.631955152714312,8.630615692821591,6.857914959037466,6.647212279333826,5.4475,6.305,5.646894753303125,6.381176318314837,3.61876367035602,3.909178069793886,7.920333333333334,9.89566666666667,8.468724216219687,9.596095183491888,7.166312126810712,6.071121727132381,8.2534375,9.650624999999996,8.493062728688995,8.279947757522265,6.801621931768436,5.798969282718238
2011-11-30,POMKH,8.286666666666667,7.119999999999999,3.72,5.333333333333333,7.759687500000001,5.239999999999998,3.0,5.69,6.3575,11.114249999999998,13.067333333333341,11.467781319151547,15.550917571253636,13.29201970998524,12.409728779330347,11.997187499999999,13.32125,10.666816158054143,12.198517575438247,12.293663599204454,10.93911379672976,5.78,7.635,6.081827831708841,8.556876271165702,7.122887655926108,7.090451271972648,8.769791666666666,10.714583333333332,8.916575005291698,10.248887243540814,10.85578153476265,11.105686835100373,11.257786458333333,12.628776041666665,10.024094792873337,10.385588199279905,9.737678792703019,9.627735627339533,8.268958333333332,9.857916666666663,7.875173091628586,8.386521401069132,7.9921704838141086,7.873885677136249,4.8500000000000005,5.74,4.588136851981876,4.148600908530554,4.811116909889342,3.535459295547536,7.080285714285714,8.54366666666667,7.357234529731812,8.512593024120521,8.591489912738844,6.335123115935211,7.2915624999999995,8.862499999999997,7.638837637213397,6.383966555580021,7.682710819536536,6.068610378832546
2012-02-29,POMRB,9.32,14.18125,5.02,6.3533333333333335,12.53375,6.6175,3.96,6.7700000000000005,6.445,11.170972222222222,10.60883333333334,10.608668791490928,14.093124569953568,14.98409676551855,17.43736964795137,11.9390625,11.7265625,12.072589694832486,12.54258561595103,13.323520062338995,11.235362630879953,5.834166666666667,5.780000000000001,5.657096699025304,8.47725453159348,9.166219171344693,8.337923334481518,9.424916666666666,8.175416666666665,7.891278336508352,9.506442292741292,11.88997408648086,11.135283658412241,10.7665625,11.157213541666664,11.027956875724001,11.005212368528346,12.484914685139803,11.737763697297176,7.807765624999999,8.282291666666662,7.372103854977151,8.259616178711873,9.252919596918005,7.7903250110293225,4.64703125,5.155,4.336882111189126,3.4874473128647967,6.043419787520637,4.9935763133595445,6.988856026785715,7.297000000000004,7.122340717839087,7.853072186939723,9.255019762506768,7.876269990300541,6.9999166666875,7.644374999999997,7.161302582328038,5.567331071553077,9.241102387944759,8.088106653139878
2012-05-31,PREMON,19.68,18.75,11.76,15.355,14.675,13.26,9.56,10.934285714285712,11.4575,10.419194444444443,11.619666666666674,14.237201274894556,15.114030428343886,15.670994987076071,19.028797490864694,11.912812500000001,12.2678125,14.74355381689949,13.58933881546566,15.459977888737328,15.647571224913149,6.0945833333333335,5.780000000000001,8.098258019415182,8.625174146977399,9.780462933694267,8.673489437552035,9.961083333333333,9.364166666666664,10.876767001905012,10.370596509491765,12.858660904042502,10.289042324881228,10.2016796875,11.358359374999996,12.486774125434401,12.30813707853806,14.084999976856032,14.024646346725696,7.405531249999999,8.255624999999995,9.72726231298629,8.622024107931928,11.06333033791086,9.443539937282065,4.7378125,4.545,6.426129266713476,7.603577701554089,9.418705745714234,9.996029303394433,7.296640624999999,6.863571428571433,8.647118716417737,8.460016317982324,10.276554412210698,9.322946167107181,6.782395833375,6.938749999999995,8.879781549396823,8.977837647683629,11.789390814229483,11.199070623535974
2012-08-31,MONSOON,5.602444444444443,6.39,3.053333333333333,10.900999999999998,5.730625,4.322125,2.4762500000000003,5.062276785714286,3.9843333335,10.556527777777777,10.722277777777785,10.78329854271451,12.927013880234929,8.456207494674917,5.469053362061841,11.98703125,11.6103125,11.402132290139694,12.408704086529937,9.811449760528268,10.247484342896605,6.475833333333333,5.8883333333333345,6.0802881449824415,8.47785520315436,2.7830018221216806,4.314419193629991,10.924416666666666,9.485666666666663,10.886460201143006,10.419176357518143,10.448827947249544,10.572341307764647,9.915000000000001,10.174765624999996,9.78431447526064,10.472672602347222,8.581447913360432,8.373379303548145,7.49146875,7.359906249999995,7.565207387791775,8.31220108988775,6.382250336279368,6.6810008122920435,4.829062500000001,4.7490625,4.846177560028085,5.2473809121034805,2.6608622692945874,2.204891938088703,7.7290624999999995,7.1141406250000045,7.213181944136357,7.426903876150858,4.748946288503733,5.441817090175998,6.577958333375,7.061083333374995,6.921602263038094,6.216887229147975,4.016276807509415,3.3922708315893733
2012-11-30,POMKH,5.862,9.54,5.37,9.136666666666667,7.975,5.605,2.91,7.15,4.127999999999999,9.809444444444445,10.116111111111119,8.814779125628707,11.02900685425922,10.53282790011244,11.852672562995085,11.12125,12.2153125,10.657279374083815,11.94655804522624,10.684434943642092,9.130068116268774,6.6504166666666675,6.300833333333335,5.796172886989465,8.41221439642846,5.383017347842835,6.856979632211062,11.505458333333333,10.436499999999997,10.18654278735247,10.166197636364036,10.96050735090678,10.097431098474098,9.205364583333335,10.228593749999996,9.060588685156384,9.55786864866632,8.952905901217937,7.385222925655584,7.36803125,7.451156249999996,6.781124432675066,8.11747077506627,6.750991300680578,5.894980091393382,4.8784375,4.7265625,4.071706536016851,3.778638837356964,4.197072415591979,3.6258553263141167,7.797823660714285,7.479140625000004,7.187909166481814,7.107568465672004,7.229188800544849,7.8005122834479765,6.544062508374999,6.503708333374995,5.804161357822856,4.544150914906483,6.080863201541847,5.729012246916452
2013-02-28,POMRB,12.843333333333335,12.355,6.42,10.256666666666666,10.025,6.94,4.779999999999999,8.769375,7.039,8.239555555555556,10.996944444444452,10.426200808710558,10.914975708548951,12.323925191200095,11.520239825501898,10.088125,11.758750000000001,11.33636762445029,12.028629823410688,13.277150883126321,13.021523719486463,6.383333333333333,6.650833333333336,6.0457037321936795,8.383560518525778,8.539326789996778,8.712883303861247,11.438458333333333,11.412333333333331,10.214592339078148,10.127803780818905,11.994699902625046,10.093193835303008,8.715807291666668,9.601406249999997,9.44635321109383,9.458713721178158,11.887455364710107,11.896499368116784,6.992265625,7.531781249999996,6.84467465960504,8.033294826390968,8.407450199082366,7.896547971798459,4.66015625,4.9315625,4.35502392161011,4.112360101306574,5.530942903914756,4.578957897933084,7.347985491071428,7.978984375000004,7.820495499889089,7.318869362809414,8.763485186193897,8.949120588907697,6.1179166834375005,6.652208333374995,6.2980968146937135,5.590668906835625,7.412415695875708,7.090823462154523
2013-05-31,PREMON,10.18,13.65,11.756666666666666,16.1,11.506666666666668,11.95,9.135000000000002,9.485,10.592333400000001,7.612166666666667,8.621944444444452,10.327720485226335,10.309101078696596,14.841155526627633,15.22076705969856,9.0875,10.48375,12.261820574670175,12.312426344892126,14.723227536017744,14.992588217139854,5.710416666666666,6.650000000000002,8.330088905982874,8.534077459781612,9.819049253924469,9.739946265451168,11.51775,11.59858333333333,12.56875540344689,11.10667078804731,12.963386720186744,10.996769121188116,8.370885416666667,8.809322916666662,10.270478593322965,9.91476260245651,13.12956054237386,12.973345726172981,6.4041250000000005,7.204281249999996,8.886804795763023,8.317342682010095,10.50561023013688,9.85491513906777,4.5075,4.825312500000001,6.267014352966067,7.997026708905912,9.164482683771602,10.122909854792178,6.721026785714285,7.616662946428574,8.486297299933453,7.758130640134135,10.55354192649193,10.29798282982607,5.693354183500001,6.4359166833749955,8.015791448816229,9.33196074503018,10.836284334289864,11.022633049527673
2013-08-31,MONSOON,2.543333333333333,3.225,0.92,9.62,4.982500000000001,2.6260000000000003,1.155,2.9128571428571437,1.440333334,6.64325,7.857166666666675,7.213965624469134,8.199030250859174,5.059979957407382,4.899055815742803,7.995625,9.6925,8.647092344802104,10.81641607196181,7.382279681377858,6.985055617292427,5.216666666666666,6.116666666666669,5.366053343589725,8.31809973356706,2.807824886635598,4.171458707679919,11.990833333333335,11.27833333333333,11.389253242068133,10.903582320745473,10.553553763393797,10.913478856320392,7.846354166666668,8.622291666666662,8.15528715599378,8.25096794795494,7.211538812499755,6.7603721752629085,5.673,6.780249999999996,6.382482877457814,7.906903688562499,5.639193176594146,5.868952518686575,4.438750000000001,4.495000000000001,4.22220861177964,4.7343285212540565,2.373540098877985,2.161334280517331,6.072354910714286,7.079308035714289,6.256921237102929,6.376686601399222,4.493325513991375,4.034526652324736,5.478416683500001,5.799916683499995,5.3856082028897365,5.313693751847857,3.0949525712068926,3.1759175467046146
2013-11-30,POMKH,3.902,4.7,2.12,11.052,5.96375,2.596,3.01,4.28375,3.2755,5.877083333333333,7.367166666666675,5.889179374681481,6.724165449620092,7.236387624296508,4.856923500386274,7.158125,8.482500000000002,7.068255406881262,9.812507313750464,7.96985074106178,7.351510519477867,5.129583333333333,5.304166666666669,4.0676320061538345,8.148467966603562,4.699264503365078,5.610047087361118,11.78925,11.757166666666663,11.25435194524088,10.956626362292262,11.065233167051014,10.711221731067774,7.442708333333334,8.119479166666661,7.2786722935962676,7.183717474307697,7.699455456138505,7.105299882064533,4.646437499999999,6.027999999999996,4.867889726474688,7.523917388420007,5.773129534868382,5.024722841581571,4.2006250000000005,4.5200000000000005,3.737325167067784,3.5809493761921365,3.7093596668415785,2.890923369072163,5.7350892857142854,6.362745535714289,5.467652742261757,5.559982323324233,6.389272932260131,6.04617686853092,5.138000008500001,5.586791683499995,4.541564921733842,3.7749923490423862,4.573089717068363,4.320375491658036
2014-02-28,POMRB,7.0520000000000005,8.46,5.72,12.126,7.84,4.1,4.13,6.44625,6.1720000000000015,6.150916666666667,5.919333333333341,6.3543076248088886,6.20203951450533,9.423074405750407,8.607015030217754,7.27,7.508750000000002,7.624953244128757,9.599320908103861,9.738159206015286,10.118358824794704,5.7175,5.129166666666668,4.7285792036923,8.104046249067595,7.013011787026673,6.799235283047947,11.735,12.224499999999995,11.603011167144528,11.188734735970085,12.099425718769307,10.832667583140113,7.505,7.573229166666662,7.50320337615776,6.952586316381574,10.492070898812136,10.858052248038891,4.4163125,5.317999999999995,4.560733835884813,7.277288026797372,6.92918269834165,6.326692018167135,4.315625,4.3575,3.8943951002406703,3.631796192973507,5.157137619728584,4.693025539424259,6.074263392857143,5.781964285714289,5.859091645357054,5.481462762221039,7.298383027091848,6.964872235524272,5.194916666750001,5.370041683499995,5.193738953040306,4.870430599805408,6.141463794012678,6.193595433249279
2014-05-31,PREMON,9.842000000000002,10.845,11.76,12.618000000000002,10.4625,6.5775,7.879999999999999,9.11,8.736,6.883,5.834833333333341,7.749384574885334,6.444615730203988,11.084715053616517,13.657136071927715,7.9937499999999995,6.807500000000003,8.912971946477253,9.81778298835006,11.04614715044443,12.522255527569019,7.51,5.130000000000001,7.54114752221538,8.262755420857681,8.564033823411705,9.610026431598016,12.24,11.353999999999996,12.009006700286719,11.487202533081632,13.068112536331032,11.3796220515075,7.835156250000001,7.312187499999995,8.686922025694656,7.704119228088175,11.586282999835426,11.890906376351312,5.283875,3.9748749999999955,5.367440301530888,7.227544410032482,8.691856576561396,8.558592206044743,4.466875,4.043749999999999,5.488637060144402,6.737309569994532,8.737146759192736,9.529000593714978,6.801093749999999,5.688214285714288,7.159454987214232,6.216465704766696,8.823713368934706,9.461437970388978,5.6846875,4.905958333499995,6.6106433718241835,7.830625490746174,9.711324191489322,10.437552755505008
2014-08-31,MONSOON,5.072,6.924999999999999,5.62,12.668,6.525,6.1575,3.33,6.00125,3.752,7.15625,6.467000000000008,6.6784307449312,5.724780117291751,2.31540596959346,2.053187807689442,8.12875,7.732500000000002,8.117783167886351,9.348559897657234,4.043462326073843,4.8912493363920415,9.47,6.305000000000001,6.772688513329228,8.21168778900735,1.9659563511373292,3.752886809490832,12.314916666666667,12.115999999999996,12.27260402017203,11.76938126663489,10.65827957953803,10.89160353215092,8.17,7.697812499999994,7.822153215416794,7.155584082578707,5.761743527880819,6.157056144959751,5.969374999999999,4.857749999999995,5.6834641809185324,7.1510309898783975,2.9486813334779365,2.9671122620703883,4.37125,4.587499999999999,4.6251822360866415,5.421678298191095,1.7857905767580613,1.340349701088934,7.247135416666667,6.460312500000002,6.696172992328539,6.059053952530945,3.181503151410892,4.137124145000415,5.893500000000001,5.483874999999994,5.467186023094509,6.086996190903442,1.7056677206513573,2.0648074956289895
2014-11-30,POMKH,7.229999999999999,6.79,11.76,12.044,7.0625,6.005000000000001,2.045,7.01,4.882,7.050958333333333,7.299000000000007,6.899058446958719,5.6253606286035795,6.05270537316046,5.111156903201332,8.11,8.255,7.586669900731811,8.934338568216772,7.361253819099977,9.110990888074042,10.223749999999999,8.715000000000002,8.767613107997537,8.367285013605466,5.676927924541775,7.46402752598379,12.220875,12.363999999999995,12.18116241210322,11.91699732560461,11.16995898319529,11.151489894375512,8.418437500000001,7.972499999999994,7.5182919292500765,6.895096237840818,6.810109829293203,7.690943409706527,6.326875,5.709999999999995,5.81207850855112,7.069016025451961,4.61551700735515,6.6506320158964245,4.492916666666667,4.3462499999999995,3.593109341651985,3.479550253190161,3.657072058672851,3.7192101490146685,7.382395833333333,7.1418750000000015,6.821703795397124,6.218953555965426,6.435052045174334,8.134409646106146,5.957750000000001,5.885499999999993,5.233111613856705,5.439504471101647,4.521361193642059,4.888383484717168
2015-02-28,POMRB,5.91,7.45,11.76,11.733333333333334,9.42,6.175,4.33,7.288333333333332,6.2360000000000015,7.141083333333333,7.013500000000006,6.503435068175232,5.322599261603587,9.574860798233118,10.82716547276565,8.905625,8.002500000000001,7.532001940439087,8.698195574675273,10.176295575429354,11.076752827261043,10.99,10.225000000000001,9.964567864798521,8.518383878681435,10.834733693439283,11.421207265608594,11.979416666666667,12.26583333333333,12.002030780595266,11.991115299623704,12.204151534913597,11.300359313975125,8.549999999999999,8.367499999999993,8.278975157550047,7.494734094717677,9.975090766577615,11.09711119867344,6.342500000000001,6.2287499999999945,5.957247105130672,7.005208538507837,6.896633477449772,7.904620749356769,4.659166666666667,4.396249999999999,3.887865604991191,3.7281760204959933,4.927952786417999,4.139032201400815,7.426197916666666,7.352395833333334,7.0083556105716065,6.462530635449489,8.171169706369367,8.721869338623499,6.11575,5.901499999999993,5.634266968314023,5.924361514199944,6.689033597968834,7.371585515468885
2015-05-31,PREMON,10.141666666666666,11.705,11.75,12.258333333333333,10.87,7.3625000000000025,8.653333333333334,9.35,9.186000000000002,7.7245833333333325,7.088416666666672,7.958727707571805,6.053179594830936,10.853537606332754,7.6407993979081965,10.680625000000001,8.217500000000001,9.201201164263452,9.208343588787463,10.92257957067568,11.700302909845183,11.7575,10.222500000000002,10.678740718879112,8.664780249887075,13.114071075023322,12.898617448291398,11.890125,12.175916666666662,12.104551801690492,12.140959203951079,13.172838352475315,11.330992526813418,8.985625,8.469374999999992,9.315385094530027,8.57029660503917,11.462062166296482,12.46878797354239,6.3725000000000005,6.424999999999995,6.519348263078404,7.031844692557955,9.178538247504811,9.4820795968391,5.336041666666667,4.589583333333333,5.794052696328048,7.5456342579209865,8.591144324589868,9.00060286184747,7.496041666666667,7.412395833333335,7.945013366342964,7.292054542867009,9.68702713232693,9.563134085339183,6.486750000000001,6.013999999999993,7.054960180988415,8.547229562833472,10.084127628434643,10.681624356766589
2015-08-31,MONSOON,5.493333333333332,12.43,11.76,11.095999999999998,7.17,5.4975000000000005,3.8866666666666654,6.111666666666667,4.566,9.059375,7.193750000000006,6.9725699578764155,5.73831795542443,2.2413596386802865,3.5876889978110285,13.539375,9.593750000000002,10.49272069855807,9.754812193662339,4.301401492156492,5.532016688734016,11.7575,11.757500000000002,11.111244431327467,8.807278444016776,5.018821043074265,4.070257722204357,12.469833333333332,11.782916666666662,11.701131081014296,12.069262615776085,10.763005395682306,11.448728779332072,9.4840625,8.630624999999993,8.457231056718015,8.29020589118537,5.737112718338384,6.365494096893091,7.047812500000001,6.259999999999996,6.110608957847043,6.921746625498855,3.508858840495333,3.554592202113522,6.522916666666667,4.72875,5.0310982844634955,6.44871549557011,1.8179690760113605,2.3519748419169377,7.838541666666666,7.440000000000001,7.2116746864724455,7.122502069968134,3.8525054992223957,3.6908239938133516,7.0205625000000005,6.217499999999993,6.0593761085930495,6.826003302791008,2.1063706724810842,2.388798667199805
2015-11-30,POMKH,11.476666666666668,15.485,11.76,12.901666666666666,9.9025,6.904999999999999,6.903333333333332,7.458333333333332,7.0360000000000005,9.208125,8.255416666666674,8.774208641392516,6.849131697653253,6.125292597418646,5.678175008159096,15.291875,11.767500000000002,12.489632419134843,10.718927163123174,9.654425891606856,12.0194995560426,11.814999999999998,11.757500000000002,11.370746658796481,8.945656975279045,9.743375187307173,11.10582017005259,13.200666666666667,11.997333333333327,12.181345315275244,12.304627669878352,11.274684799339541,11.353943955015573,9.381250000000001,9.340624999999992,9.03533863403081,8.927062916614203,6.91089924815135,7.923682247619816,7.775937500000001,6.484999999999996,6.428365374708225,6.921335719676432,4.875082861326558,6.281194690004918,7.326458333333333,5.943333333333333,5.77999230401143,7.5105138110878125,3.7909041590650743,3.3049671407067116,8.314374999999998,7.552083333333334,7.3103381452168,7.322310848235563,6.9330964906761094,7.801634403553258,7.405625,6.755999999999993,6.45002566515583,7.145607486076956,5.071433322298171,5.339549390935435
2016-02-29,POMRB,12.341666666666667,21.625,11.76,15.513333333333335,10.5675,10.6775,8.966666666666667,9.58,8.3525,8.18575,9.86333333333334,10.201191851502177,8.148722248065239,10.882985434264176,8.852827111613063,14.6525,15.311250000000001,16.143779451480906,12.544583324299621,14.95261226389318,15.766481727054474,10.555,11.757500000000002,11.526447995277888,9.080034944285963,13.566066146084435,11.558512898938137,13.289916666666667,12.942333333333327,13.514140522498481,12.970737020610256,12.308877351057859,11.416259986742176,8.886875,9.627499999999992,9.648203180418486,9.709043637957713,10.588927691360345,12.21001436847201,7.6690625,7.610624999999996,8.128019224824936,7.193650386790584,7.313981265766494,8.254597173285475,7.273333333333333,7.102500000000001,7.054662049073524,9.643893507574893,5.977463435452885,5.957183491134975,8.146220238095239,8.125,8.21820288713008,8.104813890560326,8.653876741603625,8.9358180727771,7.197625,7.285124999999993,7.2110153990934975,8.264354189270422,7.818779322160213,8.41106921644583
2016-05-31,PREMON,4.9,11.55,12.21,14.325,8.9,8.685,10.445,10.865,10.15,6.856500000000001,8.552916666666674,8.080715110901306,7.639555842637009,13.678242831445363,11.721135840801798,13.48375,15.2725,14.306267670888545,12.394137163172626,19.344462826452897,20.01813556205464,8.115,11.872500000000002,11.799868797166733,9.225566251834753,14.948639799784662,12.845184893575407,12.646125,13.458999999999994,13.83848431349909,13.377994407637546,13.277564168619632,11.729717265679945,8.178125,9.134999999999993,9.348921908251093,9.794715746612248,12.175852892232836,12.845014782554294,6.998125,7.941249999999995,8.350811534894962,7.302283930991157,10.602333337324495,11.621295390298773,6.680416666666666,7.550416666666667,8.410797229444114,12.007648037620896,10.335899117727417,10.546498317564385,7.600773809523809,8.50375,9.276921732278048,9.195591884314494,10.727853753737442,11.031422169946978,6.613624999999999,7.526124999999993,8.3866092394561,10.30876869287923,11.57049499953548,11.956685906393043
2016-08-31,MONSOON,2.556,7.47,1.22,9.743333333333334,5.185,3.32,1.67,3.251428571428572,1.9380000000000002,5.360708333333334,7.81858333333334,5.870829066540783,6.597169172795087,2.678399658308523,3.0598696719058847,12.311875,14.0325,11.571760602533127,11.590295300272246,9.396478448356122,6.357365754161716,6.9925,9.237500000000002,7.567921278300039,8.999622885784285,6.402084998840111,5.371556418231129,11.723083333333333,13.120833333333328,12.200423921432787,12.946452681263725,10.867731211826653,11.783070046664205,7.581875,8.638749999999993,7.683353144950655,8.56296763656992,5.948235942974671,5.562221202268711,5.985625,7.396874999999994,6.338486920936978,7.015267328050513,4.907698147884777,4.33111259974385,6.235833333333334,6.996250000000001,5.714478337666469,6.8730350640719164,3.5718160873956064,3.5498460991032177,7.2225,7.788690476190475,6.8667244679382575,7.956376921687744,5.039629182328619,4.989224509383484,6.3023125,6.869124999999994,5.807165543673659,5.840062251547497,3.403949895871868,3.385878121825101
2016-11-30,POMKH,3.78,11.095,2.78,9.104,6.2175,3.715,4.376666666666666,5.954999999999999,4.992,5.819916666666667,5.8944166666666735,5.03449743992447,5.901955155558046,5.563510103868305,7.192567079954093,12.703750000000001,12.935000000000002,11.381056361519876,11.521714382683658,10.849333944580582,9.69764058199064,7.10625,6.992500000000003,5.652752766980023,8.832344183169058,7.2119378698126555,6.067480009989873,11.087375,12.171416666666662,10.961854352859671,12.415130399978628,11.379410615483867,11.827142760224968,7.7228125,7.717499999999993,7.097011886970393,7.77806469695791,6.710693913072672,7.205196729913466,5.800625,6.599374999999995,5.289092152562186,6.777517274551647,5.392829651554141,5.220475498262637,6.076875000000001,6.364583333333335,5.179353669266548,5.051969628615491,4.77520661478606,3.8348578723979903,6.933125,7.412857142857143,6.502034680762954,7.516884392468975,6.871484805274308,6.144655935821413,6.24075,6.358124999999994,5.481099326204196,4.843484379256658,4.950273795817282,4.488446352030761
2017-02-28,POMRB,8.072000000000001,16.64,11.76,11.926666666666668,9.4825,5.7675,7.9366666666666665,8.057142857142859,7.9060000000000015,7.144166666666667,4.827000000000007,6.249498463954683,6.243885755140697,8.209260308528378,5.8801762321102355,14.16625,11.688750000000002,13.484633816911927,12.386208284472808,13.981243041164959,13.946302558087496,7.444999999999999,6.992500000000003,8.095651660188013,8.96999805686313,8.91740684562688,7.180681441532454,10.963583333333332,11.274749999999996,11.347779278382468,12.395421978252466,12.413603167202126,11.899323823482769,8.1771875,7.446249999999992,8.051207132182235,8.175206769032512,9.736028757684332,10.460900594255726,6.711875,5.371874999999994,5.480455291537312,6.705290939004891,6.9182610519970185,6.789058972851021,6.2320833333333345,6.107083333333334,6.282278868226596,6.428199530055871,6.281287899576386,6.151776293116765,7.0757142857142865,7.032142857142858,7.124077951314916,7.691191574517508,8.147449668615756,7.721840530536976,6.3355,6.246499999999994,6.451059595722517,6.400966364593233,7.002688389468545,6.9696904933913135
2017-05-31,PREMON,12.843333333333332,19.67,13.12,12.825999999999999,11.1125,12.115,10.203333333333337,10.072857142857146,10.104,8.326333333333334,6.812833333333341,8.887032411706143,7.714759521615366,10.532115225586958,7.665062913768452,14.93375,13.718750000000004,15.958780290147157,13.611704171981277,16.816284241165302,16.417104377976543,7.7875,7.220000000000002,10.105390996112808,9.149121231794984,11.826249860490659,12.758335047388195,11.475833333333334,10.899999999999995,11.93906756702948,12.526117516687249,13.382289984763844,11.785263217752103,8.8203125,7.999374999999992,9.27572427930934,9.113532911473945,11.279481991107462,12.060381012964811,7.4859375,6.229374999999994,8.134273174922388,7.0971074633939795,9.09444288517084,8.987611003034772,6.652083333333334,6.046666666666669,7.850700654269293,9.313299629504483,10.381208579053954,10.140729075308753,7.644375,6.834107142857144,8.303589627931807,8.42845415720055,9.907826793749582,10.051690678187274,6.6875,6.234999999999994,7.9122357574335105,9.369957593639985,10.887977470288813,11.228189555478721
2017-08-31,MONSOON,5.206666666666667,11.05,3.02,10.252,6.607499999999999,7.18,3.1533333333333333,5.184285714285714,2.7419999999999995,9.564208333333333,7.4755000000000065,7.414886113690352,7.335680230686405,2.8147787837689116,6.2255971717542495,15.058125000000002,14.613750000000003,13.995268174088295,13.202018779462184,10.998521359665972,11.253669073017525,8.1,7.670000000000003,7.271234597667685,8.985540886442013,4.603628007884638,5.322855064815091,12.151375000000002,11.027166666666663,11.264240540217688,12.198373859574398,10.97245702797084,11.434236247007856,9.575937499999998,8.354999999999992,8.208434567585604,8.446309287862901,5.634149030186862,6.5053939000420105,8.010625000000001,7.194374999999994,7.7525639049534325,7.103919252731184,4.616341685939961,5.9994160643317285,7.080416666666667,6.417500000000002,5.971753725894908,6.173371730341068,3.5615053104318113,2.767174035082542,8.084642857142859,7.31732142857143,7.05586806247337,7.69970411075463,4.228205311202167,5.007657276742909,6.97725,6.435999999999995,5.8441414544601065,6.022411422758333,2.951475382510054,3.184224024886126
2017-11-30,POMKH,10.586666666666666,13.655,3.72,12.693333333333335,9.94,6.047499999999999,6.253333333333334,8.571428571428571,7.004,9.454791666666667,9.177166666666672,8.683598334880877,8.208134308511118,6.444124302948255,8.356392796535175,14.354999999999999,15.253750000000004,13.859160904452976,13.292984124685015,13.21858796356518,12.052495595109097,8.295,7.905000000000003,5.850740758600611,8.850082517970952,6.5949429525560435,6.551417507627487,12.471937500000001,11.924499999999997,11.835877657463946,12.308571989052629,11.484136431628059,11.281588937101294,9.727968749999999,9.28562499999999,8.901060740551362,8.939447694833614,6.721865522052143,7.753054896053874,8.24375,7.777499999999994,7.070538342972059,7.028376448137541,6.1242310434671,7.076978506991984,7.289270833333335,6.886666666666669,6.084385568870278,6.01301847791996,5.0543862630897225,4.551026527573268,8.247366071428573,7.971428571428573,7.662092266055451,7.965015505901076,6.906755878751154,7.212718348681447,7.018375,6.938999999999994,6.308084872676064,6.500138359096136,4.951900188115976,4.864173098503336
2018-02-28,POMRB,11.168333333333333,15.075,13.32,13.741666666666667,11.805,7.6325,9.486666666666666,8.962857142857144,8.212,8.664583333333335,9.951250000000005,9.67749233426186,9.170834788798436,10.844000088794573,10.973229030609357,13.300624999999998,14.862500000000004,14.345496542671786,13.604985358687621,16.42448371852163,15.861429664980228,7.96375,8.295000000000003,8.838444455160367,9.039356148597374,8.811611717710441,8.223393775517398,12.360062500000002,12.378249999999996,12.598193261145035,12.58970552823884,12.51832898334637,11.613778060940948,9.5559375,9.86624999999999,10.062636444330817,10.020892687607176,10.442323183360264,12.019204048006461,7.9540625,8.243749999999995,7.295323005783235,7.072857585719598,8.044120542422192,7.905018436035036,7.252291666666666,7.27416666666667,7.445298007988834,8.375017228398614,6.8700842719175395,7.467483842255582,7.9490178571428585,8.197857142857146,8.182398216776129,8.31643816347314,8.979087076679384,9.503378546922104,6.91125,7.015499999999993,7.069650923605638,7.758272654332358,7.7308814301096955,8.076015042860389
2018-05-31,PREMON,8.871666666666666,15.61,13.12,13.5755,10.00625,12.115,10.324166666666667,10.468928571428574,10.127,7.945416666666666,8.95833333333334,9.355162067223782,9.509687086329267,13.303487792007928,7.801022507501447,12.593750000000002,13.847500000000004,14.85129792560307,13.954426318643357,17.704806270961598,16.013550455858873,7.5737499999999995,8.295000000000003,10.55106667309622,9.216474161591433,12.267376307065112,13.585106958030137,13.056583333333334,12.565624999999995,12.98911595668702,12.81949103938674,13.487015800908114,11.846214274890952,9.28953125,9.58968749999999,10.040081866598491,10.35426835875338,12.288487805488124,13.006296469417158,7.518593750000001,8.243749999999995,9.22319380346994,7.438146944183162,10.4024023152708,10.09471721836857,7.082916666666667,7.304375000000003,8.596845471459968,10.699315027350599,11.156300498658732,10.72108182033794,7.4376339285714295,8.296875000000004,9.097010358637107,9.064811353758001,10.762319196879155,10.58695729742302,6.6755,7.021249999999993,8.292590554163382,10.06912373279613,11.463586244289331,11.704625265700386
2018-08-31,MONSOON,2.856666666666667,6.6750000000000025,0.37,8.6075,6.3375,4.862500000000002,2.736666666666667,2.4014285714285717,1.862,,8.37083333333334,6.755763907000936,8.364545054854212,3.590195749324568,3.9314783716116173,,12.753750000000004,11.580778755361843,12.760911702383979,9.96760788223768,9.068215374353393,,7.632500000000003,6.478640003857731,8.962388079527496,4.899921774133038,5.080798271077796,,12.154499999999995,11.236469574012212,12.171828378701882,11.07718284411512,11.756058526059965,,9.522187499999989,8.559049119959095,9.352039551328872,6.2469725548859785,6.026238493909668,,7.664374999999996,7.478916282081965,7.252825072961731,5.6020628809173525,6.063760577844956,,7.200208333333337,6.2527739495426475,6.640237396705181,4.2097921932387115,2.9602175991258552,,7.601160714285719,6.4187776437536925,7.448650348637743,4.941260777117692,4.6226127782786754,,6.801249999999993,5.7203543324980295,5.727221384732509,3.3273665004858604,3.2302474028173087
2018-11-30,POMKH,7.183333333333333,12.375,3.25,19.91,8.07875,4.88125,5.315,7.2632142857142865,5.997999999999998,,7.520000000000007,6.9267916775338945,,6.29441043627771,5.667873834743079,,12.433750000000003,11.898467253217106,,10.89056832554221,9.803036125926443,,7.515000000000004,5.1871840023146385,,5.923895896551971,4.912747295585541,,13.95866666666666,14.705881744407328,,11.588862247772312,11.788448230105292,,9.05687499999999,8.366929471975457,,7.169338339279417,7.799442374640467,,7.372812499999997,6.439849769249179,,6.296147051833703,5.8559298960942545,,6.965625000000004,5.877664369725588,,5.496269321988336,5.022942778383856,,7.274107142857147,6.75655230053793,,6.54121498585976,5.438927632964527,,6.549749999999994,5.831412599498817,,4.873901244819114,4.6115754217681095
