Date,Season,Samalkha,Israna,Panipat,Bapoli,Madlauda,Samalkha_Trend,Samalkha_SMA,Samalkha_EWMA,Samalkha_DES,Samalkha_TES,Samalkha_ARIMA,Israna_Trend,Israna_SMA,Israna_EWMA,Israna_DES,Israna_TES,Israna_ARIMA,Panipat_Trend,Panipat_SMA,Panipat_EWMA,Panipat_DES,Panipat_TES,Panipat_ARIMA,Bapoli_Trend,Bapoli_SMA,Bapoli_EWMA,Bapoli_DES,Bapoli_TES,Bapoli_ARIMA,Madlauda_Trend,Madlauda_SMA,Madlauda_EWMA,Madlauda_DES,Madlauda_TES,Madlauda_ARIMA
1996-02-29,POMRB,11.170000000000002,2.28,8.416666666666666,8.055,5.716666666666666,,,11.170000000000002,11.28361112004481,11.094446134441345,0.0,,,2.28,6.551283940038196,2.792310854490849,0.0,,,8.416666666666666,9.232290612153287,8.426666666666666,0.0,,,8.055,8.544257566652979,8.124308206879084,0.0,,,5.716666666666666,5.913588738729412,6.045374292948552,0.0
1996-05-31,PREMON,11.766666666666666,5.26,9.255,8.545,7.580000000000001,,,11.408666666666667,11.437592173773268,11.728744369183485,11.169772964012083,,,3.472,7.988085565942121,4.462971166518255,2.27999651269584,,,8.752,9.731080626419736,9.273891966759004,8.415609646931477,,,8.251,8.502807952007258,8.51791280861707,8.05496804406939,,,6.462,6.172434401342825,5.9307956070822545,5.716638981651211
1996-08-31,MONSOON,12.9,3.9266666666666654,8.625,10.64,5.41,11.764166666666666,,12.0052,11.879230963020023,12.684282892888934,11.36110259942053,3.632604166666666,,3.6538666666666657,6.608894584573565,4.30560696419127,3.780463070874317,8.463750000000001,,8.7012,9.93460637231393,8.651743272381275,8.86749366186135,9.691875000000001,,9.2066,8.889008836046262,10.340000702029446,8.327460213955437,6.111833333333333,,6.0412,6.096528670483072,5.591860106122195,6.525753454723663
1996-11-30,POMKH,11.12,1.95,8.36,10.3,5.76,11.726666666666665,11.739166666666666,11.651119999999999,11.755097880349652,11.695566519187338,12.084878562730289,3.7039583333333326,3.354166666666666,2.972319999999999,3.6220496356995953,2.215911443803842,3.83032896149637,8.365833333333333,8.664166666666667,8.56472,9.959038477695477,8.39361996260629,8.720416838851845,10.188125000000001,9.385000000000002,9.64396,9.18075572031762,9.660977344620113,9.249280826717461,6.031750000000001,6.116666666666667,5.92872,6.079176483284446,6.131158377920094,6.418949059129334
1997-02-28,POMRB,11.37,4.5075,6.813333333333333,10.51,5.678,11.392916666666666,11.789166666666665,11.538671999999998,11.70980770674245,11.938921403968696,11.637396019611943,3.7154166666666666,3.9110416666666663,3.5863919999999996,3.9928594099264583,2.5344553500064078,2.825372028544902,8.427708333333333,8.263333333333334,7.864165333333333,9.468740492947479,8.447305828767327,8.457862495212556,10.239166666666668,9.998750000000001,9.990376,9.491119369549866,8.819061969621991,8.920965549132875,6.1143125000000005,6.107000000000001,5.828431999999999,6.052798211633156,6.328172561979132,6.1158445895930384
1997-05-31,PREMON,11.266666666666667,3.6033333333333335,10.075,10.06,6.978,11.244166666666665,11.664166666666665,11.429869866666666,11.636195949370768,12.41147323951753,11.455348602847588,4.123708333333334,3.4968749999999997,3.5931685333333334,3.553286076229386,5.28072505719079,4.449274696830934,8.342916666666666,8.468333333333332,8.748499200000001,9.854999587127926,9.106139119208667,8.900806418593394,9.555208333333333,10.377500000000001,10.0182256,9.681905900559546,9.630629597197636,9.519072717933836,6.118166666666667,5.956500000000001,6.288259199999999,6.20977640850606,6.170711401749479,6.325862131752664
1997-08-31,MONSOON,10.73,5.675,8.3,9.533333333333333,6.672499999999999,11.300416666666667,11.121666666666664,11.14992192,11.421039573427205,13.207631436074493,12.160597586999378,4.308354166666667,3.933958333333333,4.42590112,5.278931367934656,4.1348039982840366,3.712980593352129,8.365833333333333,8.387083333333333,8.569099520000002,9.679770542375985,8.576920305140238,8.675762887056255,8.666666666666668,10.100833333333334,9.824268693333334,9.742974196087694,11.591086988606966,10.558126955098324,5.917583333333333,6.272125000000001,6.441955519999999,6.303530176934177,5.719466816743857,5.928798363799332
1997-11-30,POMKH,12.1,3.4680000000000013,8.006666666666666,5.935,4.528333333333333,11.265416666666665,11.366666666666665,11.529953152000001,11.613938975048432,11.189923510944206,10.70051102855445,4.172208333333334,4.313458333333333,4.042740672000001,4.256158064794889,2.296367900943761,2.999819102266835,7.982291666666667,8.29875,8.344126378666667,9.392986534777604,8.280904469181602,8.302337115085853,7.87875,9.009583333333335,8.268561216,9.068729940599626,10.432180415178529,10.001190823400844,5.712458333333333,5.964208333333334,5.676506645333332,6.088153190279193,6.410156506337776,6.103206339129504
1998-02-28,POMRB,10.84,4.466666666666667,7.35,7.7666666666666675,5.305,11.556666666666667,11.234166666666665,11.2539718912,11.428366541556208,11.761533002776204,11.559383728190388,3.858041666666667,4.30325,4.212311069866667,4.425075081198117,4.192836654808717,4.274163355708291,7.561041666666666,8.432916666666667,7.9464758272000005,8.922516455943073,6.870629433779007,6.560879488595266,7.057083333333333,8.323750000000002,8.067803396266667,8.808114976018762,8.59839502429751,8.41639132081466,5.484145833333333,5.870958333333333,5.527903987199999,6.008977663686949,6.405652461958237,6.195484692907804
1998-05-31,PREMON,11.516666666666666,2.555,6.47,6.5,5.71,11.640416666666667,11.296666666666665,11.359049801386668,11.455665065070908,11.836389861404719,11.285313751914712,3.5480833333333335,4.041166666666667,3.54938664192,2.975964831150001,4.426328991988363,3.865016321415845,7.208333333333333,7.531666666666667,7.35588549632,8.247109578788,10.085740739573207,10.07575982513092,7.073333333333333,7.433750000000002,7.44068203776,8.320222726682985,8.619093222296925,8.544086948997252,5.460613095238095,5.553958333333334,5.60074239232,5.9964006956142155,6.18809861161866,5.8966153041800276
1998-08-31,MONSOON,12.81,4.21,8.535,6.52,6.114,11.428541666666668,11.816666666666666,11.939429880832002,11.835634253049502,12.070655402561517,10.574956305808223,3.156354166666667,3.6749166666666673,3.813631985152,3.6348522240575503,5.338027240256828,4.703252635185884,7.35125,7.590416666666667,7.8275312977919995,8.198462804243375,7.938856437438951,7.69420460676796,7.599166666666666,6.68041666666667,7.072409222656001,7.886108104969285,9.573479853196643,8.833119020507288,5.701267857142858,5.414333333333334,5.806045435392,6.041390120160541,5.56538716365753,6.0363300528592765
1998-11-30,POMKH,10.69,2.453333333333333,4.95,9.078333333333333,4.898571428571429,11.464062499999999,11.464166666666666,11.439657928499201,11.570060155652044,12.642066806228176,12.749659334298167,2.9008333333333334,3.42125,3.269512524424533,2.6569300463927727,3.01387530612594,3.5942024285317125,8.08078125,6.82625,6.6765187786752,7.2265456058033095,7.721549594538509,7.847362428419311,7.997083333333334,7.466250000000003,7.874778866926933,8.007693569450431,7.770816978235027,7.212389658573608,5.875392857142858,5.506892857142859,5.443055832663772,5.912236748658406,6.202128371682439,5.5456958996220465
1999-02-28,POMRB,10.555,2.3475,11.55,8.83,6.860000000000001,11.758958333333332,11.392916666666665,11.08579475709952,11.304594199798865,11.568537570105015,11.09579498577348,2.9502083333333333,2.891458333333333,2.9007075146547194,2.137471425561566,4.1702076648922475,3.941009986986971,8.6371875,7.876250000000001,8.625911267205119,8.156667009941733,6.693252682665413,7.305688844364317,8.877083333333333,7.732083333333337,8.25686732015616,8.082474727156754,7.887076203096777,8.483772163177905,5.960267857142857,5.8956428571428585,6.009833499598264,6.071662696835154,6.274763336958229,5.6601399652312985
1999-05-31,PREMON,12.085833333333332,2.63,8.10625,8.620000000000001,5.547999999999999,11.752708333333333,11.535208333333332,11.485810187593046,11.5015507291314,11.958393589762265,10.988443275916728,3.0341666666666667,2.9102083333333333,2.7924245087928314,2.2226898192411007,2.8250426293990794,2.848578671867245,9.5559375,8.2853125,8.41804676032307,8.108403285971189,6.69991680248277,5.663686241068698,9.732291666666667,8.262083333333337,8.402120392093696,8.119206983574053,8.092685943066632,7.928055077648576,6.295571428571429,5.855142857142858,5.8251000997589575,6.0283044645512485,6.282102123899508,5.642671593448132
1999-08-31,MONSOON,14.6,4.53,11.35,11.44,6.955,11.582291666666666,11.982708333333331,12.731486112555828,12.367896497436845,12.880054635145065,12.687245085144472,3.1165625,2.9902083333333334,3.487454705275699,4.271396284517367,4.372016610791728,3.613370770733602,9.4603125,8.9890625,9.590828056193843,8.9667137353661,8.872846317978844,8.932127104509139,9.6475,9.492083333333337,9.617272235256216,8.726318164225221,9.49111150900768,7.839480684098472,6.425333333333334,6.065392857142858,6.2770600598553745,6.185371977172986,5.625240562401105,5.745408964214631
1999-11-30,POMKH,8.85,2.805,9.485,11.0,6.74,11.758333333333333,11.522708333333332,11.178891667533495,11.511103029671654,12.167062363741634,11.762221105387935,3.23625,3.078125,3.214472823165419,3.7606615708462012,2.533454177288834,2.8787893306868337,8.72078125,10.122812499999998,9.548496833716305,9.247655220520986,5.873408904444039,5.1212053504959645,9.12875,9.972500000000004,10.170363341153731,9.204593251234058,9.57428247077934,7.730858918104298,6.423916666666667,6.52575,6.462236035913225,6.29172233368593,6.366184423289993,5.913263029893361
2000-02-29,POMRB,11.031666666666665,2.655,6.25,6.23,6.0566666666666675,11.880069444444443,11.641874999999999,11.120001667186763,11.379571244393299,11.31792533184402,11.10598132094135,3.307083333333333,3.155,2.9906836938992516,3.1116474126190092,2.9528987651858536,2.819989750512803,8.475,8.7978125,8.229098100229784,8.593796846563007,12.410770993522354,13.462336789063961,8.98,9.322500000000005,8.59421800469224,8.68555944113547,9.655232452124839,9.144936022827785,6.667604166666667,6.324916666666667,6.3000082882146025,6.289342218497855,6.662575935832784,6.433462301958211
2000-05-31,PREMON,13.0175,3.28,7.49,7.07,6.34,12.427013888888888,11.874791666666665,11.879001000312059,11.816907350684648,12.501979858636124,10.84791230528916,3.357916666666667,3.3175,3.106410216339551,3.224338071693263,2.7994288346640404,2.936184858465978,8.070625,8.64375,7.933458860137871,8.308680090005476,8.177875992701408,8.534328150660327,9.168333333333333,8.935000000000006,7.984530802815343,8.370294787297995,8.793514179464008,7.462063694368764,6.538125,6.522916666666667,6.316004972928761,6.326474501732187,6.511019368323874,6.141178997698484
2000-08-31,MONSOON,14.642222222222221,4.446666666666666,10.0,11.8,8.112499999999999,13.052222222222222,11.88534722222222,12.984289489076124,12.640685319599047,14.395156986771402,13.565526719498045,3.616041666666667,3.296666666666666,3.642512796470397,4.389010513769822,4.636922068689459,3.8812130072970867,7.9662500000000005,8.30625,8.760075316082723,8.733401504183112,11.08425498977412,11.64212632321502,9.629166666666666,9.025000000000006,9.510718481689207,9.030083477550363,9.921338049673249,8.277902848257932,6.379125,6.812291666666667,7.034602983757257,6.603844478950937,5.92927138578564,6.503561048657358
2000-11-30,POMKH,13.183333333333332,3.295,7.6,12.146666666666668,4.546666666666667,13.121701388888887,12.968680555555553,13.063907026779008,12.928750396723805,10.555701829803638,11.16415439871541,3.9688541666666666,3.4191666666666656,3.5035076778822383,3.9207962624839237,2.8392560825312843,3.1218622564477174,8.21,7.835000000000001,8.296045189649634,8.471523569699253,8.70101462134358,10.989568330815175,10.419166666666666,9.311666666666673,10.565097755680192,9.715311308034423,9.899136609202946,10.345737266743255,6.488041666666667,6.263958333333333,6.039428456921021,6.350898462692348,6.784065517798955,6.490527487372795
2001-02-28,POMRB,11.7,4.23,7.3,8.77,6.978,13.343263888888888,13.135763888888885,12.518344216067405,12.74510138653399,12.692852347200107,13.279892641303665,3.9514583333333335,3.812916666666666,3.794104606729343,4.349053514133419,2.908473734463884,3.0697509294332836,7.94625,8.0975,7.89762711378978,8.144940102517456,5.94857115582588,3.9282331825012315,11.010416666666666,9.946666666666673,9.847058653408116,9.660055751372633,9.339024915148,9.227505057998895,5.985645833333333,6.494291666666666,6.4148570741526125,6.4680671851476275,6.732128726614611,6.206057563325212
2001-05-31,PREMON,12.905,4.527500000000002,8.39,10.85,6.29,13.674722222222222,13.107638888888886,12.673006529640443,12.906302349554087,14.168988856633801,12.797674821827854,3.884166666666667,4.124791666666666,4.087462764037607,4.786825637760514,3.407682143515207,3.498144639699559,8.268541666666668,8.3225,8.094576268273869,8.14675638444354,7.394804259100063,7.632168894761529,11.320833333333333,10.891666666666673,10.24823519204487,10.014647073089312,9.41942927628332,9.073636548374234,5.564500000000001,6.481791666666667,6.364914244491567,6.474415151696465,6.694197171426083,6.27688671710199
2001-08-31,MONSOON,16.52722222222222,3.06,6.99,12.75,4.1433333333333335,14.10625,13.578888888888885,14.214692806673154,14.043741265649684,15.523932827642984,13.20428347360924,3.9939583333333335,3.7781249999999993,3.6764776584225642,3.65671151092577,4.871835350485112,4.170200797323859,9.454270833333334,7.57,7.652745760964321,7.782322609892306,10.12458774307105,8.946723759311773,11.6278125,11.129166666666674,11.248941115226923,10.719168442355192,11.881905431949868,12.109026279574394,5.552666666666667,5.489500000000001,5.4762818800282735,6.18295904183697,6.081343957637833,6.4777316705820045
2001-11-30,POMKH,13.95,4.1433333333333335,13.188333333333333,13.68,5.1466666666666665,14.470069444444444,13.770555555555552,14.108815684003892,14.277464821460745,13.175225022050329,14.866665056609502,3.955520833333334,3.990208333333333,3.8632199283868722,3.9089824644265416,3.3402052816081396,3.4962605219546297,10.687083333333335,8.967083333333333,9.866980789911926,9.174400784722074,7.500062163613086,6.685164478044159,11.819375,11.512500000000006,12.221364669136154,11.552809938279626,11.692201256636832,12.037084990234751,5.561041666666667,5.639500000000002,5.344435794683631,6.069219934777719,6.386376929518004,5.7519553311268465
2002-02-28,POMRB,14.385555555555555,4.26,11.197500000000002,9.6925,6.283333333333334,14.496875,14.441944444444442,14.219511632624556,14.569022355864378,12.891648773089663,13.494531559252463,4.1198958333333335,3.9977083333333328,4.021931957032123,4.198521344494857,4.000215093975294,4.014869557829051,12.262708333333332,9.941458333333333,10.399188473947156,9.932595453148592,7.683720402932197,8.852595365450291,11.989375,11.743125000000006,11.209818801481692,11.490434441810812,10.591797241342807,9.299903207991065,6.042583333333334,5.465833333333336,5.719994810143512,6.127909299727604,6.467528853644946,6.267796089021811
2002-05-31,PREMON,13.13,4.19,14.355,11.46,7.051666666666668,14.845555555555556,14.49819444444444,13.783706979574735,14.436866752809344,14.760070524986261,13.314023627831395,4.464166666666667,3.9133333333333327,4.089159174219274,4.2872672208752025,4.270635276857549,4.184278856926514,13.69125,11.432708333333334,11.981513084368295,11.517284709204384,9.077962796460213,9.44010412054529,11.843125,11.895625000000006,11.309891280889016,11.757066280897899,10.938386993605654,10.213891659686835,6.514333333333333,5.6562500000000036,6.252663552752774,6.285047450495715,6.372227656522559,5.707467723180396
2002-08-31,MONSOON,16.516666666666666,4.7125,13.63,13.5,7.234,15.491111111111111,14.495555555555551,14.876890854411506,15.24222461741384,17.297501417241648,15.524533220004027,4.579375,4.326458333333333,4.338495504531565,4.766887086357692,3.7320426965009172,3.4848694787130605,14.078854166666668,13.092708333333334,12.640907850620977,12.760592543944808,8.626247418138124,7.197365984805223,11.8078125,12.083125000000006,12.18593476853341,12.39347255246094,13.097469216567847,13.216486329968603,6.664583333333335,6.42891666666667,6.645198131651664,6.4464236022603405,5.903928313515269,5.1697082811381145
2002-11-30,POMKH,16.75,5.245,17.976666666666667,11.76,5.830000000000001,15.960416666666665,15.19555555555555,15.626134512646903,15.971303501722545,14.431791810113326,13.647925750804768,4.5328125,4.601875,4.701097302718939,5.467995962761026,4.146793836975082,4.139303891654731,14.728541666666665,14.289791666666666,14.775211377039252,15.122795868195494,14.86046433808021,15.950603296385244,12.15625,11.603125000000006,12.015560861120047,12.600639014915604,12.992811626246171,13.602396907357589,6.917958333333335,6.599750000000004,6.319118878990999,6.392028435281545,6.644913827484649,6.332222510636532
2003-02-28,POMRB,16.75,4.08,9.51,11.33,6.802000000000001,16.377708333333334,15.786666666666662,16.07568070758814,16.561014125368715,14.88582046724077,16.425782116919862,4.257187500000001,4.556875,4.452658381631363,4.700114779812017,4.483718640275203,4.318921598586745,16.87291666666667,13.867916666666666,12.66912682622355,14.785290293876823,12.9214692518932,13.614258165557949,12.395,12.012500000000005,11.741336516672028,12.667890685970335,10.664712450033763,10.469626027690623,7.226416666666668,6.72941666666667,6.5122713273946,6.479357768878985,6.782732343287434,6.084971836515263
2003-05-31,PREMON,14.52,3.9975,21.24,12.61,8.56,16.519166666666667,16.134166666666662,15.453408424552885,16.397235397022317,15.095645426543527,15.032357781304649,3.6590625000000006,4.508749999999999,4.270595028978818,4.113697272332065,4.472876906825287,4.258744406291046,18.719583333333333,15.589166666666664,16.09747609573413,17.672240684919533,15.219711081305212,15.99498388186868,12.6775,12.300000000000004,12.088801910003216,12.954829999844709,11.610854913485927,12.258895346574256,7.593416666666667,7.106500000000002,7.3313627964367605,6.79821544720302,6.714572533930099,6.54717344692782
2003-08-31,MONSOON,18.465,2.7,23.9,14.26,8.193333333333333,16.161666666666665,16.621249999999996,16.65804505473173,17.320615858284107,18.336296443713405,15.882063436701232,3.1681250000000003,4.005624999999998,3.642357017387291,2.8379642569935126,4.5821039116058815,4.478710207681898,20.81,18.156666666666666,19.21848565744048,21.12576338666912,14.661154100568783,16.79749814266876,13.003749999999998,12.490000000000004,12.957281146001929,13.526713654771928,13.858520237152407,13.722872053979488,8.014535714285715,7.346333333333336,7.67615101119539,7.023769266106437,6.401812612230945,7.246444293449877
2003-11-30,POMKH,15.933333333333332,2.4725,22.48,13.26,7.8066666666666675,15.979999999999999,16.41708333333333,16.36816036617237,17.36021297986576,17.394888037108846,17.140057658890772,3.0234375000000004,3.3124999999999982,3.1744142104323743,2.157830633350993,4.80679613011778,4.533345020238454,22.595000000000002,19.2825,20.523091394464288,23.82365769759818,19.73521187937323,19.645229381441986,13.19625,12.865000000000004,13.078368687601158,13.821959680065197,13.474316932962228,13.821954188715361,8.230892857142857,7.840500000000001,7.728357273383901,7.165712714193841,7.204354066521053,6.654534170631903
2004-02-29,POMRB,14.706666666666667,2.9250000000000003,21.73,12.44,8.194285714285714,16.341875,15.906249999999996,15.703562886370088,17.00279877598675,16.770376032630544,16.94708634146779,2.9327083333333333,3.0237499999999984,3.0746485262594243,2.3502842760812253,3.855857955307631,3.7465913950826515,23.136875,22.3375,21.005854836678573,25.854065269596934,11.997416923314528,10.70196652394656,13.3521875,13.142500000000004,12.823021212560693,13.890209526069016,11.70271211011934,11.648356255644973,8.481726190476191,8.18857142857143,7.914728649744626,7.342321255904275,7.531226408110807,7.3568288572491065
2004-05-31,PREMON,15.11,3.995,23.3,13.04,8.898571428571428,16.631249999999998,16.053749999999997,15.466137731822053,16.76854809825331,14.763573500564664,14.274281890329727,2.8419791666666665,3.023124999999998,3.4427891157556543,3.612944231340352,3.749802946858979,3.6151435269359307,23.592499999999998,22.8525,21.923512902007143,27.850169002427844,24.271849582689935,24.049130275239378,13.470625,13.250000000000004,12.909812727536416,14.03624174689666,12.722298048938248,13.054545480776003,8.80404761904762,8.273214285714287,8.308265761275347,7.592771250820499,7.548946506132895,7.4844508426349625
2004-08-31,MONSOON,20.77,1.9766666666666663,26.175,15.0775,9.861428571428572,16.61375,16.629999999999995,17.58768263909323,18.122447293543768,18.597855113062547,17.00440094798439,2.8276041666666667,2.8422916666666644,2.856340136120059,2.569995511467458,3.01852377210694,3.0387661809036404,23.825,23.42125,23.624107741204284,30.174239861477314,25.971966775785518,26.548070898551224,13.524375,13.454375000000004,13.776887636521849,14.552066944403277,14.712453770407945,14.382889887114207,8.961964285714286,8.690238095238096,8.929530885336636,7.942970764836591,7.170047987325338,7.160556329279139
2004-11-30,POMKH,15.943333333333333,2.47,23.85,13.39,8.717142857142857,16.495833333333334,16.632499999999993,16.929942916789273,17.899048973884973,17.21737373037014,16.401704432450202,2.8022916666666666,2.8416666666666646,2.7018040816720355,2.362620839919082,3.0295942972812497,2.811193522716415,23.944583333333334,23.763749999999998,23.71446464472257,31.257438511227047,24.3492809686221,22.892863781357406,13.589375,13.486875000000003,13.62213258191311,14.65407162487527,14.214766121494137,13.486295419570721,9.015178571428573,8.917857142857143,8.844575674059124,8.088109987439186,8.092628093489099,8.25310930327697
2005-02-28,POMRB,14.556666666666667,2.8125,22.22,12.74,8.547142857142857,15.734166666666667,16.594999999999995,15.98063241674023,17.28079796764988,16.29853566040326,16.482631605752875,3.0192708333333336,2.8135416666666644,2.746082449003221,2.6001779453982827,3.1489267002776313,2.988809806612508,24.002916666666668,23.886249999999997,23.116678786833543,31.319032158851925,22.569137305955866,26.011431742162998,13.5771875,13.561875000000004,13.269279549147866,14.57812732771154,12.46645029107411,12.997135854496689,8.833107142857143,9.00607142857143,8.725602547292617,8.19035002100473,8.422462138212614,8.185174356284811
2005-05-31,PREMON,14.316666666666668,3.905,23.766666666666666,13.26,8.971428571428572,15.209583333333333,16.39666666666666,15.315046116710803,16.65787294528726,15.704049614021603,14.970768014139708,3.2018750000000002,2.791041666666664,3.2096494694019326,3.82454423799806,3.856776527438296,3.4794772478065714,24.289166666666667,24.002916666666664,23.376673938766793,31.35879916214878,24.19572621800514,21.92801175864802,13.835625,13.616875000000006,13.265567729488719,14.577431775183497,13.3085983533665,13.687701223684863,8.566660714285714,9.024285714285714,8.823932956946999,8.337629533275871,8.368364120472794,8.375579075294418
2005-08-31,MONSOON,15.47,3.8025,26.175,14.76,8.332,15.495416666666667,15.071666666666662,15.377027670026482,16.42945061562329,20.17615501275279,17.705580085213256,3.109375,3.2474999999999974,3.4467896816411594,4.375168269359729,2.276923535944659,2.56435271242328,24.766666666666666,24.002916666666664,24.496004363260077,31.697116051495147,26.99823753469651,24.540429110910743,14.205,13.537500000000005,13.86334063769323,14.850666406577151,15.223289749473052,14.895173728356252,8.431958333333334,8.641928571428572,8.627159774168199,8.376786242363279,7.889876636512269,9.088912700056756
2005-11-30,POMKH,17.046666666666667,2.105,26.14,15.775,8.115,15.893333333333333,15.347499999999995,16.044883268682554,16.661348680149434,15.37413798660818,14.651576381513324,3.01625,3.1562499999999973,2.910073808984696,2.997060682361741,2.8376898307729483,2.9384652879000672,25.332083333333333,24.575416666666662,25.153602617956047,31.685657854155828,24.627498531283628,22.632692115963938,14.3975,14.133750000000006,14.628004382615938,15.28376420014,14.333452403204682,13.985532562268661,8.36609523809524,8.49139285714286,8.42229586450092,8.380695398197563,8.512412462915208,8.414096580002878
2006-02-28,POMRB,15.74,2.4375000000000004,23.75,13.31,8.071666666666667,16.585416666666667,15.643333333333329,15.922929961209533,16.488835843092414,14.838513828382837,15.772964894091501,2.830625,3.0624999999999973,2.7210442853908177,2.437295474162746,3.084900220737338,3.008433828232632,25.990624999999998,24.957916666666662,24.592161570773627,30.73335267116341,23.192967804388875,21.46575566566267,14.8975,14.276250000000006,14.100802629569564,15.157475828051155,13.289651471889018,13.917392503435305,8.321291666666667,8.37252380952381,8.28204418536722,8.378088049697237,8.705924429463977,8.48900568402989
2006-05-31,PREMON,16.316666666666666,3.535,26.76,14.23,8.92,17.24458333333333,16.14333333333333,16.080424643392387,16.493433539342472,15.018880993118037,15.373362113424896,2.8000000000000003,2.9699999999999975,3.0466265712344907,3.152404497469738,4.0119862405520355,3.4656049405933587,26.53,25.706249999999997,25.459296942464178,30.465993550154547,24.847961228785927,22.598991543468067,15.360625,14.518750000000006,14.152481577741739,15.19543947816152,14.019025373430363,14.047516421113814,8.386291666666665,8.35966666666667,8.537226511220332,8.493181986124352,8.550586256509536,8.322062340000777
2006-08-31,MONSOON,19.006666666666668,2.6875,28.45,17.79,8.024999999999999,17.68208333333333,17.027499999999996,17.2509214527021,17.23674954431547,18.229637949827392,15.068403630837352,3.0553125,2.6912499999999975,2.902975942740694,2.855703481200546,3.3363549279906577,3.424486593729143,27.117500000000003,26.274999999999995,26.65557816547851,30.537990074133614,27.561716084075755,24.466914292441285,15.60125,15.276250000000006,15.607488946645043,15.927881744299695,15.922096842562766,15.471639918061207,8.602166666666667,8.282916666666669,8.3323359067322,8.469097165653956,8.040930457251637,7.621675276860585
2006-11-30,POMKH,18.783333333333328,2.975,28.18,16.45,8.942,18.241666666666664,17.461666666666662,17.863886204954593,17.79877673803863,18.177246536621595,18.231762190834385,3.3093749999999997,2.9087499999999973,2.9317855656444163,2.921147210069118,2.238260514848622,2.5321151314853436,27.449999999999996,26.784999999999993,27.265346899287103,30.41617638486652,27.487988786837057,25.728064857145952,15.936250000000001,15.445000000000006,15.944493367987025,16.31271019535394,15.889321561059184,15.543526039628025,8.702416666666666,8.489666666666668,8.57620154403932,8.575080729902577,8.602363254852104,8.456364830526498
2007-02-28,POMRB,17.503333333333334,3.61,26.41,14.56,8.971666666666666,18.908749999999998,17.902499999999996,17.719665056306088,17.90382341052797,16.97931647745271,17.905897131765688,3.5803125,3.201874999999997,3.20307133938665,3.544766621533296,2.6770446748631667,2.740368614341327,27.45,27.449999999999996,26.92320813957226,29.72369382172275,25.134631265670283,23.76107935482736,16.35125,15.757500000000004,15.390696020792216,16.254388524775543,14.401869132252093,14.674519002383441,8.770479166666668,8.714666666666668,8.734387593090258,8.671014733903256,8.89419541206411,8.226228389191593
2007-05-31,PREMON,19.03,4.395,26.76,15.66,8.822000000000003,19.645,18.58083333333333,18.243799033783652,18.396225026050097,17.29788816008365,17.595406764627413,3.8110416666666667,3.4168749999999966,3.67984280363199,4.630210759057309,3.860925937856949,3.3613848854405486,27.3225,27.449999999999992,26.857924883743355,29.11541762063184,28.104027232062688,26.693842618761845,17.03125,16.115000000000002,15.498417612475329,16.389243188912967,15.195227892858107,15.046116832944765,8.799916666666668,8.690166666666668,8.769432555854156,8.733433391616115,8.833799791012286,8.477130406759143
2007-08-31,MONSOON,21.63,3.995,28.45,19.68,8.6675,20.60625,19.236666666666665,19.598279420270188,19.522018606488842,20.31356143009872,19.78512761670438,3.9486458333333334,3.743749999999997,3.805905682179194,4.718764062506129,3.168381255405683,3.0729446345172136,27.028750000000002,27.449999999999992,27.49475493024601,28.98682571228042,29.567421829401198,27.358529506204274,17.9125,16.587500000000006,17.171050567485196,17.303477877272925,17.43918146834784,16.8337434578483,8.665708333333335,8.850791666666668,8.728659533512495,8.766143860691178,8.273291230519877,8.93521611421511
2007-11-30,POMKH,22.05,3.513333333333333,27.16,20.0,8.535,21.455416666666668,20.05333333333333,20.578967652162113,20.576525548526373,20.28382628726165,19.524912133052013,4.051458333333333,3.87833333333333,3.6888767426408497,4.112912578770487,3.101239267036251,3.3134369313708643,26.862499999999997,27.194999999999993,27.360852958147607,28.509024288910464,29.10421796833366,27.19524025537383,18.61125,17.475000000000005,18.302630340491117,18.194067763850732,17.26819987131169,17.671874568634678,8.6049375,8.749041666666669,8.651195720107497,8.776156830344378,8.889435391391068,8.797650927350837
2008-02-29,POMRB,21.926666666666666,4.172499999999999,25.08,18.06,8.305,21.684166666666666,21.159166666666664,21.118047257963937,21.405086389332855,19.293631510231364,20.017232685168633,3.9086458333333334,4.01895833333333,3.8823260455845094,4.231752207482375,3.6364315041449036,3.6387594962203713,26.8625,26.86249999999999,26.448511774888562,27.509943502981848,26.97797173206734,26.159834416029135,18.840000000000003,18.350000000000005,18.205578204294667,18.590099646630215,16.207211902532237,16.433596325620215,8.650812499999999,8.582375000000003,8.512717432064498,8.753015877680772,9.088680372533945,8.866308240328184
2008-05-31,PREMON,21.4,4.654999999999999,26.76,17.75,9.0025,21.502916666666664,21.751666666666665,21.23082835477836,21.915218466181354,20.745629667185803,21.01165906610019,3.5854166666666663,4.083958333333331,4.191395627350706,4.700897087017328,4.52611473654787,4.073054842197542,25.351875,26.862499999999986,26.573107064933136,27.075306170758214,27.234738578261503,25.049678098026483,18.411250000000003,18.872500000000006,18.0233469225768,18.847778166553926,17.439481955155312,17.394372815513307,8.8735,8.627500000000001,8.708630459238698,8.829453014637314,8.913409664115134,8.502402842934798
2008-08-31,MONSOON,21.09,2.5925,28.45,19.42,8.854000000000003,21.046666666666667,21.616666666666667,21.174497012867015,22.206497806711813,23.29440450316547,21.442257802909598,3.2768749999999995,3.7333333333333307,3.551837376410423,3.196077754509441,3.984634253771783,3.9474648202647846,24.0075,26.862499999999986,27.32386423895988,27.1829822177721,28.962282243987758,26.53862658643926,17.66875,18.807500000000005,18.582008153546077,19.379982540229864,19.951588631715754,20.066691180045925,9.261833333333334,8.674125,8.76677827554322,8.875139882567591,8.366359549007445,8.170717506026035
2008-11-30,POMKH,21.14,2.33,15.075,16.83,10.13,20.445833333333333,21.389166666666668,21.16069820772021,22.410200240364457,22.7459244366224,21.61856201233653,3.0628124999999997,3.437499999999997,3.0631024258462536,2.2528102183535816,3.4438967473397275,3.565827595988747,23.42789772727273,23.841249999999988,22.42431854337593,23.763821736865637,27.79625769130035,25.33215260232498,17.25875,18.015000000000004,17.881204892127645,19.30059777203504,19.232097713436364,19.31116211586278,9.657145833333333,9.072875,9.312066965325933,9.09123934937263,8.994967220645345,8.54867667056794
2009-02-28,POMRB,19.186666666666667,2.8875,26.41,15.29,9.816666666666665,20.751875,20.70416666666667,20.371085591298794,21.981206141917095,21.501743077454197,21.567556698327405,3.3684375,3.1162499999999973,2.992861455507752,2.3520444694620815,3.917253628753792,3.741762352076416,20.784389204545455,24.173749999999988,24.018591126025555,23.772043515878796,24.490503212236398,22.18061073941147,17.5625,17.322500000000005,16.844722935276586,18.86492238307745,16.849975531208056,17.30891379398826,9.783625,9.450791666666666,9.513906845862225,9.235135487931759,9.392902863052733,8.41825896994335
2009-05-31,PREMON,19.33333333333333,4.227500000000001,20.79318181818182,17.24,10.653333333333334,21.501666666666665,20.1875,19.955984688112608,21.605139548730293,20.771017535886628,20.149047039995143,3.8153125,3.0093749999999972,3.4867168733046516,3.8217892394678916,4.398754126173686,3.8761865858328335,17.248607954545456,22.68204545454544,22.72842740288806,22.414030625669195,26.357216177492305,25.233563179340347,18.448749999999997,17.195000000000004,17.002833761165952,18.81315358032877,17.04040930257074,17.392694801205522,9.34,9.8635,9.969677440850669,9.475554369104952,9.378701646759215,8.95792830034457
2009-08-31,MONSOON,25.605,5.465,13.26875,22.36,8.215,21.84,21.31625,22.215590812867568,22.998120337593754,21.27094355334216,19.396587874168677,3.980104166666667,3.727499999999998,4.278030123982791,6.039997241392413,2.848183315383123,2.9316742609978195,14.068503787878788,18.88673295454544,18.944556441732836,19.360374498436094,27.421945442323512,25.56024209521054,19.373749999999998,17.930000000000003,19.14570025669957,19.772850484876265,19.383387847790495,19.833274558462055,9.106666666666666,9.70375,9.267806464510402,9.346563098315421,8.98979925145606,9.437249105065115
2009-11-30,POMKH,22.62333333333333,3.0325,1.97,20.98,7.22,22.176666666666662,21.687083333333334,22.378687821053873,23.319350086319922,22.484104171417385,21.877124351260388,4.2048958333333335,3.903124999999998,3.779818074389675,4.708793178983573,2.8594865944912735,3.09038757771994,12.526524621212122,15.61048295454544,12.1547338650397,14.051958354337057,13.72713487182705,9.368779862331056,20.02875,18.967500000000005,19.87942015401974,20.357026689154893,19.144620964684282,20.007243999472955,9.005666666666666,8.976249999999999,8.448683878706241,9.09715579458633,9.450001189951973,9.883054110970017
2010-02-28,POMRB,20.41,3.5033333333333334,14.074166666666665,18.54,10.86,22.353541666666665,21.992916666666666,21.591212692632325,22.926991901026113,21.226301556922003,21.47568073328146,4.214583333333334,4.057083333333331,3.6692241779671386,4.009718329757666,3.506716145668215,3.3498473247732754,12.526524621212122,12.526524621212108,12.922506985690486,12.761571013425755,23.458750553722226,23.168714076314167,20.02583333333333,19.78000000000001,19.343652092411844,20.36515934596109,17.872865342180397,18.777690238403252,8.851125,9.237083333333333,9.413210327223744,9.384589988925391,9.399051224952032,9.648874220777008
2010-05-31,PREMON,20.803333333333327,5.41,20.79318181818182,19.23,8.802,22.40611458333333,22.360416666666666,21.27606094891273,22.656722933071332,21.311547070969613,20.12992966865615,4.003958333333333,4.3527083333333305,4.365534506780284,5.270319642487353,4.637408931523942,4.006278818497497,12.526524621212122,12.526524621212108,16.07077691868702,13.626908645647523,17.21340389773412,15.280703993739092,19.416666666666668,20.27750000000001,19.298191255447108,20.469448713672257,18.871809296360325,18.987448765082124,9.061333333333332,8.774249999999999,9.168726196334246,9.348948339832106,9.523207425000393,9.125502894616845
2010-08-31,MONSOON,25.55,4.359999999999999,13.26875,20.346666666666668,8.83,22.5486875,22.346666666666664,22.985636569347637,23.71455263172948,25.22833488136827,24.190129728866424,3.7651041666666667,4.07645833333333,4.36332070406817,4.96169331437189,4.9731133950602615,4.753940513442952,12.526524621212122,12.526524621212108,14.949966151212212,12.667500821293848,11.379893728371663,7.314688057811516,18.276666666666667,19.774166666666677,19.71758141993493,20.754124943439532,21.725260779085854,21.16848546890231,8.967583333333334,8.927999999999997,9.033235717800547,9.321939759694096,8.868065978306316,8.593552051828267
2010-11-30,POMKH,23.09891666666667,2.4525,1.97,18.12,8.286666666666667,22.457229166666668,22.465562499999997,23.030948608275253,23.9009440985994,23.22919066512406,22.870959873485102,3.4737500000000003,3.9314583333333304,3.598992422440902,3.1316517362085254,3.107779937358089,3.549396604340889,13.658626893939395,12.526524621212108,9.757979690727327,9.208540721295556,1.4307323552904805,0.8763193401336569,17.259166666666665,19.059166666666677,19.07854885196096,20.531739345243306,20.29818786634413,19.361673704646854,8.845666666666666,9.194666666666665,8.734608097346996,9.223376700372958,9.426545962679773,8.267704147299186
2011-02-28,POMRB,21.075000000000006,2.1725000000000003,14.074166666666665,12.28,9.043333333333333,22.026812500000002,22.6318125,22.248569164965154,23.45583666287511,21.380455517407903,22.856677763029584,3.3228125,3.5987499999999972,3.028395453464541,2.0655796565993065,3.564244294486108,3.651061015180808,14.790729166666667,12.52652462121211,11.48445448110306,9.4638575842713,14.56080759288937,9.373759435716853,16.888333333333335,17.49416666666668,16.359129311176577,19.12151707762014,17.911438307845188,17.73629167482101,9.172083333333333,8.740499999999997,8.858098191741531,9.242648637985582,9.52101504336323,9.009486221871738
2011-05-31,PREMON,19.406666666666666,4.41,29.85,17.35,9.643333333333333,22.21653125,22.282645833333333,21.11180816564576,22.58105353113012,21.748849616402556,21.521069996186117,3.3428125,3.3487499999999972,3.581037272078725,3.6222224483060543,5.066491613770966,4.394893224696238,16.725729166666664,14.790729166666654,18.83067268866184,14.264769573949595,20.882367358386936,20.164963383111715,17.048750000000002,17.024166666666677,16.755477586705947,18.81580014362566,17.420958126521782,17.483856991505732,9.505416666666667,8.95083333333333,9.172192248378252,9.342347146013363,9.38656365407666,8.502608310602039
2011-08-31,MONSOON,23.50333333333333,4.1525,13.26875,19.26,10.6,22.957708333333333,21.770979166666667,22.068418232720788,22.948724672298997,25.727078869852235,21.904627654778956,3.6440625,3.2968749999999973,3.809622363247235,4.4006293669100085,4.375483774921955,3.8956981761756673,18.660729166666666,14.790729166666654,16.605903613197103,14.244807223745793,14.16350820868953,15.92961482671924,17.9025,16.752500000000012,17.75728655202357,18.912220913043836,19.879892199942294,20.538726883570675,10.170833333333334,9.39333333333333,9.74331534902695,9.561070765325194,8.861881468857838,9.219014882538206
2011-11-30,POMKH,26.66333333333333,2.8200000000000003,17.45,20.49,9.183333333333334,23.257604166666663,22.66208333333333,23.906384272965806,24.126049827511135,22.92021483633841,21.676104923024123,3.9225000000000003,3.3887499999999973,3.413773417948341,3.5150978827157187,2.519203743060424,3.0145336084439105,18.660729166666666,18.660729166666655,16.94354216791826,15.345670315439174,2.758824745735666,6.992714403110702,18.42615625,17.34500000000001,18.85037193121414,19.24653806549158,18.48930817291705,19.02486474881481,10.5819375,9.617499999999998,9.519322542749503,9.554612433719804,9.657299228500039,9.691299294679594
2012-02-29,POMRB,23.44,4.215,14.074166666666665,16.74,13.47,22.619062499999995,23.25333333333333,23.71983056377948,24.21066300447721,21.8201191770151,23.671350800161715,3.841666666666667,3.8993749999999974,3.7342640507690046,4.138851480444324,2.589428591466851,2.859160082840713,18.66072916666667,18.660729166666655,15.795791967417621,15.386374571627215,16.58407682065839,17.004111504290986,18.594604166666667,18.460000000000008,18.006223158728485,18.800615093099825,16.46593754837754,16.850747157134837,9.959395833333332,10.724166666666665,11.099593525649702,10.142007036540033,9.840599192956478,9.274641636012714
2012-05-31,PREMON,19.440833333333327,4.5950000000000015,29.85,17.079250000000002,8.505499999999998,21.38945833333333,23.261874999999996,22.00823167160102,23.145763171202535,21.47503693804053,22.20380853675654,3.907958333333334,3.945624999999998,4.0785584304614035,4.815091857707737,4.846381114655011,4.078491610151913,19.02947916666667,18.660729166666655,21.417475180450573,19.905271616755186,31.263959053807262,30.969815241791814,18.106717261904762,18.39231250000001,17.635433895237092,18.454259290468066,18.27215327289553,18.36185759831805,9.382104166666666,10.439708333333332,10.06195611538982,9.964201007806883,10.254020498912979,9.763529128893188
2012-08-31,MONSOON,18.36083333333333,3.3208333333333333,13.26875,20.878333333333334,6.7575,19.44141666666667,21.976249999999997,20.549272336293946,21.928472499434434,25.586495632941237,22.361550718785494,3.992583333333334,3.737708333333331,3.7754683916101754,3.946620726023692,4.472672878515565,4.0135450174895775,19.837708333333335,18.660729166666655,18.157985108270346,19.37510505866789,14.682751889156513,15.316418793764505,17.50528869047619,18.79689583333334,18.93259367047559,18.89739094689418,20.38142543730244,19.04040298016421,9.046375,9.479083333333332,8.740173669233894,9.568332583386539,9.461838517892364,10.116955783401547
2012-11-30,POMKH,21.969,4.182,20.4,14.968571428571426,8.4075,17.685062499999997,20.802666666666667,21.117163401776367,21.888188131209525,25.009367095890152,22.567248865665167,3.8319583333333336,4.078208333333331,3.938081034966105,4.114748225843785,2.8679608739884204,3.3002548681952617,20.2771875,19.398229166666656,19.05479106496221,20.669863156050315,17.220538944183176,25.022880439080332,17.253507440476188,17.416538690476198,17.346984773713924,18.128883150290434,19.693154281782036,18.88869815656895,8.958604166666667,9.285124999999997,8.607104201540336,9.45358058406759,9.66464560880847,9.461354087689378
2013-02-28,POMRB,12.55,3.53,17.59,17.45,11.56,16.768604166666666,18.080166666666667,17.69029804106582,19.304441128285347,21.245090031310475,21.334193533373032,3.5231041666666667,3.906958333333331,3.774848620979663,3.655432583399799,3.8869489820987706,4.064546667361862,20.277187500000004,20.27718749999999,18.468874638977326,20.912844410407008,14.431628840463274,15.191113401434377,16.881309523809524,17.5940386904762,17.388190864228356,17.920174139135373,15.84090040944423,14.019118930052,8.639895833333334,8.807624999999998,9.788262520924203,9.790250007290686,9.743471709204744,10.19057770431397
2013-05-31,PREMON,16.28,3.995,29.85,14.355,9.713333333333333,16.24534375,17.289958333333335,17.126178824639492,18.184886637606436,16.611932907894037,17.195839377613556,3.31825,3.7569583333333307,3.8629091725877975,3.815399724892419,4.748857764748173,4.185908488896816,21.474687499999998,20.27718749999999,23.021324783386397,24.48395911182653,30.708205361197862,26.848001743615363,16.909321428571428,16.9129761904762,16.174914518537015,17.12525744884475,17.701080027886945,17.660722837285647,8.217645833333332,9.109583333333331,9.758290845887856,9.826503043963738,9.915061167985025,8.456348616986745
2013-08-31,MONSOON,14.19,1.45,13.26875,20.625,3.0,15.749687499999999,16.24725,15.951707294783695,16.739820894592985,18.204573045123478,14.776336226677836,3.43209375,3.2892499999999973,2.8977455035526787,2.003671359134727,3.747575336760015,3.5566875833642193,22.672187500000003,20.27718749999999,19.12029487003184,22.95812961897537,14.207984496910955,15.569330395547233,17.124,16.849642857142868,17.954948711122206,17.65848042778598,19.607837198355025,18.449721444757685,7.2325833333333325,8.170208333333331,7.054974507532714,8.929234464372687,9.32921676660352,8.540366488455945
2013-11-30,POMKH,21.95375,4.414,29.98,15.445999999999998,8.786999999999999,15.880104166666666,16.2434375,18.352524376870214,17.688838658234904,20.659388763198585,17.842149557121143,3.5881875,3.3472499999999976,3.504247302131607,3.682115435942117,3.6271100781952406,3.7313778103650046,25.277812500000003,22.672187499999993,23.464176922019107,26.00537158060222,20.9308421249188,21.333993341477225,17.657375000000002,16.969000000000012,16.95136922667332,17.134089571737753,18.14643529206889,18.287244123073204,5.7188333333333325,8.265083333333331,7.747784704519628,8.952327768973317,9.048475789567853,9.42969023488617
2014-02-28,POMRB,8.6,4.20875,17.59,18.69,3.3,16.005520833333332,15.255937499999998,14.451514626122128,14.95169494342101,14.693427589330042,13.88658469645085,3.7906874999999998,3.516937499999998,3.786048381278964,4.569123239887473,3.519168212501274,3.4968583979698717,27.883437500000003,22.672187499999993,21.114506153211465,25.171295798079505,18.798598561327967,20.969455228145776,18.301375,17.27900000000001,17.646821536003994,17.31127752676817,15.837626990598118,16.283508474101385,5.437583333333333,6.20008333333333,5.968670822711776,8.213300087699608,9.26012130743915,8.001512407483537
2014-05-31,PREMON,21.273333333333333,4.565,50.69500000000001,17.381999999999998,5.863333333333332,15.988802083333333,16.50427083333333,17.18024210900661,16.14756325173195,15.285387695013014,16.55504603886587,3.9921875,3.6594374999999975,4.097629028767378,5.247571252477814,4.2222882051695905,3.7984691572830513,27.135729166666668,27.883437499999992,32.946703691926885,33.82894970165181,31.055194952758292,26.87372293698918,18.53625,18.03575000000001,17.540892921602396,17.227992558506816,17.13507533183659,16.466662307887887,5.773791666666666,5.23758333333333,5.926535826960398,7.92756044190483,8.394328644571287,8.637921361212234
2014-08-31,MONSOON,10.2,2.5,13.26875,22.75,4.6,17.625416666666666,15.50677083333333,14.388145265403965,14.22419006909421,16.208112067653484,14.917125912672702,4.06165625,3.9219374999999976,3.4585774172604267,3.5795690328755008,2.327069275979774,2.6703243305982753,26.388020833333336,27.883437499999992,25.07552221515613,31.07637594302026,16.787201912331607,18.80288705741058,18.47883333333333,18.56700000000001,19.624535752961435,18.23832193568973,20.606584492693578,19.96157417606726,6.51375,5.63758333333333,5.395921496176239,7.505218011735161,7.497766831247281,6.569149438540974
2014-11-30,POMKH,25.81,4.976000000000001,23.99833333333333,15.2,9.876666666666667,20.415708333333335,16.47083333333333,18.956887159242378,16.921342482545825,21.18352820721042,20.34317488435919,4.163464285714286,4.062437499999998,4.065546450356257,4.701383181176526,4.425953750123957,4.065170253692327,28.99364583333334,26.388020833333325,24.644646662427007,30.993006787329797,32.30829859647466,32.37938255265367,18.651708333333332,18.505500000000012,17.85472145177686,17.665645799924455,18.767130717638715,16.502775194554204,7.226666666666667,5.909999999999997,7.18821956437241,7.8692176701247885,7.674771155617177,6.895586402831366
2015-02-28,POMRB,17.836666666666673,4.2025,17.59,18.476666666666667,8.13,22.30079166666667,18.78,18.508798962212097,17.0472098687283,11.831848138202707,13.2690860352355,4.178553571428571,4.060874999999998,4.120327870213754,4.6165385108049515,4.233229246884856,4.06934436217747,31.599270833333335,26.388020833333325,21.822787997456203,28.788658383198563,19.207366862269595,18.51150074281172,18.718437499999997,18.452166666666677,18.103499537732784,17.792268914914725,17.209019525241025,17.957640164038324,7.6072395833333335,7.117499999999997,7.5649317386234465,7.942984525445153,8.215023140060111,5.508031175122605
2015-05-31,PREMON,34.359,5.385714285714285,71.54,18.978333333333328,6.736666666666667,22.01280555555556,22.051416666666668,24.848879377327258,21.82301123848262,21.793924662061457,25.17114796684847,4.379678571428571,4.266053571428569,4.6264824364139665,5.536305548597815,4.64564747863172,4.254212667007789,31.301354166666666,31.599270833333325,41.709672798473726,42.32026346254643,50.10908572503294,51.46154237509443,18.557812499999997,18.851250000000007,18.453433055973,18.012845420266196,17.700009621838,16.375271185028463,7.810104166666667,7.335833333333331,7.2336257098407355,7.814155309883136,8.132951245985861,5.961417596850817
2015-08-31,MONSOON,12.195,1.8,13.26875,21.6875,6.77125,21.30665972222222,22.550166666666666,19.787327626396355,19.70983497570989,17.473871946671718,17.973541931151807,4.809241071428571,4.091053571428569,3.49588946184838,3.000456111061683,2.677830248291635,3.395951247750827,31.0034375,31.599270833333325,30.333303679084235,38.215947046115446,15.353323746062856,18.86184020544701,18.542465277777776,18.585625000000007,19.7470598335838,18.762228525740873,21.730681830418266,21.36596388913961,7.717343750000001,7.87864583333333,7.048675425904442,7.707314492541151,7.38775649783116,7.4227653285913275
2015-11-30,POMKH,21.511111111111113,7.2849999999999975,21.615,14.9775,9.328333333333337,19.99383333333334,21.47544444444444,20.476841020282258,20.44808729369431,28.53012608074249,26.479711685150548,5.3063392857142855,4.668303571428568,5.011533677109027,6.742516690932409,4.922341916975838,4.3982190958160725,31.003437500000004,31.00343749999999,26.84598220745054,36.0059545586484,26.79039432165649,21.489477266622874,17.84513888888889,18.530000000000005,17.83923590015028,18.104563331773257,18.417156542200182,16.878059516064436,8.253791666666668,7.741562499999997,7.960538588876,7.968472416591174,7.8690742228264705,8.101286586184976
2016-02-29,POMRB,16.486388888888893,5.33,17.59,18.57638888888889,7.93625,20.12479166666667,21.137874999999998,18.880660167724912,19.65134395459013,17.401854072698434,16.063054276438102,5.968749999999999,4.950178571428568,5.138920206265416,6.973167597332204,4.523409493620422,4.352781945019636,31.003437500000004,31.00343749999999,23.143589324470323,32.43001581013156,20.07708069811056,20.016434714166596,17.303159722222222,18.554930555555558,18.13409709564572,18.210540598195113,17.713870294528284,18.706491749982707,9.181177083333335,7.693124999999997,7.9508231533256,8.002182250038144,8.31026070160705,8.340815976272161
2016-05-31,PREMON,25.20666666666667,8.235,71.54,13.3,11.222000000000001,22.976527777777783,18.84979166666666,21.411062767301615,21.375676876451873,29.504990247427614,28.318480823063627,6.331458333333332,5.662499999999996,6.37735212375925,9.489696042957153,5.510874655017503,5.026744857306694,31.0034375,31.003437499999993,42.5021535946822,44.359992351385806,71.5741275735713,66.70038667722818,17.895659722222224,17.135347222222226,16.20045825738743,17.255176055344787,18.114277018021802,18.31845660119137,9.447791666666667,8.81445833333333,9.259293891995359,8.485920297351226,8.189638719099397,8.212609528973074
2016-08-31,MONSOON,22.395000000000003,4.25,13.26875,23.03,9.705,25.04616319444445,21.399791666666665,21.80463766038097,22.03899725130033,11.56511791724781,13.898709914565067,6.3879166666666665,6.274999999999996,5.52641127425555,6.736864467411159,2.683742648112687,3.675809980458963,31.0034375,31.003437499999993,30.808792156809318,38.92519181750972,13.464524670180376,17.520851052675,18.31324652777778,17.470972222222226,18.932274954432458,18.325575768119,20.52956683587551,20.23752340357426,8.84940625,9.54789583333333,9.437576335197216,8.695205848351963,8.035212267814616,7.745110427421396
2016-11-30,POMKH,34.125,7.736666666666667,21.615,18.375,8.5275,26.26229166666667,24.553263888888885,26.73278259622858,25.904265702221526,25.171557422273327,23.588835608420055,6.323125000000001,6.387916666666664,6.4105134312199965,7.818947549384345,7.2457983049929995,6.356709853397772,31.003437500000004,31.003437499999993,27.13127529408559,35.663283002366946,22.29122007801709,21.35261805394128,19.220520833333335,18.320347222222225,18.709364972659476,18.385012172048633,17.21612547709094,16.05156145188787,8.23775,9.347687499999996,9.07354580111833,8.713654655099464,8.82151490039596,8.217936856795667
2017-02-28,POMRB,20.429583333333333,5.33,17.59,18.519583333333333,3.95,28.509895833333335,25.539062499999996,24.21150289107048,25.305831704566042,20.931204737861155,22.488580854128305,6.316041666666667,6.387916666666664,5.978308058731997,6.217080728143117,5.669112834255698,5.578769304448544,31.003437500000004,31.00343749999999,23.314765176451356,31.360275077651387,18.438038076697957,19.927250144560677,20.16989583333333,18.306145833333336,18.63345231692902,18.462844838452433,18.29651447083956,18.971050515805633,8.13375,8.351124999999996,7.024127480670998,8.09641722115661,9.028819796846552,7.742530976319178
2017-05-31,PREMON,30.9925,7.716666666666666,71.54,20.615,10.315,29.753145833333335,26.985520833333325,26.923901734642286,27.685347816659714,31.24111302256766,25.8767553489194,6.165166666666666,6.258333333333331,6.673651501905865,7.323766906309084,7.7870952312313175,6.936677964795345,31.0034375,31.003437499999993,42.604859105870815,42.53417281302953,72.29264494673744,57.20455088523337,20.324583333333333,20.134895833333335,19.42607139015741,18.94979843800199,17.581507138372643,17.542325694205108,8.2765625,8.124374999999995,8.340476488402599,8.442102095042312,8.28059015637304,8.679716910331225
2017-08-31,MONSOON,34.59,4.711666666666667,13.26875,23.31,9.78,29.79613541666667,30.034270833333323,29.990341040785374,30.70136013568081,22.609600223956093,25.32890804339123,6.097520833333334,6.373749999999998,5.888857567810185,5.422696813467933,3.9533332823127756,5.123109084150713,30.563958333333332,31.003437499999993,30.87041546352249,36.67267955914712,13.949077977063109,18.74175394927488,20.449635416666666,20.204895833333335,20.979642834094445,19.93800779340115,23.03612148397408,22.156802314236515,9.961875,8.143124999999996,8.91628589304156,8.667614327852775,7.993039926496539,8.568708401264363
2017-11-30,POMKH,31.876000000000005,6.0680000000000005,21.615,19.3325,9.595,30.557437500000006,29.472020833333325,30.744604624471226,32.43411239360591,35.422547235393296,38.18086101348563,6.091375,5.956583333333331,5.960514540686112,5.5384758391358,7.746583123504422,6.740261507204849,23.781126893939394,31.003437499999993,27.168249278113493,33.23793780911043,22.278512014955695,22.825020149119318,19.997812500000002,20.444270833333334,20.320785700456668,20.03534489197933,18.985689669287314,17.888869875861825,10.780000000000001,8.409999999999997,9.187771535824936,8.837419039718819,8.794973003847133,8.378727299953626
2018-02-28,POMRB,23.0225,6.4575,14.074166666666665,18.5625,16.365000000000002,30.994625000000003,30.12024999999999,27.655762774682735,31.258906070865553,23.18668922686473,25.31518144395699,6.365958333333333,6.23845833333333,6.159308724411668,6.09313560793668,5.4328758166766145,5.516846819815059,17.43777462121212,30.12447916666666,21.93061623353476,28.066866742752183,18.25662266402854,20.151747720169773,19.540625,20.455000000000002,19.617471420274,19.94466916821737,19.72102315332479,19.895095739669586,9.684166666666666,11.513749999999996,12.058662921494964,9.92106651921606,9.148219862768483,7.982848645644207
2018-05-31,PREMON,34.49,6.54,20.79318181818182,16.9575,4.445,30.900750000000002,30.994624999999992,30.38945766480964,33.34306125461238,33.7111927750742,30.835674496387313,6.336625000000001,5.944291666666664,6.3115852346470005,6.532089129186381,7.850916527891091,6.760802127119479,16.7841368006993,17.437774621212117,21.475642467393584,25.29621992635217,71.81080354548017,57.01522793631605,19.6703125,19.540625000000002,18.5534828521644,19.51510555158748,19.170887147071944,17.494254250737843,10.094791666666667,10.046249999999997,9.013197752896978,9.21106176044753,10.040186991536913,9.00984860671938
2018-08-31,MONSOON,34.59,8.085,13.26875,23.31,6.883333333333333,,30.994624999999992,32.06967459888578,35.04997552854755,32.11346532252126,31.031108899992876,,6.787624999999998,7.020951140788201,8.179252635967334,4.43650418953562,5.302560245057354,,17.437774621212117,18.192885480436154,21.11876743399656,7.927628343423937,11.818575222400995,,19.540625000000002,20.456089711298638,20.380109752561737,22.957402071431027,22.70369228168115,,9.32208333333333,8.16125198507152,8.933177489894671,8.73487104492049,10.009984225747559
2018-11-30,POMKH,31.125,2.46,16.385897435897437,20.37,15.776666666666666,,30.80687499999999,31.69180475933147,,34.204508478727604,31.161128002310278,,5.885624999999997,5.1965706844729205,,6.926300140961461,6.261436553640869,,16.130498980186477,17.470090262620666,,16.626042175424285,20.36736271437261,,19.800000000000004,20.421653826779185,,18.937381865501592,19.694812427647314,,10.867499999999996,11.207417857709578,,9.051439248332782,9.406213169018145
