Date,Season,Pondi,Kartala,Korba,Pali,Katghora,Pondi_Trend,Pondi_SMA,Pondi_EWMA,Pondi_DES,Pondi_TES,Pondi_ARIMA,Kartala_Trend,Kartala_SMA,Kartala_EWMA,Kartala_DES,Kartala_TES,Kartala_ARIMA,Korba_Trend,Korba_SMA,Korba_EWMA,Korba_DES,Korba_TES,Korba_ARIMA,Pali_Trend,Pali_SMA,Pali_EWMA,Pali_DES,Pali_TES,Pali_ARIMA,Katghora_Trend,Katghora_SMA,Katghora_EWMA,Katghora_DES,Katghora_TES,Katghora_ARIMA
1996-02-29,POMRB,5.7620000000000005,4.49,7.065,5.348333333333333,5.3933333333333335,,,5.7620000000000005,5.588612981193352,6.061430909979958,0.0,,,4.49,3.48687939640713,4.146972580103342,0.0,,,7.065,7.280574945595991,7.0373889709353605,0.0,,,5.348333333333333,5.019394310818981,5.054839273386365,0.0,,,5.3933333333333335,11.026914842696728,5.239404836265317,0.0
1996-05-31,PREMON,8.998333333333333,6.14,9.205,6.51625,8.716666666666667,,,7.056533333333334,5.7122125812640885,8.426012536890207,2.915159064736387,,,5.15,3.9640505381278213,6.328643221163446,4.489986330960849,,,7.921,7.896704994531249,9.468130767448624,6.111241760854936,,,5.8155,5.138791543310493,6.99427176590724,3.7604942647293806,,,6.722666666666667,14.588393797902429,7.56366696189146,3.1367775903687503
1996-08-31,MONSOON,3.22,1.21,5.58,2.144285714285714,0.8166666666666668,5.944416666666667,,5.521920000000001,4.285749573441868,4.136255603260837,4.7342264517271,4.074999999999999,,3.5740000000000003,3.179550041723823,1.9442249958095612,5.487495968229452,7.151250000000001,,6.9846,7.016703063451656,4.954476911167073,7.778084897385551,4.446949404761905,,4.347014285714286,4.884031841881753,3.2281317489611028,4.741622575468075,4.60875,,4.360266666666667,10.619286525535143,2.5510591840515597,5.124556617280724
1996-11-30,POMKH,4.706666666666667,3.53,6.2700000000000005,3.8516666666666666,2.93,6.272916666666666,5.67175,5.195818666666667,3.766461268598518,4.592011246648411,3.228887490848197,4.396249999999999,3.8425,3.5564,3.089638864662519,3.035126319560174,3.28158601826446,7.310625,7.03,6.69876,6.695956969884871,6.680170496656935,5.603826966751296,4.495952380952381,4.465133928571428,4.148875238095238,4.792942272033951,3.0155527872660666,3.030743852568926,4.974166666666667,4.464166666666666,3.7881600000000004,7.773307489042998,3.4801826203378226,2.240510106483658
1997-02-28,POMRB,7.9433333333333325,6.35,8.035,5.202857142857141,6.55,6.490499999999999,6.217083333333333,6.294824533333333,4.524296906217484,5.922319194267795,5.588656657701568,4.751250000000001,4.307499999999999,4.67384,3.780848687479398,4.234320959667796,4.377767266706712,7.482499999999999,7.2725,7.233256,7.11114111132405,7.023067904166842,6.402736053901885,4.7677604166666665,4.4287648809523805,4.570467999999999,4.822058401884814,4.827602256061142,4.903054765160578,5.359583333333334,4.753333333333333,4.892896,7.430048878301079,5.075994061149287,4.862070845188129
1997-05-31,PREMON,9.445,6.85,9.51,7.053750000000001,10.483333333333334,6.653291666666666,6.328749999999999,7.55489472,5.83712341132948,9.098641134547503,9.55637989227567,5.06375,4.484999999999999,5.544304,4.596718484582515,6.415991602131672,6.391152532345173,7.6206249999999995,7.348750000000001,8.1439536,7.895470071155397,10.152794455760722,8.769176179357693,4.909047619047619,4.563139880952381,5.5637808,5.0028580578068516,6.816737567908762,6.0372875891712265,5.531666666666667,5.195,7.129070933333335,9.571953678932188,7.673193542579744,8.568449488671527
1997-08-31,MONSOON,4.5139999999999985,3.34,6.65,3.78125,2.1333333333333333,6.265166666666666,6.6522499999999996,6.338536831999999,5.379771164468164,4.729837981407334,3.3179226862468196,4.737499999999999,5.017499999999999,4.6625824,4.414127764877315,2.031573377264775,1.7981814128149622,7.351875000000001,7.616250000000001,7.54637216,7.392083464165539,5.369534330603004,6.37536104869006,4.668794642857143,4.972380952380952,4.85076848,4.8958842335268455,3.485270452468452,2.776573153290647,5.07375,5.524166666666667,5.130775893333334,6.098205559168391,3.0032137189406796,2.0724755569046893
1997-11-30,POMKH,4.715,3.9,6.305,3.345,2.99,5.554958333333333,6.654333333333333,5.6891220992,5.059113511661992,5.430614389296402,4.7660782527530685,4.07125,5.1099999999999985,4.35754944,4.367933130351799,3.1224747026642423,3.930895789103311,6.930625000000001,7.625000000000001,7.049823296,6.948557281388431,7.5603148625406,6.546941924647037,4.192477678571429,4.845714285714285,4.248461088,4.761600988122542,4.111494435067929,4.579807941163116,3.9329166666666664,5.539166666666667,4.274465536000001,4.1255409365041205,4.111082468070217,3.1911342065269697
1998-02-28,POMRB,4.83,3.37,5.85,3.7875,2.8266666666666667,5.262479166666666,5.876,5.345473259519999,4.845331920055337,6.470476555679725,6.8753961200179425,3.56625,4.364999999999998,3.962529664,4.169482496565322,4.321669343024654,5.4912772884948815,6.675,7.07875,6.5698939776,6.504678316851376,7.30305948704229,7.194788181843689,3.750736607142857,4.491875,4.0640766528,4.675491797417467,4.949310211965857,4.8056849899261405,3.1483333333333334,4.608333333333333,3.6953459882666673,2.9104978658090386,5.58885545906308,5.795450932336255
1998-05-31,PREMON,6.876666666666666,4.5,8.325,4.658571428571428,5.08,5.177666666666666,5.2339166666666666,5.957950622378666,5.387008075387614,8.365932308164922,8.146466059348086,3.2984375000000004,3.7774999999999985,4.1775177984,4.274997210654725,6.503339983015313,5.810853580284496,6.51625,6.782500000000001,7.27193638656,7.090649042140896,8.682349523558402,7.452486804776331,3.650424107142857,3.893080357142857,4.301874563108571,4.66918495152563,6.004055883838776,5.694767083209577,2.9808333333333334,3.2575000000000003,4.24920759296,3.5210080857010206,7.310185274046116,7.640913662078619
1998-08-31,MONSOON,4.7425,1.65,5.79,2.6425000000000005,1.26,5.313041666666667,5.291041666666667,5.4717703734272,5.163254531584949,3.3549892288343997,2.816254771588662,3.3687500000000004,3.3549999999999986,3.1665106790400004,3.6284369802612098,2.1189217562207023,1.9139984523030713,6.62015625,6.567500000000001,6.679161831936,6.574543105721279,4.10178917061942,5.64814915436992,3.855684523809524,3.6083928571428574,3.6381247378651427,4.495515422642282,1.7105809144518518,1.8787984100802606,3.168541666666666,3.039166666666667,3.0535245557760002,2.0961754915687383,1.5980749268187506,-0.5109924738436522
1998-11-30,POMKH,3.8080000000000007,3.4475,5.8950000000000005,3.68125,2.523333333333333,5.717416666666667,5.064291666666667,4.80626222405632,4.661724541092869,4.616650635619741,4.9533627994268326,3.589375,3.241874999999998,3.2789064074240004,3.5055087814805996,3.2098230801946155,3.496067757926462,6.912812499999999,6.465000000000002,6.365497099161599,6.281077508210829,6.582117148414074,5.867868621280611,4.343623511904762,3.692455357142857,3.6553748427190857,4.4229957617471545,2.723395754510057,3.4328694062078102,3.5937499999999996,2.9225000000000003,2.8414480667989332,1.9242169886834999,2.8158990248756512,2.838114115688024
1999-02-28,POMRB,6.82,4.385,7.0912500000000005,5.093333333333334,4.795,5.7298124999999995,5.561791666666666,5.6117573344337925,5.264445718446837,5.623966773026078,5.773111658605952,3.8143749999999996,3.4956249999999978,3.7213438444544003,3.6522699259783975,4.409017720095412,4.578069243588198,7.0846875,6.775312500000002,6.65579825949696,6.513774294568416,6.72834957121081,6.414132623331208,4.926302083333333,4.0189136904761895,4.230558238964785,4.474186920780205,4.609451806477923,4.629443441482845,3.7754166666666666,3.4145833333333333,3.6228688400793603,3.3492623643269503,4.464974979668995,4.528540614737658
1999-05-31,PREMON,8.121666666666666,5.25,9.425,7.25625,6.513333333333333,5.7428333333333335,5.8730416666666665,6.615721067326943,6.2969697858505755,8.511693099097286,8.602751034544207,3.8521875,3.6831249999999978,4.332806306672641,4.032115984375914,6.590688360807552,5.599385460440413,7.207187500000001,7.050312500000001,7.763478955698176,7.48318950444142,9.397186626334069,8.61144523763937,5.465052083333334,4.668333333333333,5.440834943378871,4.701184852556825,6.66462180145721,6.131072655639896,3.7420833333333334,3.7729166666666667,4.779054637380949,5.8429069089711385,6.825646574848491,7.802436893374674
1999-08-31,MONSOON,3.5966666666666662,2.7,6.065,4.70625,1.28,5.685124999999999,5.5865833333333335,5.408099307062832,5.632280230280134,3.885286934573891,3.9895569325703475,3.635625,3.9456249999999975,3.6796837840035845,3.716685170872162,2.2062701345671214,2.0135939464894714,7.250781250000001,7.119062500000002,7.084087373418906,6.922503029395995,5.090137633125015,6.494003513172284,5.947447916666667,5.184270833333333,5.147000966027322,4.696682003320792,3.5487274032866107,3.6481520422447593,3.4772916666666664,3.7779166666666666,3.3794327824285695,4.216944268334016,1.5100727524956468,0.7722442968732905
1999-11-30,POMKH,5.058,2.7,6.6,5.927500000000001,2.236666666666667,5.515958333333333,5.8990833333333335,5.268059584237699,5.498021035559585,4.5606025731124955,4.054125122971815,3.7275,3.758749999999998,3.287810270402151,3.4268018669330673,3.297171459320262,3.7572943957996974,7.1674999999999995,7.295312500000002,6.890452424051343,6.751671180580329,7.063903557962382,6.050968416986086,6.210625,5.745833333333334,5.459200579616393,4.794262186737658,4.698687758140979,4.7025219787730865,3.3016666666666667,3.70625,2.9223263361238083,3.334994768648703,2.7502272282619935,2.7433698265712074
2000-02-29,POMRB,5.108333333333333,3.4,6.735,6.7062500000000025,2.9633333333333334,5.600541666666666,5.471166666666667,5.204169083875953,5.3853349622798845,6.0248016968370015,6.582634739525693,3.9412500000000006,3.512499999999998,3.3326861622412904,3.3516023449162056,4.496366098551244,4.303106657053933,7.105,7.2062500000000025,6.828271454430807,6.689775859684245,7.368644116082153,7.08786712730154,6.26125,6.149062500000001,5.958020347769837,4.948466650176761,6.749460545418962,6.025922534529885,3.7221875000000004,3.2483333333333335,2.9387291350076183,3.0713651131073663,4.35361059444682,4.466506968913162
2000-05-31,PREMON,8.479999999999999,6.97,9.115,7.74875,6.94,5.637874999999999,5.56075,6.514501450325572,6.468231829885504,8.173530689711717,7.728952892825819,4.06,3.942499999999998,4.787611697344774,4.256678234685937,6.678036738386372,5.1882296805407595,7.585,7.128750000000003,7.7429628726584845,7.486870880782578,9.329816296257167,8.520342753044055,6.1921875,6.272187500000001,6.6743122086619024,5.176485105144395,8.48420860695671,7.350872857202599,4.529791666666667,3.3550000000000004,4.539237481004571,5.556042556730981,6.358594908698295,6.5735016820631795
2000-08-31,MONSOON,3.915,2.69,5.875,4.61875,4.2175,5.7543750000000005,5.6403333333333325,5.474700870195343,5.840885096403612,3.7907733341406233,4.058282056230733,4.3075,3.9399999999999986,3.948567018406864,3.962634811318224,2.293618513478304,2.678455420429562,8.215000000000002,7.081250000000003,6.99577772359509,6.8580629161458155,4.850471447425237,6.161719812962876,6.151138392857144,6.250312500000001,5.852087325197141,5.124615449765224,4.56157143499302,4.178170928207377,5.454791666666667,4.089375,4.410542488602744,5.649366417888695,1.2278050322501701,1.1269958802580047
2000-11-30,POMKH,5.038333333333333,3.66,10.63,5.4625,5.76,6.040416666666665,5.635416666666666,5.300153855450539,5.626657779960109,4.610511483157969,4.463997585145467,4.407500000000001,4.179999999999999,3.8331402110441184,3.9280259232779957,3.384519838135338,3.455693252360856,8.139375000000001,8.088750000000003,8.449466634157055,8.12721383828003,6.859506257404987,6.028744745820053,6.167537202380952,6.134062500000001,5.696252395118284,5.147385594554944,5.042627093486924,4.916513987824224,5.735625000000001,4.970208333333333,4.950325493161646,6.467816290759285,3.1336741547885523,4.113691813507985
2001-02-28,POMRB,6.06,4.42,7.745,6.8428571428571425,6.84,5.9799999999999995,5.873333333333332,5.604092313270323,5.777290342929992,6.050371611860248,6.255243092215503,4.265000000000001,4.434999999999999,4.067884126626471,4.0905182694349955,4.583714478053345,4.3400695665344,7.4925,8.341250000000002,8.167679980494233,7.925391664012322,10.171171344490613,9.9603693412132,6.163266369047619,6.168214285714285,6.154894294213827,5.283189094300654,6.601641570913432,5.874150591833525,5.089270833333334,5.939374999999999,5.706195295896988,7.598964880771023,5.386256019694376,5.871860661460923
2001-05-31,PREMON,9.816666666666666,6.75,7.5,7.743333333333332,5.3100000000000005,5.596458333333333,6.2075,7.28912205462886,7.255410436465751,8.523068658938552,8.301125116236545,4.195,4.379999999999999,5.140730475975882,4.8755740857057654,6.765385118655364,5.928330431531399,6.478125000000001,7.937500000000002,7.90060798829654,7.71006481340705,10.859436494607726,9.376419633140486,6.091860119047619,6.166860119047618,6.79026990986163,5.482530790852214,8.509293705953201,7.502786876380661,4.248333333333333,5.5318749999999985,5.547717177538193,7.204745451954085,7.979266167064965,8.583136174184528
2001-08-31,MONSOON,2.095,1.77,2.315,4.59,0.6766666666666666,5.304666666666666,5.7524999999999995,5.211473232777316,5.880148998769276,4.485629611385445,4.619660538194063,3.9625,4.149999999999999,3.7924382855855296,4.259918173817821,2.380966893504112,2.6500174451694143,5.8999999999999995,7.047500000000001,5.666364792977924,5.7493787354286505,4.147038170265687,4.887067409464152,5.931659226190475,6.159672619047617,5.910161945916978,5.402459407080285,4.568114356901285,4.250799032198763,3.8441666666666667,4.646666666666665,3.599296973189582,4.0613394993638945,2.1763720717551274,0.912728919240813
2001-11-30,POMKH,3.79,4.02,6.075,4.92,2.5733333333333337,4.933083333333333,5.440416666666666,4.64288393966639,5.192852866407593,4.425618324686943,3.7781182384188012,3.64375,4.239999999999998,3.8834629713513173,4.253766743069825,3.4718682173562403,3.2577517981443496,5.95375,5.908750000000001,5.829818875786755,5.816138657574648,4.127571652227218,4.265273500500429,5.795282738095238,6.024047619047618,5.514097167550187,5.356621849149107,5.027715270007398,4.9874590059679935,4.350520833333333,3.8499999999999983,3.1889115172470825,2.927196363356027,3.1540190854039216,2.646912328119535
2002-02-28,POMRB,4.973999999999998,2.2,7.675,6.10375,6.793333333333332,5.168916666666667,5.168916666666665,4.775330363799833,4.998357717643533,5.49346479111463,5.676401151858062,3.7562499999999996,3.6849999999999983,3.2100777828107905,3.7631706344960825,4.6710628574840936,4.468025729471293,6.5806249999999995,5.891250000000001,6.567891325472052,6.421372868118676,6.144643987498748,6.137970232479619,6.11483630952381,5.839270833333332,5.749958300530112,5.41322997059541,6.266006229063328,5.7183107295073174,5.005624999999999,3.838333333333331,4.630680243681582,4.790824899457821,4.743523741585915,4.45087764876375
2002-05-31,PREMON,7.9300000000000015,6.42,8.0,7.3914285714285715,9.4075,5.8778749999999995,4.6972499999999995,6.037198218279901,5.8743940121405105,7.781073954613662,8.081390067159479,3.8375,3.6024999999999983,4.494046669686474,4.428518427991393,6.85273349624968,5.460848830490531,7.309374999999999,6.016250000000001,7.140734795283231,6.923064447417241,9.642513035127596,8.978483830690916,6.887752976190476,5.751294642857141,6.406546408889496,5.5722999481528595,7.928385817062926,7.100634580250331,5.551874999999999,4.86270833333333,6.5414081462089495,8.293409906512501,7.45977557669595,7.999903860261725
2002-08-31,MONSOON,5.868333333333332,3.0,6.83,7.498333333333334,1.82,6.3109166666666665,5.640583333333333,5.969652264301273,5.960324756781471,3.3432046628912016,3.3574673322244433,4.109999999999999,3.9099999999999984,3.8964280018118846,4.140796465740018,2.4683152707556912,2.324913772249145,8.184375,7.1450000000000005,7.016440877169939,6.832889736632003,4.149334093904599,4.808060610072061,7.5664806547619055,6.478377976190475,6.843261178667031,5.726859076223071,4.126418626227993,4.096211806313495,6.039166666666667,5.148541666666664,4.65284488772537,5.907616538907768,2.6114839642579786,2.919324767991352
2002-11-30,POMKH,5.688333333333333,3.44,7.39,8.195,5.8,6.7475,6.115166666666666,5.8571246919140965,5.955106915864094,5.0028286546724585,5.450997102257875,4.54125,3.764999999999999,3.7138568010871307,3.978174684630111,3.5592165955381883,3.7628919258125366,9.968125,7.47375,7.165864526301963,6.972039884413357,7.334422939007986,7.938866796770987,8.126904761904763,7.297127976190474,7.383956707200219,5.926401960440559,6.6225191339973435,6.691502669208896,6.1690625,5.9552083333333306,5.111706932635221,6.200047681944889,3.735561847238031,3.1876975264819496
2003-02-28,POMRB,6.539999999999999,4.96,13.36,8.258571428571429,7.465,6.899166666666666,6.506666666666666,6.130274815148457,6.227219650447449,6.532831637662286,6.3991304747224005,4.684166666666666,4.454999999999999,4.212314080652279,4.227857724505854,4.758411235082909,3.7785326769179637,10.98,8.895,9.643518715781177,9.15993814416364,8.008056377172581,7.3679453090487055,8.115684523809524,7.835833333333332,7.733802595748703,6.1144123774670085,8.882209814075972,7.694009676259583,6.531562500000001,6.123124999999997,6.053024159581133,7.378098238057621,5.871968602880193,6.405551233030609
2003-05-31,PREMON,9.856666666666667,7.11,16.585,9.72,9.775,6.517708333333334,6.988333333333333,7.620831555755741,7.649595453799411,9.00466811619248,8.749835333725718,4.615833333333333,4.6274999999999995,5.371388448391368,5.051549640706321,6.940081876013196,6.462954650265955,11.098333333333334,11.04125,12.420111229468706,11.694283463835081,14.21970609048702,13.068051207344073,7.180684523809524,8.417976190476189,8.528281557449223,6.408273636389906,10.264112858367538,8.417966981820692,6.6209375,6.214999999999998,7.54181449574868,9.720756588297599,8.493777620710437,8.540017636549749
2003-08-31,MONSOON,5.155,3.453333333333333,6.34,5.08,4.3525,5.992916666666667,6.8100000000000005,6.634498933453445,7.234022188798383,4.812748322802571,4.5816601680992095,4.423333333333333,4.740833333333333,4.604166402368154,4.826043041478034,2.5556636510158928,2.7229173374262485,10.455416666666666,10.91875,9.988066737681223,9.714868181715604,11.572545638747318,11.55711699950907,6.069196428571429,7.813392857142855,7.148968934469534,6.290944685209284,6.45779573681193,5.9777206769464835,6.283541666666666,6.848124999999998,6.266088697449208,7.79997727298229,3.507680982769792,2.934411597445296
2003-11-30,POMKH,3.35,2.44,8.826666666666666,3.1333333333333333,3.9825,5.515,6.225416666666668,5.320699360072067,6.165704836297534,5.708756190480351,5.167953637119307,4.346666666666667,4.490833333333333,3.7384998414208925,4.317213351956139,3.646564976079028,3.877244801333421,8.711666666666668,11.277916666666666,9.5235067092754,9.32198369125121,9.138315320307946,7.441393018214696,5.247708333333334,6.547976190476188,5.542714694015054,6.0213949497414445,6.066523266355934,5.465378679772019,6.046145833333333,6.393749999999998,5.352653218469524,5.912685815779665,4.970078569524468,4.8257340976759675
2004-02-29,POMRB,4.68,4.42,6.78,4.428333333333334,6.583333333333332,4.880625,5.760416666666668,5.06441961604324,5.644303019125636,6.173812915474979,5.390883130820591,4.012499999999999,4.355833333333333,4.011099904852536,4.352380371782899,4.845759614762581,3.794013480025617,7.397916666666667,9.632916666666667,8.426104025565241,8.350953554841581,9.551174926775026,9.341289498948782,4.688333333333333,5.590416666666664,5.096962149742366,5.882420239767273,5.587193900529564,4.773282455315532,5.434895833333333,6.173333333333331,5.844925264415048,6.033963482282606,6.475454638871765,5.633606661325103
2004-05-31,PREMON,7.893333333333333,7.036666666666666,9.215,6.978333333333333,8.7575,4.689374999999999,5.269583333333333,6.195985102959277,6.294948810079405,8.120574683326637,8.074762017069494,3.841875,4.3374999999999995,5.221326609578188,5.091655776864167,7.027430255192336,6.468375202897574,6.770208333333333,7.790416666666667,8.741662415339144,8.585411762486581,9.994446595997891,8.627228247750786,4.67275,4.904999999999998,5.849510623178753,5.967523700337705,6.643732675474579,6.314868339531824,4.776354166666667,5.918958333333331,7.009955158649029,7.5536486846477064,8.79019557205893,8.257605719878502
2004-08-31,MONSOON,2.043333333333333,0.8533333333333332,3.2,3.3466666666666662,0.48,5.042291666666666,4.491666666666666,4.5349243951088996,4.933479248897925,3.5511141524818703,3.7924423709912536,3.9387499999999998,3.687499999999999,3.4741292990802464,4.138953185318609,2.643012030079325,2.8893601463334706,6.2,7.005416666666668,6.524997449203487,6.620854529991238,5.114147236387398,5.257880637253267,5.055113095238094,4.471666666666664,4.848373040573918,5.743012617056721,3.371589939074059,4.232164382766517,4.608020833333334,4.950833333333331,4.397973095189418,4.013854514407757,3.5324351058958174,2.6087887859967065
2004-11-30,POMKH,4.931666666666667,3.675,6.945,4.742,2.586666666666667,5.310208333333334,4.887083333333333,4.693621303732006,4.725228532252748,3.799941877252542,3.558750776991607,4.056666666666667,3.9962499999999994,3.5544775794481476,3.983845916421854,3.7339133529649278,2.816300336243806,6.4435416666666665,6.535,6.6929984695220925,6.679862950781654,5.036373538496362,5.2824838794618945,5.350819940476191,4.873833333333331,4.805823824344351,5.653634213229817,3.8027354739560444,4.1310883545721255,4.642604166666667,4.601874999999998,3.6734505237803172,2.8054034976266564,4.1890419097796325,2.7691980800931386
2005-02-28,POMRB,5.921666666666668,3.96,4.1,5.878571428571428,6.6325,5.520625000000001,5.1975,5.184839448905871,4.923511146232456,5.486042007488998,6.00078399908889,4.476041666666666,3.881249999999999,3.7166865476688886,3.9237727986987276,4.933107992576411,4.2582122618867855,7.926250000000001,5.865,5.655799081713255,5.717443763223639,7.025891930358635,7.552821870301726,5.525038690476191,5.236392857142855,5.234922866035182,5.666444156711013,5.677490740604119,5.6849792333585665,4.971666666666667,4.614166666666665,4.85707031426819,4.508642382324632,5.567303483312907,5.0525173836289605
2005-05-31,PREMON,8.795000000000002,8.44,13.843333333333335,7.8937500000000025,8.985,5.5045833333333345,5.4229166666666675,6.628903669343523,6.151182180023444,8.107761478874325,8.60123981345511,4.66,4.232083333333333,5.606011928601333,5.095399312084976,7.114778632577316,6.431634114154408,9.213958333333334,7.022083333333334,8.930812782361286,8.526743613378011,7.359296168609662,6.6841042977072185,5.601385912698413,5.465247023809523,6.298453719621111,5.845994050208266,7.5607446767201605,7.256919986974223,5.456770833333334,4.671041666666665,6.508242188560914,7.675091056481161,8.079978103412202,8.339715874799097
2005-08-31,MONSOON,2.825,2.805,10.433333333333334,3.825,2.885,5.350208333333333,5.618333333333334,5.107342201606114,5.2065144695946,3.8582051738993997,3.9803523701092582,4.791875,4.72,4.4856071571608,4.679935860626872,2.7303604084826,2.8767190726039757,10.507916666666667,8.830416666666666,9.531821002750107,9.126261073484967,7.63693215034784,8.466820420471407,5.858397817460317,5.584830357142856,5.309072231772666,5.671565697507689,4.287632128407083,4.66779060541405,5.514375,5.272291666666665,5.058945313136547,6.040934158757491,3.0160987826139887,2.4665309372055835
2005-11-30,POMKH,4.0216666666666665,3.1950000000000003,10.013333333333334,4.874444444444444,4.0625,5.238333333333334,5.390833333333335,4.673071987630335,4.761942061554607,4.273049406260515,4.068101791379662,4.943125,4.6,3.96936429429648,4.368694581076452,3.8212617328834426,3.595032399245522,11.021666666666667,9.5975,9.724425934983397,9.362379737623323,10.904206774972995,10.94567168608998,6.163385416666667,5.617941468253966,5.135221116841377,5.59924181361944,4.452692238767865,4.487711082904806,5.448124999999999,5.6412499999999985,4.660367187881928,5.237340681023248,4.276716977234651,3.9473028964818644
2006-02-28,POMRB,5.596666666666668,5.495,11.383333333333333,7.802222222222222,5.6175,5.166458333333334,5.309583333333335,5.042509859244868,4.920298284014074,5.475309533700901,5.59076382106173,5.071250000000001,4.98375,4.579618576577888,4.679584959025461,5.020456372027231,4.110180620898292,10.222083333333332,11.418333333333333,10.387988894323371,9.995167922841153,10.90574805224449,9.378642434765268,6.2755729166666665,6.098854166666666,6.2020215589937155,5.776836329116231,6.012849150803103,5.784382255642253,5.6365625,5.387499999999998,5.043220312729156,5.497759112600705,5.941992202039323,5.967143288331121
2006-05-31,PREMON,8.225,8.115,10.67,8.41,9.47,5.266666666666667,5.167083333333334,6.315505915546921,6.011803975398866,7.987091637553304,8.478387761883923,5.420625,4.9025,5.993771145946733,5.691916880800307,7.202127013220929,7.341725604574089,9.942916666666667,10.625,10.500793336594022,10.149459738400177,13.656024960789082,13.096932152132311,6.448784722222222,6.227916666666664,7.08521293539623,5.9900696340683535,8.861634052184199,8.469614911737143,6.029374999999999,5.508749999999999,6.813932187637494,8.239128587918614,8.167336736588561,7.899988125244441
2006-08-31,MONSOON,2.82,4.155,7.21,4.20625,3.9075,5.384791666666667,5.165833333333334,4.917303549328152,5.126201033932574,3.58035022533798,3.6008091742533117,5.671250000000001,5.24,5.25826268756804,5.552788918588809,2.8177087887763412,2.8517365480337533,10.216249999999999,9.819166666666668,9.184476001956412,9.03182478261445,7.208793133764903,6.341037276158236,6.4978125,6.323229166666664,5.933627761237738,5.835241781435727,5.111535262869138,4.875701555671323,6.565,5.764374999999999,5.651359312582496,6.684513120189566,3.185673185702171,2.7567181424971956
2006-11-30,POMKH,4.828333333333333,4.6400000000000015,11.003333333333332,5.8788888888888895,6.1825,5.453333333333332,5.3675000000000015,4.881715462930225,4.999146352281461,4.090644837598759,4.060939393052491,5.840625000000001,5.60125,5.010957612540825,5.505912495314981,3.908610114171615,3.9859130765709363,10.623333333333333,10.066666666666666,9.91201893450718,9.649973374134536,8.491148121029402,8.380368243930388,6.306284722222222,6.574340277777775,5.911732212298199,5.832763996323739,5.007504296789191,4.750270672056679,6.992812499999999,6.294375,5.863815587549498,6.654993101268126,4.622641077507929,4.472124741236813
2007-02-28,POMRB,5.734999999999999,6.055,12.579999999999998,7.19,7.7825,5.689791666666667,5.4020833333333345,5.223029277758135,5.203941305665683,5.638902813527798,5.946692602319532,5.98625,5.74125,5.428574567524494,5.810338100496364,5.107804754416136,4.922525746474678,10.863958333333334,10.365833333333333,10.979211360704308,10.5999699024045,10.909264843099887,10.37065133152015,6.158003472222223,6.421284722222219,6.42303932737892,5.939681937870333,6.8409950091839615,6.594877301947015,7.2675,6.835625,6.6312893525296985,7.550198889499842,6.654721740949892,6.9862482965611665
2007-05-31,PREMON,8.635,8.91,12.73,7.490000000000001,10.7275,5.872708333333333,5.5045833333333345,6.587817566654881,6.428812794680122,8.141848458666193,8.512841423227997,5.965000000000001,5.9399999999999995,6.821144740514697,6.8630578730621865,7.2894753959939775,7.78134872826275,10.237291666666666,10.880833333333332,11.679526816422586,11.260834024247556,14.506819740376725,13.66677697801765,5.930575396825398,6.1912847222222185,6.849823596427353,6.062567377607959,8.814172875678791,8.09632721563716,6.912604166666667,7.15,8.269773611517818,10.114370434461762,9.180335674109784,9.145136619228934
2007-08-31,MONSOON,4.301666666666667,4.525,7.075,3.94,4.8475,5.922499999999999,5.875000000000001,5.673357206659595,5.996512179571084,3.8243964601609655,3.7018463217664266,5.8425,6.032499999999999,5.9026868443088185,6.623023740849651,2.905057172120591,3.4960248850026794,8.48625,10.847083333333332,9.83771608985355,9.695798050720883,8.918267101848587,8.002793750012762,5.452678571428572,6.124722222222219,5.685894157856412,5.879453326985468,4.533653326612228,4.255835691035371,5.926145833333333,7.385000000000002,6.900864166910691,8.156726772737844,4.249224819128452,3.5038980249590823
2007-11-30,POMKH,4.81,4.1,6.125,4.325714285714286,2.4033333333333333,6.0007440476190474,5.870416666666667,5.328014323995757,5.72979317375589,4.767636639324952,4.794220563218746,5.64875,5.897499999999999,5.181612106585291,6.218032690446601,3.99595849773085,4.375337433346985,7.11125,9.6275,8.35262965391213,8.35997387083275,8.890826709983683,8.595759571570968,5.178571428571429,5.7364285714285685,5.141822208999562,5.743902013763865,4.619064989880135,4.707312545905509,5.003645833333333,6.440208333333334,5.101851833479747,5.182364227528922,5.660647348924327,5.113298574869333
2008-02-29,POMRB,6.151666666666666,5.615,3.45,4.920000000000001,3.67,5.9125297619047625,5.974583333333334,5.657475261064121,5.9291307717516695,6.0726553093901146,5.916865251569088,5.179375,5.7875,5.354967263951174,6.200825454820268,5.195153137479039,5.139909602627719,7.281041666666667,7.345000000000001,6.391577792347277,6.564433333638224,7.5609286883239175,6.97164074889627,5.288035714285714,5.168928571428569,5.053093325399738,5.669272105192586,5.744507230218615,5.731343700212476,4.481770833333333,5.412083333333335,4.529111100087848,3.8955582887145486,6.6967361087423525,5.169465516333479
2008-05-31,PREMON,8.844285714285714,7.8,10.86,7.567142857142858,7.460000000000001,5.793869047619048,6.026904761904763,6.932199442352759,7.0553232153635435,8.569623973378313,8.708080228630738,4.6968749999999995,5.51,6.332980358370705,6.749879935837863,7.376823778648018,8.001392240276447,8.338541666666666,6.8775,8.178946675408366,8.02010924514435,7.052816214200692,6.663928442357967,5.503601190476191,5.188214285714283,6.058713138096985,5.82138432196668,7.004301087024044,6.684162146578469,4.753229166666667,4.595208333333336,5.701466660052709,5.374890664450826,8.363368492557843,7.233112886652025
2008-08-31,MONSOON,3.3866666666666667,1.88,10.303333333333333,4.738571428571428,3.94,5.753660714285714,5.7981547619047635,5.513986332078321,6.135725529881034,4.175739663267238,3.8520106946655654,4.4325,4.848749999999999,4.551788215022422,5.672609753487678,2.9924055538203382,3.501895377163681,9.664166666666667,7.684583333333333,9.028701338578353,8.756241618183159,5.429568666546453,6.490256977671976,5.603595238095238,5.38785714285714,5.5306564542867624,5.725111652799948,3.8709072756424754,4.27160465366939,5.524687500000001,4.368333333333336,4.996879996031625,4.526840019964637,2.9255889175374743,1.996451585274481
2008-11-30,POMKH,4.775714285714286,2.885,11.356666666666667,5.251666666666666,5.4825,5.691845238095238,5.7895833333333355,5.2186775135327075,5.740609311477852,4.675986448151959,4.39042698408884,4.3325,4.544999999999998,3.8850729290134534,4.932428334964629,4.083306877227189,3.628030428814237,10.685208333333334,8.9925,9.95988746981368,9.597780263333368,10.17201786068965,10.711568138323308,5.5132023809523805,5.619345238095235,5.419060539238724,5.679686808179395,4.84466121835898,5.145117691773557,5.961666666666666,5.138125000000003,5.191127997618975,4.852287672305161,4.423051121248603,4.400572582807741
2009-02-28,POMRB,5.864285714285715,4.715,8.823333333333332,4.7940000000000005,6.7625,5.903511904761905,5.717738095238097,5.47692079383391,5.75390503853474,6.001072414557805,5.922525898957494,4.690625,4.3199999999999985,4.217043757408073,4.744057149196194,5.282501515942772,4.909829711449532,11.367291666666667,10.335833333333332,9.505265815221541,9.245859269743095,11.647426211310812,10.465016768870125,5.531863095238095,5.587845238095235,5.169036323543235,5.599978849772778,6.395853502296195,6.201692411345126,6.221145833333334,5.911250000000003,5.819676798571384,5.956924118022216,6.351667707634225,6.57168063191329
2009-05-31,PREMON,8.637142857142857,7.9,13.655,6.9700000000000015,7.863333333333332,6.260178571428571,5.665952380952382,6.74100961915749,6.743928302285793,8.422550395013502,8.592742627616515,5.2725,4.344999999999998,5.690226254444843,5.435181750359093,7.464172156324894,7.694079167936052,11.972916666666666,11.034583333333332,11.165159489132925,10.719209412793745,12.05311985603652,11.20475743688257,5.552458333333334,5.438559523809521,5.8894217941259415,5.708205364527708,7.183094633385594,6.6923842453015645,6.025729166666668,6.012083333333336,6.637139412476164,7.522409082983704,8.729046900764212,8.804225774559274
2009-08-31,MONSOON,5.287142857142858,4.6450000000000005,12.965,5.484999999999999,5.6125000000000025,6.521071428571429,6.14107142857143,6.1594629143516375,6.456906557233051,4.007652592147597,3.7178613946122985,5.649375000000001,5.036249999999998,5.272135752666906,5.235387469253201,3.0797539314812274,3.2051434089325728,12.887291666666666,11.699999999999998,11.885095693479755,11.419780870298275,8.863845045523453,9.063669670169814,5.715,5.625166666666663,5.727653076475565,5.683637699362152,3.578005161887698,3.9620629028451746,5.370104166666668,6.4302083333333355,6.227283647485699,7.139827250559886,3.2990528051197336,2.3761639641004955
2009-11-30,POMKH,5.728571428571428,4.775,13.54,4.67,2.2466666666666666,6.721964285714286,6.379285714285715,5.987106320039554,6.312464456668495,5.231526161853633,5.265137295605539,5.711875,5.508749999999999,5.073281451600144,5.08665258907397,4.170655257020701,4.292584326064796,14.220624999999998,12.24583333333333,12.547057416087853,12.070391947474002,13.05764966752086,12.781862832088553,6.057250000000001,5.4797499999999975,5.304591845885339,5.593270100630895,5.183573479297657,5.600066871203582,5.0877083333333335,5.621250000000002,4.635036855158086,4.742415094921284,5.065101888960768,5.336008226962723
2010-02-28,POMRB,6.998571428571429,5.84,13.955,6.676,4.753333333333334,6.836845238095238,6.662857142857144,6.391692363452304,6.602403165933103,6.695602092526481,6.336636906223216,5.6,5.789999999999999,5.379968870960086,5.235854868853689,5.369849897183701,5.476160778679293,15.109375,13.528749999999997,13.110234449652712,12.632771576274092,14.034342768551472,11.89991427282586,6.111749999999999,5.950249999999998,5.853155107531204,5.677578585859236,6.175141180809972,5.724530717498855,4.852708333333334,5.118958333333335,4.6823554464281845,4.433757913469476,6.191932611006798,4.965742770717323
2010-05-31,PREMON,9.11,7.275,19.19,7.825999999999999,7.613333333333332,6.92607886904762,6.78107142857143,7.479015418071382,7.598990991287788,9.27091595153499,9.097241227786672,5.5725,5.633749999999999,6.137981322576051,5.7658875522445925,7.551520538409862,8.141194388669797,15.387500000000001,14.912499999999998,15.542140669791628,14.833197772394586,16.389134677823833,15.343018172749975,6.200916666666666,6.1642499999999965,6.6422930645187215,5.850547473636667,8.240631757193595,7.8356768483658605,4.958124999999999,5.056458333333335,5.854746601190244,6.077067183630307,8.186925933057543,7.712386871816387
2010-08-31,MONSOON,5.7333333333333325,4.375,14.54,5.065,3.9825,6.957842261904761,6.892619047619049,6.780742584176163,7.278276772380512,4.724657435155998,4.062992059879512,5.600625,5.566249999999999,5.4327887935456305,5.486848579342619,3.1671023130176286,3.4233090436087195,15.648124999999999,15.306249999999999,15.141284401874977,14.607015029538978,14.051281613155046,13.699017955988072,6.48975,6.059249999999997,6.011375838711233,5.778999941587111,4.5130268510740645,4.609845910442618,5.258541666666666,4.648958333333335,5.105847960714146,5.135029855485249,2.817330357966916,2.534244279290319
2010-11-30,POMKH,5.99625,4.825,14.19,5.803333333333334,4.7200000000000015,6.9639236111111105,6.959538690476192,6.466945550505697,7.019722063766084,5.8537944632300345,5.500905033737888,5.77875,5.578749999999999,5.189673276127378,5.33486473845336,4.258003638255983,4.399887219686726,15.296249999999999,15.468749999999998,14.760770641124985,14.339180058450292,15.679827627248677,14.043267842771899,6.738041666666666,6.34258333333333,5.928158836560073,5.7749726631617015,5.29487063611298,5.263303324930396,5.021458333333334,5.267291666666669,4.951508776428488,4.8326314745384975,4.345963189484763,4.249560690952635
2011-02-28,POMRB,6.985,6.015,15.39,7.853333333333333,4.683333333333334,6.743249007936508,6.956145833333334,6.674167330303419,7.095406813547104,7.193827474373185,6.508649702857916,5.760000000000001,5.6225,5.519803965676427,5.506070340500817,5.4571982783869375,5.64207470573384,14.63125,15.827499999999997,15.012462384674992,14.589602365834903,15.256040361968806,12.623604552788324,6.675041666666666,6.636916666666663,6.698228635269377,5.942005004408038,6.9077392939171505,6.481053862652834,4.4028125000000005,5.249791666666669,4.844238599190426,4.621571004762006,6.132864940346468,6.186778652300138
2011-05-31,PREMON,9.172222222222224,8.525,14.94,8.635,5.786666666666666,6.311671626984127,6.97170138888889,7.6733892870709415,7.911784338185777,9.590104082126851,9.091389609671262,5.460000000000001,5.9350000000000005,6.721882379405857,6.345963652028545,7.638868919670282,8.086405368145794,14.546249999999999,14.764999999999997,14.983477430804996,14.591704740343358,17.76230228997506,16.857804985661645,6.2155,6.839166666666662,7.472937181161626,6.160047925543257,9.24358665753748,8.533051970422923,3.7608333333333337,4.793125000000002,5.221209826180923,5.17468260509824,8.125597909353951,7.667737221860154
2011-08-31,MONSOON,3.9057142857142852,2.975,13.47,3.752,0.86,6.007227182539682,6.514796626984129,6.166319286528279,6.803598386343745,4.953953505165085,4.229517192043788,5.220625,5.585000000000001,5.2231294276435145,5.641184446883359,3.2544506952298797,4.069867736607723,14.354999999999999,14.497499999999997,14.378086458482997,14.076254984717476,11.431332986252139,10.598163492572947,5.600708333333333,6.510916666666661,5.984562308696975,5.9530574950763535,5.398075588187433,5.1299951170529114,3.4675000000000002,4.012500000000001,3.4767258957085536,2.8966034903896043,2.3910033985499024,1.739646867614938
2011-11-30,POMKH,4.37125,3.825,14.58,3.44,2.7066666666666666,5.793407738095238,6.108546626984129,5.448291571916967,5.963426579204826,5.3635385133161435,4.732952915417238,5.025,5.335000000000001,4.663877656586109,5.191885293437654,4.3453520192719415,4.176839138726441,14.179375,14.594999999999999,14.458851875089799,14.136528852865348,14.160526439416993,13.240466944198385,5.279815476190476,5.920083333333328,4.966737385218185,5.7375389018089304,4.84371443994604,4.5268600493941,3.545833333333333,3.509166666666667,3.168702204091799,2.401393162291886,3.362179283076125,2.722944692245787
2012-02-29,POMRB,6.1744444444444415,5.1,13.47,5.298333333333333,4.3500000000000005,5.672203621031744,5.905907738095239,5.738752720927957,5.853792363399107,6.306614272140277,5.828634058728225,4.9791193181818185,5.106250000000001,4.838326593951665,5.112631125262577,5.544546658536127,5.494783787401462,13.670597222222224,14.114999999999998,14.063311125053879,13.784879122063904,15.092569571562867,13.232081414197747,5.341781994047619,5.281333333333328,5.099375764464243,5.694952431364054,5.294160954423341,5.193411489426108,3.836380208333334,3.425833333333334,3.6412213224550793,3.1420427458995346,4.936212841995493,5.0538539145807775
2012-05-31,PREMON,8.27222222222222,7.875,15.455000000000002,8.622857142857143,6.746666666666666,5.555704365079364,5.680907738095238,6.7521405214456625,6.514492611233326,8.729707331386793,8.738725490099648,5.093238636363636,4.943750000000001,6.052995956370999,5.788533278179094,7.726217299026176,7.950511955115601,12.301015873015874,14.243749999999999,14.61998667503233,14.257624192698444,16.35148733432549,15.167694127110678,5.731427083333333,5.278297619047613,6.508768315821403,5.932816973930668,7.057713332726403,7.0199312056101935,4.240411931818182,3.6658333333333344,4.883399460139714,5.468594853192748,7.107444385011313,7.347163114341217
2012-08-31,MONSOON,3.836081349206349,3.2579545454545453,8.884777777777778,4.259874999999999,2.224375,5.492240034271283,5.663499503968254,5.585716852549937,5.628978717808191,4.0797027077503,3.8053685498487666,5.2651830808080815,5.014488636363637,4.934979392004418,5.202640787072343,3.3417990739783208,3.703754391162188,10.78315873015873,13.097444444444442,12.325903116130508,12.250408868878784,11.38807516267148,11.322364552898717,6.148143353174603,5.405266369047614,5.6092109894928415,5.787282771685914,4.533623996943451,5.005488922880312,4.577940897950089,4.006927083333334,3.8197896760838286,4.308331520805291,1.7818501155711348,2.1513210560498432
2012-11-30,POMKH,3.5088888888888885,4.455,8.20857142857143,6.0492857142857135,4.574545454545454,5.455095147907647,5.447909226190476,4.754985667085518,4.780468244050772,4.770759907966028,4.67253934930034,5.200190025252525,5.171988636363637,4.742987635202651,4.970634906220302,4.432700398172191,4.2154477239471735,9.250021825396825,11.5045873015873,10.678970441106877,10.727783754233439,10.891934951900867,9.931621152864539,6.1690362103174605,6.057587797619042,5.78524087940999,5.803039475113438,4.813507117431061,4.735817202362707,4.827467471737498,4.473896780303031,4.121691987468479,4.692934169097507,3.1610699330604155,3.4067082912493634
2013-02-28,POMRB,6.52909090909091,5.8455555555555545,7.698571428571428,6.022777777777778,5.18235294117647,5.278831507034632,5.536570842352093,5.464627763887675,5.094545568901427,5.61953005598647,5.475015606006085,5.0573718434343435,5.358377525252525,5.184014803343812,5.130438679633836,5.631895037870155,5.626072622814197,7.85371626984127,10.061730158730157,9.486810836092697,9.573795530175238,9.62059557769178,8.453993794970247,5.999186931022408,6.238698908730154,5.880255638757105,5.815259955714545,6.868514786310819,6.752351685964246,4.978278052877849,4.681985015597148,4.545956368951675,5.297182485573961,5.162884570326907,5.934049845855795
2013-05-31,PREMON,7.620416666666666,6.6095,8.961333333333334,8.065555555555555,7.910526315789473,5.232099116161616,5.3736194534632045,6.326943324999272,5.803610012318524,8.407042341441304,8.858426224155519,5.092366161616162,5.042002525252525,5.754208882006287,5.492727607785686,7.813565678894867,8.18178924203545,7.051797619047619,8.43831349206349,9.276619834988953,9.279021207585014,10.666865057673762,10.836142621569884,5.761490951643815,6.099373511904757,6.754375605476485,5.9965685014211125,8.115402954727788,7.582812775068842,4.918185054883197,4.972949927877849,5.891784347686794,7.522537851794448,7.459345909309381,7.716556534480171
2013-08-31,MONSOON,3.0777777777777784,3.380909090909092,4.208,3.458382352941176,2.2670000000000003,5.069226641414142,5.184043560606062,5.027277106110675,4.921715720743112,3.6418974493554432,3.5193249476043458,5.0781148989899,5.072741161616162,4.804888965567409,4.9825048431279315,3.429147452764846,3.3050597908320287,6.881920386904762,7.269119047619045,7.249171900993372,7.41923512853374,5.128935369431508,6.1514725576239995,5.571943154454763,5.899000350140051,5.4359783044623615,5.7789116633338775,4.609552302043228,4.611887108917289,4.820386480908153,4.983606177877849,4.441870608612077,5.470085858944431,2.3016309601269307,2.741707441408991
2013-11-30,POMKH,3.8933333333333335,4.612,6.47,4.949210526315788,4.051176470588237,4.797996527777778,5.280154671717174,4.573699596999738,4.440941791546422,4.220837622187242,4.245820108212209,5.130273358585859,5.111991161616162,4.727733379340446,4.833925149081624,4.520048776988896,4.33062850695036,6.7835729166666665,6.834476190476186,6.937503140596023,7.023945787927293,5.756459949719647,6.199257747258625,5.677751977984176,5.62398155314757,5.2412711932037315,5.7037621411434145,4.356046793063083,4.367392577864949,4.739193240454076,4.852763931888545,4.28559295340254,4.789006604839287,3.5821947060881265,3.519184231659274
2014-02-28,POMRB,4.841666666666667,5.574545454545455,8.078125,5.606470588235292,4.923333333333334,4.681409722222222,4.858298611111113,4.680886424866509,4.377596559323732,5.3964688362614215,5.725389741218143,5.081308080808082,5.044238636363637,5.06645820942245,4.9601331218328255,5.719243416745622,5.744057492609052,6.5269201388888884,6.92936458333333,7.393751884357614,7.33626065794867,6.897325182921689,7.05004697189651,5.998816111971104,5.519904755761949,5.387350951216356,5.689684988010524,6.020405638281255,6.03670308465915,4.6305024509803925,4.788009029927762,4.540689105374858,4.786068230493663,5.388727142140177,5.61246227143357
2014-05-31,PREMON,7.138000000000001,7.297777777777778,7.795,9.328333333333337,7.52,4.528101190476192,4.737694444444447,5.663731854919906,5.153286053516991,7.671716244132527,8.017839374346522,4.845192696192696,5.216308080808082,5.958986036764582,5.549065928186694,7.9009140574606525,7.809694276811535,6.208953764619883,6.637781249999996,7.554251130614569,7.436649722817541,10.146967854123826,10.888034625222698,5.965219943240454,5.835599200206395,6.963743904063149,5.986744397330249,7.529788399215044,7.372746147457495,4.528605392156862,4.690377450980394,5.732413463224915,6.458174973887187,7.584939058584167,7.5999746131941635
2014-08-31,MONSOON,2.6275,2.300909090909091,3.3211111111111116,4.764117647058823,1.7879999999999998,4.57317673992674,4.625125000000002,4.449239112951943,4.3416986325319655,2.995044371716221,3.272875769299588,4.89450912975913,4.946308080808081,4.495755258422386,4.783642778308201,3.516495831829193,3.556828518789055,5.86398763836675,6.416059027777774,5.860995122813186,5.928065100321731,4.149991808847441,5.051847650719826,5.9152369281045765,6.162033023735806,6.0838934012614185,5.878655081019051,5.147584784711558,5.269770715252632,4.536070512820513,4.570627450980394,4.154648077934949,4.259542969631903,2.3205119744806537,2.5100355552908047
2014-11-30,POMKH,3.1171428571428565,3.803076923076924,4.813157894736842,3.374705882352941,3.715,4.837160714285714,4.431077380952383,3.9164006106283082,3.814401585541109,3.6427507045406964,4.020518591028627,5.051885392385393,4.744077311577312,4.218683924284202,4.469484605959035,4.607397155125251,4.114078798270693,5.8203313207260585,6.001848501461985,5.441860231582648,5.486907535496855,4.8428861290720455,5.551545082241209,5.963525326797386,5.768406862745095,5.000218393698027,5.663972948258438,5.360769694767717,5.190756271771813,4.564234162895928,4.486583333333336,3.9787888467609696,3.7352615311681583,3.4981345419459253,3.3190682958406876
2015-02-28,POMRB,5.978461538461539,6.7780000000000005,6.975238095238098,6.781111111111112,5.319230769230769,5.085429258241758,4.7152760989011,4.741224981761601,4.352400118032264,4.749081141687219,5.317014847836849,5.158466200466201,5.044940947940948,5.242410354570521,4.97662307568429,5.806591794163633,5.494292317927715,5.970334477291715,5.726126775271509,6.055211377044829,5.96460974631096,5.455942685388786,5.913055761625277,6.003968954248365,6.062066993464049,5.712575480663261,5.751072822971548,5.4572030825562425,5.064955938988651,4.623822398190046,4.585557692307695,4.514965615748889,4.386701117632272,5.252539764958258,5.391207294149934
2015-05-31,PREMON,8.113076923076925,7.353333333333333,8.548636363636364,8.54,7.349411764705883,5.544878663003663,4.959045329670331,6.089965758287731,5.64304621654635,7.648473006711811,8.454860072956329,5.460217948717949,5.058829836829837,6.086779546075645,5.622496156388069,7.988262435760413,8.054646912122127,6.3288905254737635,5.9145358661806,7.052581371681443,6.823552017741174,8.945957392704411,9.685936950902251,6.487145424836601,5.864983660130714,6.843545288397957,5.977304798305115,8.02302943275593,8.225850227280757,4.820289718451483,4.5429106334841665,5.648744075331687,6.2865630142299045,7.558764789231191,7.791331438996385
2015-08-31,MONSOON,3.638571428571428,3.0980000000000003,3.7675,5.876,2.435294117647059,5.847303113553114,5.211813186813187,5.109408026401209,5.229730766673996,3.3210344506590173,3.656345628871541,5.6650833333333335,5.258102564102564,4.891267727645387,5.0873641241001835,3.603844210093218,3.3557398148483575,6.769686382458122,6.026133088402822,5.738548823008866,5.692530511277563,4.337012527910454,5.424614809080094,7.052551879084968,6.142954248366008,6.456527173038774,5.962606883850305,4.861750284233686,4.760192814681826,5.033441427853193,4.704734162895931,4.363364092257836,4.639831443487007,2.264478876578901,2.3710595402091847
2015-11-30,POMKH,5.781666666666666,5.419999999999999,7.235217391304348,6.128235294117648,4.639444444444443,5.920027472527472,5.87794413919414,5.378311482507392,5.553665216831633,4.208396598497611,4.400408999791633,5.797643939393939,5.662333333333333,5.102760636587232,5.187147410921514,4.694745533961922,4.3106773002229835,7.530864006916996,6.631647962544698,6.337216250327058,6.187635783858025,5.214089024847658,5.792298670472463,8.043298406862746,6.831336601307185,6.325210421470324,5.970154044985702,5.924614330942781,5.7060443937299,5.1902083333333335,4.9358452740070415,4.473796233132479,4.614592003018226,3.587520390237119,3.6727341874905743
2016-02-29,POMRB,5.7333333333333325,6.8000000000000025,8.079545454545453,8.550833333333333,6.1000000000000005,6.364285714285714,5.816662087912089,5.520320222837768,5.7982301090516035,6.048958521826324,6.542171642739344,5.936568181818183,5.667833333333334,5.78165638195234,5.647453758244617,5.893940174249517,6.254946558182069,8.221707015810276,6.907724802371536,7.034147932014417,6.801405339205385,7.2834971184897705,7.850358468335111,8.817704656862746,7.27376715686274,7.215459586215528,6.178814045081076,7.352168159428812,6.836616940498605,5.439272875816993,5.131037581699349,5.124277739879488,5.509122164185603,5.514581154479034,5.848483318917154
2016-05-31,PREMON,8.94,8.391818181818183,13.533749999999998,14.69625,7.822777777777778,6.721488095238095,6.023392857142857,6.888192133702661,7.146897289629876,8.407875050693923,8.321095441050668,5.887412587412589,5.927454545454546,6.825721101898677,6.5121439783970665,8.075610815766945,7.972016938326499,7.9127586462450585,8.154003211462445,9.633988759208648,9.11179213742536,10.259920584283334,10.371844689155228,8.756550245098039,8.812829656862741,10.207775751729315,6.881657026698911,9.841858745525455,9.301500185959899,5.554374999999999,5.249379084967322,6.203677755038804,7.32373173350388,7.928057617865731,8.149537116386853
2016-08-31,MONSOON,6.365714285714287,3.1709090909090905,4.309130434782609,5.915,3.954444444444444,6.896488095238095,6.705178571428572,6.679200994507311,7.40237820775098,4.104056767172583,4.020788981495983,5.709143356643357,5.94568181818182,5.363796297502843,5.893680544096422,3.6911925908599925,3.6723869347234785,7.3710740047995476,8.289410820158098,7.504045429438232,7.347738848063454,8.257928147051032,8.994140239520869,8.530238095238095,8.822579656862741,8.49066545103759,6.793946917587255,9.317319549297332,8.510542095769814,5.465539215686275,5.629166666666668,5.3039844308010595,6.1265161299926385,2.6552897304987897,2.6135383017343568
2016-11-30,POMKH,5.9121428571428565,4.953846153846154,4.2219999999999995,5.6,4.0411111111111095,7.075000000000001,6.737797619047619,6.3723777395615295,7.362263751585042,5.671513027808377,5.705901153114245,5.566188811188811,5.829143356643359,5.1998162400401675,5.750231985541697,4.782093914738089,4.629110832920417,6.64432278726708,7.536106472332012,6.191227257662939,6.187867725737262,6.735311183510326,6.3539221951539515,7.364943337912086,8.69052083333333,7.334399270622553,6.687400427547926,7.69532882466147,5.760196650527093,5.303167106586224,5.479583333333335,4.7988351029250795,5.116659283559513,4.211625127098891,4.5045262510952755
2017-02-28,POMRB,7.002857142857144,5.839999999999999,6.7592857142857135,7.268571428571428,5.987647058823531,7.020357142857144,7.055178571428572,6.624569500879775,7.613207284305267,7.045889464201351,6.541217336211735,5.499370629370628,5.589143356643358,5.4558897440241,5.834908048542525,5.981288554587613,6.299228727784129,6.187087732919254,7.206041537267076,6.418450640312049,6.3374011734967075,5.5847291486605934,5.598692762637086,6.044556318681319,8.369955357142853,7.308068133802103,6.7287939202548515,7.7253394620130695,6.653504191759949,4.980116892911011,5.451495098039217,5.2743598852844595,5.507025382573271,5.885936314723158,5.565105089938658
2017-05-31,PREMON,9.098571428571429,8.208181818181817,9.04,6.6561538461538445,6.6361538461538485,6.912740384615384,7.094821428571429,7.614170271956437,8.515358815923912,9.500164691414568,8.925685718822262,5.312526223776223,5.543234265734267,6.556806573687187,6.543268598644267,8.162959195260294,7.836207954948483,6.414029761904762,6.082604037267076,7.467070384187229,7.234934961218779,8.829938370518233,9.721223325130214,5.6564729853479845,6.359931318681314,7.0473024187428,6.715695935710765,9.20868383871458,8.95302016002852,4.776436337355455,5.154839115133235,5.819077469632216,6.226629905936137,8.199401971164885,8.068271116367239
2017-08-31,MONSOON,5.7700000000000005,2.82,5.144999999999999,3.392000000000001,2.5566666666666658,6.878516483516484,6.945892857142858,6.876502163173862,8.070477598646718,4.869712207126476,4.257060099608058,5.188409090909091,5.455506993006994,5.062083944212311,5.754534947835234,3.7785409701231654,3.577876549187968,7.09157738095238,6.291571428571424,6.538242230512337,6.440148918797848,4.6523072641714105,5.081570898912673,5.3711023143523136,5.729181318681314,5.58518145124568,6.4318700561568765,4.181439787056986,3.5253688568127535,4.810855455002515,4.8053946706887904,4.514113148445996,4.363328272901646,2.625186611143571,2.1140482774933798
2017-11-30,POMKH,5.646923076923077,3.8100000000000014,5.201666666666666,5.0183333333333335,3.809444444444444,6.740123626373627,6.879587912087913,6.3846705286735475,7.531096187470864,5.960932804167495,5.456368422196276,5.21875,5.169545454545456,4.561250366527387,5.2650166269054655,4.869442293663722,4.6403902771070324,7.927526041666665,6.53648809523809,6.003612004974069,5.951297156956561,6.283675537629803,6.7299300897834655,5.16600407925408,5.583764652014647,5.358442204080742,6.307415842675156,4.147831871481397,4.245305815518356,5.084713675213675,4.747478004022124,4.232245666845375,3.7628811258979606,3.8987435183493973,3.7689221132461226
2018-02-28,POMRB,6.994285714285715,5.990909090909091,11.2,5.5672727272727265,6.4946666666666655,6.384677197802198,6.8774450549450545,6.628516602918414,7.460467604513336,7.1412846987395815,6.4553733716437485,5.252159090909092,5.207272727272729,5.133113856280069,5.3874018471212395,6.0686369325266725,5.915477768604842,7.972010416666666,7.64666666666666,8.08216720298444,7.7471477797898975,6.149487980312155,6.459689672104483,5.432318181818182,5.158439976689972,5.441974413357535,6.2391709108616045,5.980785725503942,6.352988368708141,5.24123611111111,4.874232905982908,5.1372140667738915,5.052373958152643,5.589846593208348,5.477670617303908
2018-05-31,PREMON,8.0,8.3,11.286874999999998,6.716666666666668,8.32,6.351520146520146,6.602802197802197,7.177109961751048,7.722091707999381,9.559190208109772,8.93321664601874,5.540340909090909,5.230227272727275,6.399868313768041,6.131269407254673,8.250307573253178,7.970552677860024,7.6812604166666665,8.20838541666666,9.364050321790664,8.927283816065316,12.147085488093465,12.97168336345176,5.587526515151515,5.173568181818178,5.951851314681188,6.272400067562703,7.490425055240857,7.763588926113947,5.464013888888888,5.295194444444446,6.410328440064335,7.368379306237231,8.06936200539808,8.22047813979459
2018-08-31,MONSOON,4.025,2.995454545454545,3.254,5.4620000000000015,2.125,,6.166552197802198,5.916265977050629,6.592595133545089,4.523786049819981,3.87658159464977,,5.274090909090911,5.038102806442643,5.42113163452367,3.8658893481025705,3.487912920132602,,7.73563541666666,6.920030193074398,6.858684510413882,7.209434181805059,6.787237178891264,,5.691068181818179,5.7559107888087135,6.198340953594967,3.5445052497420986,3.551538787386235,,5.18727777777778,4.696197064038601,5.169141318704772,2.8701831891032223,2.9905877924823576
2018-11-30,POMKH,7.126666666666668,5.94,4.766666666666668,4.19,6.0233333333333325,,6.536488095238096,6.400426252897045,,5.125581292873788,4.697387118769908,,5.806590909090911,5.3988616838655865,,4.956790671711635,4.551595520199928,,7.62688541666666,6.058684782511306,,5.6821045374221635,5.121627485215759,,5.4839848484848455,5.129546473285228,,5.156456517471489,5.535242600943144,,5.740750000000002,5.227051571756494,,4.003834155254003,3.5540200009396123
