Date,Season,Mandapam,Tiruvadanai,Kamuthi,Kadaladi,Paramakudi,Sattur,R.s. Mangalam,Tirupullani,Mudukulathur,Mandapam_Trend,Mandapam_SMA,Mandapam_EWMA,Mandapam_DES,Mandapam_TES,Mandapam_ARIMA,Tiruvadanai_Trend,Tiruvadanai_SMA,Tiruvadanai_EWMA,Tiruvadanai_DES,Tiruvadanai_TES,Tiruvadanai_ARIMA,Kamuthi_Trend,Kamuthi_SMA,Kamuthi_EWMA,Kamuthi_DES,Kamuthi_TES,Kamuthi_ARIMA,Kadaladi_Trend,Kadaladi_SMA,Kadaladi_EWMA,Kadaladi_DES,Kadaladi_TES,Kadaladi_ARIMA,Paramakudi_Trend,Paramakudi_SMA,Paramakudi_EWMA,Paramakudi_DES,Paramakudi_TES,Paramakudi_ARIMA,Sattur_Trend,Sattur_SMA,Sattur_EWMA,Sattur_DES,Sattur_TES,Sattur_ARIMA,R.s. Mangalam_Trend,R.s. Mangalam_SMA,R.s. Mangalam_EWMA,R.s. Mangalam_DES,R.s. Mangalam_TES,R.s. Mangalam_ARIMA,Tirupullani_Trend,Tirupullani_SMA,Tirupullani_EWMA,Tirupullani_DES,Tirupullani_TES,Tirupullani_ARIMA,Mudukulathur_Trend,Mudukulathur_SMA,Mudukulathur_EWMA,Mudukulathur_DES,Mudukulathur_TES,Mudukulathur_ARIMA
1996-02-29,POMRB,2.76,4.355,9.73,5.2425,6.465,3.302291666666667,2.88,4.12,6.46,,,2.76,2.8317391568150527,2.405690063824874,0.0,,,4.355,5.113065924957697,4.872630457959525,0.0,,,9.73,9.661771996725873,5.120855896608067,0.0,,,5.2425,5.056066887238121,4.842078211071838,0.0,,,6.465,6.915479379428553,6.63170740425692,0.0,,,3.302291666666667,3.543620019988192,3.4076304746300163,0.0,,,2.88,3.4844843377885715,2.7164601331221867,0.0,,,4.12,3.8081321781963964,3.3018939644901755,0.0,,,6.46,6.422606642053496,5.773148189453636,0.0
1996-05-31,PREMON,3.391666666666667,6.4725,5.95,5.154999999999999,7.6933333333333325,4.090208333333334,4.65,2.85,6.5625,,,3.012666666666667,2.8271161219925536,3.047515904289065,1.9062811632050338,,,5.202,5.470898097046115,5.902742996175511,4.354993712036944,,,8.218,8.62449697669662,8.23857484193547,9.729842187495363,,,5.2075,5.08069794303843,5.662855804661176,4.810001714913562,,,6.956333333333333,7.14787803179329,7.059386328174436,6.140857829604797,,,3.6174583333333334,3.6980327371390675,3.9257938965813723,3.3022895082787063,,,3.588,3.510150616207187,4.2623852974923935,2.0281256122390285,,,3.612,3.558501814383796,3.8396078363784545,3.9621486128956103,,,6.5009999999999994,6.450311657709759,7.248948734662018,3.707916272470864
1996-08-31,MONSOON,3.658333333333333,7.1225,6.25,4.0925,7.6,4.465238095238095,4.85,3.45,6.967500000000001,3.153958333333333,,3.2709333333333337,2.864779023337333,3.6291657070720724,2.5896133723480643,5.853125,,5.9702,5.912934572574772,5.960943058510748,5.588158399204932,5.8637500000000005,,7.4308,7.9508469543574005,9.370333608829505,7.762813253257264,4.3904375,,4.7615,4.588159986919308,5.9935420754843305,4.9167854405053175,7.279583333333332,,7.2138,7.275479975434213,8.253931289796073,7.26017588135599,3.9610521708683475,,3.9565702380952383,3.9269989924949784,5.02902868035173,3.8594868102151354,3.1537499999999996,,4.0928,3.559937416832993,5.794942560053741,3.198301719538358,3.1979166666666665,,3.5472,3.5420775901146215,4.40684484133378,3.2697620660622295,6.293125000000001,,6.6876,6.58547514917346,7.550413426138442,4.213361278345099
1996-11-30,POMKH,3.158333333333333,5.5975,3.75,4.118,7.0725,3.9864705882352944,1.35,2.2566666666666664,5.55,2.9547916666666665,3.2420833333333334,3.2258933333333335,2.8442959435018684,2.8311669625128566,3.0011098706563546,5.704375000000001,5.886875,5.8211200000000005,5.75997678796729,5.444570462720516,6.22979391674194,5.307291666666666,6.42,5.95848,6.78921077013031,6.947777619174308,7.192272769628099,4.0676250000000005,4.651999999999999,4.5041,4.344194907963422,4.225428321363034,4.386287047210244,7.367291666666666,7.207708333333333,7.15728,7.1931303248045575,7.313398188821285,7.191709118818682,3.9610521708683475,3.9610521708683475,3.968530378151261,3.909857252955324,3.935127946462782,4.08815918062457,2.5900000000000003,3.4324999999999997,2.99568,3.29427994243428,3.321654369249319,3.4161737003396926,3.558333333333333,3.169166666666667,3.0309866666666667,3.2012440090288474,3.674728700268659,3.4030112323546624,6.2446874999999995,6.385000000000001,6.232559999999999,6.27794837446981,6.12134917219316,5.173221290896074
1997-02-28,POMRB,2.055,4.085,5.28,3.15,7.04,3.302291666666667,0.65,4.3500000000000005,5.725,2.8000000000000003,3.0658333333333334,2.757536,2.690378851908209,2.591530700267057,2.87375261324528,5.4440625,5.819375,5.126672,5.200297180022673,5.362592660844046,5.4679926453519485,5.806458333333333,5.3075,5.687087999999999,6.355648707774153,4.732430495778088,6.222006058381494,4.2705625000000005,4.128874999999999,3.96246,3.756947309202641,3.454487536370386,4.382328129405262,7.488124999999999,7.3514583333333325,7.110367999999999,7.12693047699545,6.481880116970132,6.738204697377782,4.421647408963586,3.961052170868348,3.702034893557423,3.662991999326049,3.238682876558866,3.739710137253072,2.2075,2.875,2.057408,2.9803910277723937,1.5367538269489334,2.317977528990586,4.209583333333334,3.2266666666666666,3.558592,3.529957283918943,2.3517752713272655,3.074277440851872,6.444062500000001,6.20125,6.029535999999999,6.108500660529837,5.312839386275996,6.06839721603268
1997-05-31,PREMON,2.5033333333333334,5.5525,5.948333333333332,4.665,7.82,4.090208333333334,2.37,5.503333333333333,6.91,2.6510416666666665,2.84375,2.6558549333333334,2.606003865372603,3.076402404887938,2.935954222699463,5.14625,5.5893749999999995,5.297003200000001,5.254829741540875,6.120241269534208,5.5675624189964354,6.775208333333333,5.307083333333334,5.7915861333333325,6.219970582271596,6.9679640925620605,5.809517059491695,4.601999999999999,4.0063749999999985,4.243476,4.172172226590759,3.811862149277289,3.731068879257475,7.725,7.383124999999999,7.394220799999999,7.331690841465656,7.189184859009458,6.935250874500911,4.882242647058824,3.9610521708683484,3.8573042694677873,3.7751202250341818,3.8198040265833133,3.776593611108265,2.2912500000000002,2.305,2.1824448000000003,2.84083457597007,2.5788597510877462,2.8443432169259224,4.95875,3.89,4.336488533333333,4.087174561814824,3.37075541277468,3.368094859347046,6.65,6.288125,6.3817216,6.325326150623,6.679057435256119,5.835419399005029
1997-08-31,MONSOON,3.3083333333333336,5.96,10.245,6.206,8.44,8.15,4.07,6.006666666666668,8.215,2.6117083333333335,2.75625,2.9168462933333332,2.6342850844341004,3.4964504117965065,2.884798484291747,4.84,5.29875,5.56220192,5.414810356512536,5.770622037229833,5.849884815510672,7.075833333333333,6.305833333333334,7.572951679999999,7.27588588897254,8.375341058888782,5.858446868383393,4.614250000000001,4.534749999999998,5.0284856,5.120995237939396,5.037257135028323,3.9879658603937855,7.5853125,7.593124999999999,7.81253248,7.668847257171745,8.3825215972559,7.39403264388921,5.01945618872549,4.882242647058825,5.574382561680673,5.246697165507036,4.962535562529625,4.179203177490551,2.4725,2.1100000000000003,2.9374668800000006,2.8678487658867233,3.632633732473112,3.3025745772921677,5.164166666666667,4.529166666666668,5.0045597866666665,4.631652331647584,5.211256455504244,4.425244271546198,6.4975000000000005,6.6,7.11503296,6.8518185834219665,7.346496767883834,6.783925267100101
1997-11-30,POMKH,2.3166666666666664,4.3775,7.505,4.6560000000000015,8.1275,3.9864705882352944,2.8,5.6933333333333325,5.95,2.6489166666666666,2.5458333333333334,2.6767744426666664,2.541480207360263,2.660169025014911,2.8102860958043774,4.4884375,4.99375,5.088321152000001,5.050002144944823,4.905700916164843,5.449665612255622,7.156041666666666,7.244583333333335,7.545771007999999,7.307427960217004,7.036625390127392,6.900604602524924,4.351375000000001,4.669249999999998,4.87949136,4.877123515123965,5.287200796797614,5.432876764194239,7.0353125,7.856874999999999,7.938519487999999,7.797293832059378,7.716438038289002,7.869728533596527,5.15164368872549,4.882242647058825,4.939217772302522,4.762085870605533,5.266526816028499,6.157225157005913,2.3975,2.4725000000000006,2.882480128,2.7852264162399467,1.7258508152401482,1.6189493933767076,4.661666666666666,5.388333333333334,5.280069205333333,4.941786165543427,5.193730514154208,4.5479621283397025,6.208125000000001,6.7,6.649019775999999,6.581873317808496,6.4964457352972245,6.096409320219664
1998-02-28,POMRB,2.582,2.8550000000000004,3.93,2.71,4.8675,4.4,0.65,2.5566666666666658,4.105,2.5302083333333334,2.6775833333333336,2.6388646656,2.492002364730213,2.3023699544712946,2.2529923738518485,4.0621875,4.68625,4.1949926912,4.34116827932023,4.579522179692789,4.627489172903925,7.3125,6.907083333333334,6.099462604799999,6.369711156288881,5.617576771910896,7.659015437640467,3.7443125,4.559249999999999,4.011694816,3.8247694443599376,4.171935263071983,4.764697022524468,6.468124999999999,7.313749999999999,6.710111692799999,6.841058327261775,7.1364349071003845,7.691479146335209,5.146617647058823,5.156669730392158,4.7235306633815135,4.591654663830449,4.073940641196692,3.7562286551357245,2.1637500000000003,2.4725000000000006,1.9894880768,2.517706320351863,1.6309404150977462,2.137604723154396,4.038749999999999,4.9399999999999995,4.190708189866665,4.303182794900973,4.65282334512801,5.3499637780191165,5.809375,6.295,5.6314118656,5.863624221437275,5.697870682941998,5.93821199940244
1998-05-31,PREMON,2.274,3.97,7.939999999999999,3.002,5.592499999999999,4.05,1.77,3.276666666666667,6.215,2.3670833333333334,2.6202500000000004,2.49291879936,2.411265411505915,2.9310382026320054,2.734466685845761,3.7668750000000006,4.290625,4.10499561472,4.186957321446675,5.176936276120422,4.28446327270156,7.163749999999999,7.405000000000001,6.835677562879999,6.7653851444599855,7.367630353860547,5.985220710506575,3.2161249999999995,4.143499999999999,3.6078168896,3.416482335719849,3.7684109812210105,3.7659472664491247,6.068020833333332,6.756874999999999,6.263067015679999,6.425139814158088,6.753110869388576,5.108722290060308,5.599558823529412,5.146617647058825,4.454118398028909,4.360970323304555,4.752863072356278,4.56777420743258,1.7737499999999997,2.3225000000000007,1.90169284608,2.368958194898268,2.7146785653256074,2.6052708442812813,3.294583333333333,4.383333333333333,3.8250915805866663,4.036581372339526,4.002066639336826,3.8285586762081367,5.400625,6.12125,5.86484711936,5.952649695830227,6.2642221838886565,5.570728488397433
1998-08-31,MONSOON,2.588,4.1325,9.505,3.0125,6.129999999999999,8.15,2.8,3.25,5.7200000000000015,2.13625,2.4401666666666673,2.530951279616,2.3796185689932297,3.3362919779562046,3.1919276694547047,3.6203125000000003,3.83375,4.115997368832,4.129363846228511,4.598150931884129,4.424643043180574,7.06375,7.220000000000002,7.903406537727999,7.473640764095281,9.120794255327645,6.678674429590101,2.949375,3.3451249999999986,3.36969013376,3.2091889051303206,3.9291246964365603,3.3343355665702736,5.874479166666666,6.179375,6.209840209407999,6.315329756761627,7.255346470781021,5.455558575250459,6.0525,5.146617647058825,5.932471038817345,5.625024747987243,5.532909943440344,5.667021047872941,1.4925,2.005000000000001,2.2610157076479998,2.3262060316184443,3.4800525921221364,3.2941097070102456,2.6704166666666667,3.694166666666666,3.595054948352,3.8350943640064785,4.677050715592231,3.8780084691366272,5.1918750000000005,5.4975000000000005,5.806908271616001,5.8750874810765525,6.819895481228534,7.189907760000624
1998-11-30,POMKH,1.732,3.8425,7.055,3.624,7.236666666666667,7.61,0.95,2.4966666666666666,5.175,2.106958333333333,2.2940000000000005,2.2113707677696004,2.2464442008599645,2.401315309278761,2.391020528622151,3.5315625,3.7,4.0065984212992,4.002553179680806,3.4983868855460662,4.0712542352948295,6.521875,7.107500000000003,7.5640439226368,7.330305925048083,7.459434002834333,6.8186922956504095,2.8893750000000002,3.0871249999999977,3.471414080256,3.392248212415045,2.8081607689769563,3.1460238674035588,5.555104166666667,5.956666666666667,6.620570792311467,6.59508064250706,6.132949555408314,5.69539621853775,6.180000000000001,6.052500000000001,6.603482623290407,6.255214309871378,5.624353190388455,5.590605036799637,1.44,1.5425000000000006,1.7366094245887997,2.125481519276169,1.0898279610883204,1.4661565016544167,2.42875,2.8949999999999996,3.1556996356778666,3.4807595846974166,3.7531790940240817,3.36449065601786,4.937500000000001,5.303750000000001,5.5541449629696,5.664474807210368,5.184591708606072,4.855776022974041
1999-02-28,POMRB,1.3199999999999998,2.2175,3.58,1.608,4.21,4.4,0.25,0.76,3.21,2.2347291666666664,1.9785000000000006,1.8548224606617603,2.073327961961738,1.986112379258182,1.8168427833990848,3.5659375,3.5406250000000004,3.2909590527795203,3.427131700468844,3.4849527930414723,3.712529332157328,7.1746875,7.020000000000003,5.97042635358208,6.2922971469508795,5.850808915834049,7.759260557853971,3.2455625,2.8116249999999976,2.7260484481536,2.5285821047147827,2.644170297133349,3.00837107036539,5.311979166666667,5.792291666666667,5.6563424753868805,5.816038795126383,5.820160770235819,6.337276991899734,6.3075,6.052500000000002,5.722089573974245,5.555880281318001,5.648719763836398,6.294167925906875,1.525,1.4425000000000006,1.14196565475328,1.8786762357217877,0.10717967877252266,0.4860647898026701,2.5229166666666667,2.445833333333333,2.19741978140672,2.744122644872493,2.4961074927331435,2.9910113687964133,4.88,5.080000000000001,4.61648697778176,4.954344825329118,4.600183658638453,4.726904988938649
1999-05-31,PREMON,3.3016666666666663,3.8975,3.955,3.624,3.695,5.07,1.75,3.14,5.075,2.3492916666666663,2.2354166666666675,2.4335601430637226,2.165905973801984,2.4481535340802147,2.080088497116551,3.660625,3.5225000000000004,3.533575431667712,3.534611420320478,4.246236777792218,3.5569181847598452,8.45125,6.023750000000003,5.164255812149248,5.638267123247575,7.474182846922747,5.934760039016932,3.50875,2.9671249999999976,3.0852290688921604,3.0383691336934384,2.520541240391818,3.0316773663901166,5.112708333333333,5.317916666666667,4.871805485232128,5.123358227245437,5.690980385813274,4.371133023144724,6.245,6.307500000000002,5.461253744384546,5.335176482138844,5.740806294949034,4.427353277318846,1.775,1.4375000000000004,1.385179392851968,1.7852249018512132,1.7664051352791357,2.0452367752996023,2.9787500000000002,2.411666666666666,2.574451868844032,2.8636169505346905,1.9921830753406509,2.3107396127142894,4.843125000000001,4.795000000000001,4.799892186669056,4.979347273515953,5.247393048354047,5.331774844933803
1999-08-31,MONSOON,2.5825,4.48,18.7125,5.24,6.0825000000000005,8.15,3.5,4.1400000000000015,6.4,2.5982916666666664,2.234041666666667,2.4931360858382337,2.1696663530562468,3.119546133212776,3.021380367838021,3.9340625,3.609375,3.9121452590006274,3.7836663547488745,3.9751356934036215,3.9108102954422472,10.1875,8.325625000000002,10.583553487289548,9.128231429964599,8.338650117552778,6.274762362385774,3.7649999999999997,3.5239999999999982,3.947137441335296,4.072030774380481,3.9104956256859102,3.952593758002702,5.146562500000001,5.306041666666667,5.356083291139277,5.418056833099931,5.870944889794255,3.858781295790301,6.1825,6.307500000000003,6.536752246630728,6.254143121436776,6.532799011405274,7.307173255129769,2.18125,1.6125000000000005,2.2311076357111808,1.8603275900165115,3.0381265673930105,3.0866847325324267,3.8737500000000002,2.6341666666666663,3.20067112130642,3.226224483224634,3.431087012738242,3.1882685134683015,4.939375,4.965000000000001,5.439935312001435,5.3747391587015505,5.753929812817109,5.8924987785241685
1999-11-30,POMKH,2.6539999999999995,4.2525,8.059999999999999,3.502,5.69,7.11,2.25,5.253333333333333,4.2,2.681083333333333,2.4645416666666673,2.5574816515029397,2.1876666954734447,2.2217881402050645,2.6144811047636534,4.663437500000001,3.7118750000000005,4.048287155400376,3.8871733908034525,3.223323683159914,4.271761966039636,13.989687499999999,8.576875000000003,9.574132092373729,8.803514709158648,8.84706847685909,8.47278773170358,4.1095,3.493499999999998,3.769082464801177,3.7828542934283687,4.266122898003308,4.469504317028829,5.707187500000001,4.9193750000000005,5.489649974683566,5.492132791792728,5.264301456600768,5.919039877814402,6.055,6.182500000000003,6.766051347978437,6.489163395091671,6.251637114742983,6.585720525133154,2.6312499999999996,1.9375000000000007,2.2386645814267085,1.8258786013486432,1.2991248208145192,1.717573082496918,4.659166666666668,3.3233333333333333,4.021736006117186,3.797099703239233,3.3782864869768634,3.3559610466028236,5.438750000000001,4.72125,4.943961187200861,5.029820738793541,4.815143620955588,5.3871534192507
2000-02-29,POMRB,2.39,3.995,16.465,3.78,6.0275000000000025,4.4,2.2,5.163333333333333,4.955,2.7018125,2.7320416666666674,2.490488990901764,2.1758154204473943,2.0006594788495176,2.122597497885036,5.244791666666667,4.15625,4.026972293240226,3.881261637314435,3.455500505644257,3.8364209371190636,15.248437499999998,11.798125000000002,12.330479255424237,10.82593593415149,7.155334113249374,8.47812595873467,4.06825,4.0364999999999975,3.773449478880706,3.764719990289404,3.063475206461292,2.9571836109940755,6.156562500000001,5.373750000000001,5.704789984810141,5.650332975624573,4.689944835542151,4.176977073578892,5.827500000000001,6.182500000000003,5.819630808787062,5.706958845776997,5.855925299481609,5.630944220819051,2.98625,2.4250000000000007,2.223198748856025,1.7940836356894867,0.9076923334317661,1.184881374179081,5.064583333333333,4.424166666666666,4.478374937003645,4.188004992456495,3.398301553749108,3.8008228594917224,5.8481250000000005,5.157500000000001,4.948376712320517,4.998979080630457,3.9891629067681458,3.8321228197226738
2000-05-31,PREMON,2.8939999999999997,7.955000000000001,21.4875,4.208,6.3625,4.05,3.4,5.0200000000000005,7.325,2.82325,2.630125000000001,2.651893394541058,2.2331745443420754,2.648657236374561,2.6837294480291356,5.529645833333334,5.170625,5.598183375944135,5.066248703196507,4.8646184475464285,4.4284940568648725,15.050208333333334,16.181250000000002,15.993287553254543,13.646175064035248,11.294019520361243,10.98652089100989,4.063000000000001,4.182499999999998,3.947269687328424,3.95885589420546,4.092056937822937,4.067608473200972,6.431562500000001,6.040625000000001,5.967873990886084,5.86473469306835,5.697942207895032,5.759755662423453,5.789999999999999,5.927500000000003,5.111778485272238,5.081206329292509,5.870797416686041,4.741815914246327,3.3074999999999997,2.837500000000001,2.6939192493136153,1.8778536339495078,3.129670981543813,3.098209000357439,5.2825,4.894166666666666,4.695024962202187,4.433158781322863,4.322182870566844,4.6809494174338155,6.204375,5.720000000000001,5.89902602739231,5.652320185607831,5.576258976075675,6.0281617915593735
2000-08-31,MONSOON,3.156,5.073333333333333,11.25,4.3260000000000005,7.01,7.35,4.69,5.503333333333333,7.4250000000000025,2.8145,2.773500000000001,2.853536036724635,2.3263516084284754,3.212898398227715,3.189924884054901,5.7430416666666675,5.318958333333334,5.388243358899814,5.018473331368194,5.826520388327614,5.963283437543062,15.377083333333333,14.315625000000002,14.095972531952725,12.945977756180126,15.136915570478273,14.440049477883194,4.0254375,3.9539999999999984,4.098761812397054,4.1159191625078995,4.8328246813338955,4.542826845444058,6.5884375,6.272500000000002,6.38472439453165,6.217224561690773,6.904296277125603,6.494354812261981,5.91625,5.727500000000003,6.007067091163343,5.814423307927849,6.234249987288054,5.749261626274857,3.33875,3.1350000000000007,3.4923515495881694,2.0827192684492544,4.610130971811192,4.1717663435374615,5.2725,5.234999999999999,5.018348310654646,4.744881566116737,5.577571604079426,4.9028935493966355,6.476250000000001,5.976250000000002,6.509415616435387,6.146748932814456,6.849193203531871,7.312285702484736
2000-11-30,POMKH,3.052,5.9380000000000015,13.936666666666667,4.3740000000000006,6.9625,7.61,3.63,5.633333333333334,6.025,2.70625,2.873000000000001,2.9329216220347814,2.4062638750394933,2.3997359771607254,2.5159754373474503,5.2610625,5.740333333333334,5.608146015339889,5.245146659927542,4.623668028443826,5.250162665951205,13.9,15.78479166666667,14.032250185838302,13.158767943108892,12.54785583738268,12.70070522003463,3.7931250000000003,4.171999999999999,4.208857087438233,4.220413342598703,3.9812607201715657,4.205675633052593,6.7093750000000005,6.590625000000002,6.61583463671899,6.440866545188685,6.256817216344726,6.8238078419463255,6.234999999999999,5.852500000000003,6.648240254698006,6.377523240976982,5.766224148539882,7.23369714212374,3.14125,3.4800000000000004,3.5474109297529015,2.189207018995337,2.741664228773143,2.588459532970288,5.132083333333334,5.329999999999999,5.26434231972612,5.007703610645097,5.205392793318376,4.78352861566905,6.506250000000001,6.432500000000002,6.315649369861232,6.1004206748094285,5.882376847477402,5.4155094818085665
2001-02-28,POMRB,1.922,4.016666666666667,13.203333333333333,2.6075000000000004,6.01,4.91,1.07,4.703333333333334,5.305,2.626,2.756000000000001,2.5285529732208687,2.3390575447134148,2.2173775470401424,2.3485610577558598,4.824958333333334,5.74575,4.9715542758706,4.824607312852877,4.9580797119577085,5.458381756453318,13.114374999999999,14.969375000000003,13.700683444836315,13.116443313450674,11.328728537169145,11.43527280344246,3.720375,3.8788749999999994,3.56831425246294,3.4345644233482453,3.5391269872414806,3.016867488092767,6.9165624999999995,6.5862500000000015,6.373500782031394,6.287583450556688,5.79047367384615,5.895435613939761,6.49,5.980000000000002,5.952944152818803,5.810630867160872,5.737723008452971,5.255803539575318,3.08,3.1975000000000007,2.5564465578517406,2.060334916288213,2.3635315706049065,2.303949496309447,5.019583333333333,5.214999999999999,5.039938725169006,4.942788477580725,4.635260904787427,4.582084417830078,6.49,6.520000000000001,5.911389621916738,5.862216075630647,5.358691832431764,5.290802722657405
2001-05-31,PREMON,2.496,4.0775000000000015,12.9325,3.522,7.347500000000001,6.09,2.95,4.3566666666666665,7.215,2.5315,2.656500000000001,2.5155317839325213,2.3485902753934296,2.744737192462606,2.9101951401072803,4.824791666666668,4.776375,4.613932565522361,4.552751609637364,5.836256446199627,6.065805967904929,13.376979166666667,12.830625000000005,13.393410066901788,13.012889826177641,13.85249790630376,12.87278781525412,3.6671250000000004,3.7073749999999994,3.5497885514777643,3.460918309955294,3.4842240484310256,3.7558163558974362,7.149687500000001,6.832500000000002,6.763100469218837,6.611749097293076,6.367154882638143,5.585642772657509,6.365,6.490000000000002,6.007766491691282,5.851221117496991,5.986692499410032,5.03620203387646,2.7874999999999996,3.0850000000000004,2.713867934711044,2.110018225430141,3.1374169609140377,2.481332723318725,4.91875,5.0491666666666655,4.76662990176807,4.799978906703542,4.86710225881977,4.787683938507206,6.6875,6.492500000000001,6.432833773150043,6.236597364609772,6.5390675405793015,6.655198443041777
2001-08-31,MONSOON,2.912,5.4620000000000015,13.52,4.43,7.682499999999999,7.35,4.65,5.266666666666667,7.405,2.5155,2.595500000000001,2.674119070359513,2.413038320020381,3.221928112796927,2.815048539652378,4.738958333333334,4.873541666666667,4.9531595393134165,4.780926059001575,5.059630878087278,4.195114187783356,12.609999999999998,13.398125000000004,13.444046040141075,13.095459472566345,15.281515406600224,16.5327506319342,3.7934374999999996,3.7333749999999988,3.901873130886658,3.9064826279785607,4.173605222422004,4.277975802905087,7.5021875,7.000625000000003,7.130860281531302,6.938607062966788,7.695334233878351,7.566511300224164,6.33625,6.490000000000002,6.544659895014769,6.311679917008362,7.067155998540475,6.64466592942178,2.5225000000000004,3.075,3.4883207608266265,2.3194580749225455,4.360274847141332,4.022290194410037,4.7700000000000005,4.989999999999998,4.966644607727509,4.9467747012181,5.629751335358736,4.768977730653454,6.9525,6.487499999999999,6.821700263890026,6.557730159805794,7.3840265520579615,7.260255370779263
2001-11-30,POMKH,2.54,5.547999999999999,13.7675,3.844,8.155,6.61,1.33,5.0633333333333335,7.625,2.582,2.467500000000001,2.620471442215708,2.4284013295921705,2.364185259897319,2.286655705454556,5.1089375,4.776041666666666,5.19109572358805,4.964162396696878,4.271071987106344,5.199756808237365,12.230104166666665,13.355833333333337,13.573427624084644,13.222007505241688,13.1540985261924,13.102235860620326,4.13525,3.600874999999999,3.8787238785319946,3.859439693760163,3.823776959001835,3.806846098953858,7.80375,7.298750000000004,7.540516168918781,7.311292239273389,7.002125287258217,7.134568928963006,6.4584375,6.240000000000002,6.570795937008862,6.353999157318224,6.288750664843985,6.753127348222667,2.4175,2.5,2.624992456495976,2.2191033946127874,2.705080647318429,2.8681320289269046,4.7004166666666665,4.847499999999998,5.005320097969839,4.997633584165678,5.139777569525259,4.762308162993698,7.039999999999999,6.887499999999999,7.143020158334016,6.849437075592703,6.195870687980891,5.7206449238886865
2002-02-28,POMRB,2.306,3.72,7.236666666666667,4.148,7.637500000000001,5.68,1.25,4.083333333333333,5.8249999999999975,2.67475,2.5635000000000012,2.494682865329425,2.4130855237194195,2.0978828754784864,2.187592716394823,5.6354999999999995,4.701874999999999,4.60265743415283,4.5416818106066765,4.5920734906911616,4.603514958971128,12.884479166666667,11.86416666666667,11.038723241117454,11.559101075148755,11.766550147940666,13.027959049045768,4.500749999999999,3.9859999999999993,3.9864343271191967,3.9795679489266154,3.136753381044774,3.0378899748221166,8.055625,7.705625000000005,7.579309701351269,7.398208321213376,6.708300647976387,7.591169595083128,6.3843749999999995,6.432500000000002,6.214477562205317,6.060812523550322,5.692885374615444,5.422622196191218,2.2275,2.545,2.0749954738975855,2.1143452059872763,0.8895211302095185,0.5772976051755561,4.760416666666668,4.692499999999998,4.636525392115237,4.764588274505606,4.363951642650702,4.341204150123124,7.208749999999998,7.017499999999998,6.6158120950004085,6.544555946396363,6.185411196957984,5.9793597190600405
2002-05-31,PREMON,2.644,7.333999999999999,15.86,4.715999999999998,8.1325,6.2975,1.93,4.420000000000001,7.395,2.6012500000000003,2.600500000000001,2.554409719197655,2.4420463432154675,2.713951508591398,2.9021583864459726,6.156083333333332,5.515999999999999,5.695194460491697,5.335392893462735,5.495110049994958,3.804086382885188,13.982229166666668,12.59604166666667,12.967233944670472,12.667114356016656,12.89924677291624,13.552448351482274,4.702749999999998,4.2844999999999995,4.278260596271517,4.312179584029579,4.359083396715397,4.569716357944204,7.805833333333333,7.901875000000005,7.8005858208107615,7.615512174419581,7.5587614271252335,7.480673447776716,5.826875,6.484375000000003,6.24768653732319,6.084295112413012,6.245501243264086,5.704932346556389,2.13,2.29,2.0169972843385513,2.076030877643905,2.6493745274416334,2.694605979351762,4.7941666666666665,4.708333333333332,4.549915235269142,4.687668554629759,4.453592816587882,4.411770877963445,7.1674999999999995,7.062499999999997,6.927487257000245,6.7745028818846995,7.2434274505165295,6.952752604477711
2002-08-31,MONSOON,3.5060000000000002,6.4179999999999975,15.8275,6.1599999999999975,8.9125,6.55,4.15,5.683333333333334,8.575,2.3772500000000005,2.7490000000000014,2.935045831518593,2.5832315070960408,3.222642061268721,2.9892476135972794,6.898416666666665,5.754999999999997,5.984316676295018,5.607912566552025,6.008323465263906,6.115055988387027,14.937375,13.17291666666667,14.111340366802283,13.4640833901852,15.171174259875851,15.725983763390992,4.594583333333333,4.716999999999999,5.030956357762909,5.171913107544386,5.258265638664254,5.151482516878019,7.206354166666667,8.209375000000005,8.245351492486456,8.012371316656704,8.730079015324645,7.87431194482877,5.336875,6.2843750000000025,6.368611922393914,6.186481233611164,7.306844719502207,6.819917781073292,2.0825,2.165,2.8701983706031307,2.2464416974883177,3.665048553147169,3.5515667876479924,4.964791666666667,4.812499999999999,5.003282474494819,4.9798209872989085,5.410703979936108,4.761753190296623,7.030624999999999,7.354999999999997,7.586492354200146,7.27473395382332,7.879203711990369,7.373313225430257
2002-11-30,POMKH,1.358,8.756666666666668,20.242,3.73,4.926666666666667,2.95,1.05,4.916666666666667,6.125,2.235,2.453500000000002,2.304227498911156,2.4413144223379235,2.4694282295273746,2.609676093773902,7.977416666666667,6.557166666666665,7.093256672443678,6.4981479271116696,5.222384450020245,5.878409082285249,16.793208333333336,14.79154166666667,16.56360422008137,15.229845299086447,13.568919230534743,13.804386015303361,4.737416666666666,4.688499999999999,4.510573814657745,4.463175235985724,5.33267958048644,5.247712799909651,6.838854166666667,7.402291666666672,6.917877562158541,7.005726897326427,8.112196159042814,8.455087902058404,5.3734375000000005,5.3693750000000025,5.001167153436349,5.011765904778622,6.141003041529156,6.159909050055105,2.21,2.095,2.1421190223618782,2.127946195000111,1.8892877436984123,2.142324451774069,5.219166666666668,4.775833333333333,4.968636151363558,4.981277519830368,5.179981862019593,4.969409483505062,7.10359375,6.979999999999997,7.001895412520088,6.9333441635026185,6.9602547438226186,6.845187816605941
2003-02-28,POMRB,1.6960000000000002,6.4499999999999975,8.403333333333334,3.3966666666666665,6.07,5.42,1.15,5.5950000000000015,6.23,2.05675,2.301000000000002,2.0609364993466937,2.3455073262213646,1.9763309505685096,1.961333419856924,8.437291666666667,7.239666666666665,6.835954003466206,6.419683686802562,6.352699356960648,6.3399509296738845,19.399770833333335,15.083208333333339,13.299495865382156,13.332618932571654,13.497550122409812,16.528638341616382,4.960416666666665,4.500666666666665,4.065010955461314,3.9361299665176075,3.578769971735537,3.070358171109151,6.366979166666666,7.010416666666671,6.578726537295125,6.689527467514761,6.14469030807391,4.441865804674618,5.498749999999999,5.304375000000002,5.168700292061809,5.104424861647776,4.23630925910777,4.101788210553264,2.4,2.0700000000000003,1.7452714134171268,2.022074096204351,0.5748804841296685,0.5961769874268505,5.245833333333334,5.1537500000000005,5.219181690818136,5.16928163838222,4.32794776223448,4.3244372895156395,7.082968749999999,7.081249999999999,6.693137247512054,6.719800233749266,6.046465167489336,5.1685179574923925
2003-05-31,PREMON,2.116,13.236,29.54000000000001,6.609999999999999,6.76,6.85,3.05,4.943333333333333,7.57375,2.27125,2.169000000000002,2.082961899608016,2.3068233482491505,2.5063416034203634,2.2107681465351057,7.359833333333333,8.715166666666667,9.395972402079725,8.403178535878412,7.6032788404100655,7.525121569894206,19.880666666666666,18.50320833333334,19.795697519229297,17.63275341218926,14.507671976521852,15.642150021421703,5.442916666666667,4.974166666666665,5.083006573276789,5.190415829817662,4.0165992127132615,4.002886293026539,6.6570833333333335,6.667291666666671,6.651235922377076,6.696089135902391,6.607867837020991,6.185401685695579,6.052499999999999,5.442500000000003,5.841220175237085,5.657097179944122,5.234825007687472,6.073245118884356,2.4524999999999997,2.3500000000000005,2.267162848050276,2.095600910922531,2.3012257643259977,2.40197989878197,5.517083333333334,5.284583333333334,5.108842347824215,5.126590987857898,5.048747170617152,5.081068101176858,7.693125,7.125937499999998,7.045382348507233,6.950414394881355,7.321477656500452,7.199295863586968
2003-08-31,MONSOON,2.608,4.195,23.0,6.05,6.51,6.999999999999999,4.55,5.373333333333332,8.23125,2.636,1.944500000000002,2.29297713976481,2.333913701233044,2.9585837310123284,2.5675204328556918,6.458374999999999,8.159416666666667,7.315583441247835,7.0568212255757565,9.476668006470879,8.666784820459608,20.710833333333333,20.29633333333334,21.07741851153758,19.002246273071712,19.401579229998976,18.401892194576206,6.146458333333333,4.946666666666666,5.469803943966073,5.576230863202277,6.38603216621902,6.154482769276118,7.59,6.06666666666667,6.594741553426245,6.620529923610164,7.616536968059885,6.649061795432576,6.7749999999999995,5.555000000000002,6.304732105142251,6.065695393749756,6.878680608901574,6.371483947525244,2.5312500000000004,2.4500000000000006,3.1802977088301656,2.3100540544861072,4.221439401087719,4.356043258258646,5.764374999999999,5.207083333333333,5.214638742027862,5.214008571834916,5.97656887785687,5.332154281268734,8.613125,7.039999999999998,7.51972940910434,7.30223393697666,7.997426063856719,7.794096271736117
2003-11-30,POMKH,3.972,2.36,16.916666666666664,7.7,9.65,6.93,1.07,7.396666666666666,11.35,2.56,2.5980000000000016,2.964586283858886,2.5399117123906976,2.093677904600643,2.3240000479718996,5.46075,6.56025,5.333350064748701,5.57700128556166,6.650251066406122,7.276137090937184,21.217166666666667,19.465000000000007,19.413117773589214,18.36340838572937,18.438355459596263,19.139703191484873,6.3,5.939166666666666,6.361882366379644,6.561604740028292,5.646746136036613,5.691143648916715,8.1171875,7.247500000000003,7.816844932055748,7.574198729661499,6.501396437353433,5.706654387142046,7.168749999999999,6.5500000000000025,6.55483926308535,6.305433257452175,6.040083697358863,4.993883734749103,2.7249999999999996,2.4550000000000005,2.3361786252980994,2.1982926535281786,2.191489467238283,2.0926470636034686,5.29625,5.8270833333333325,6.087449911883383,5.835280829292746,5.388658763064525,5.018294990583287,9.25203125,8.346249999999998,9.051837645462603,8.441829569748453,6.894182583583248,6.239439122176391
2004-02-29,POMRB,2.0000000000000004,5.635,18.37,5.055,8.81,7.22,1.76,5.093333333333333,8.365,2.50625,2.6740000000000017,2.578751770315332,2.4849120278739987,2.12733441286025,2.453143482315241,4.695625000000001,6.3565000000000005,5.454010038849221,5.5394829131286585,4.975290817607093,4.675643108382758,19.541729166666663,21.956666666666674,18.99587066415353,18.28940259056902,16.58705951124742,19.246497462754775,6.2525,6.35375,5.8391294198277865,5.815935118416355,6.296224302868866,5.836025186296259,8.5584375,7.932500000000003,8.21410695923345,7.951575629852858,6.977489437547738,9.105610949429076,7.393749999999999,7.000000000000002,6.82090355785121,6.560195721983191,5.65613015206874,6.919064415950716,2.8299999999999996,2.6075000000000004,2.1057071751788596,2.15232811903068,0.9204320897644482,0.757819440068925,4.971666666666667,5.701666666666665,5.689803280463363,5.652907261458761,5.462896911420094,5.559024266472526,9.792031249999999,8.879999999999999,8.777102587277561,8.403956629103087,8.09115888460116,8.049947805748412
2004-05-31,PREMON,1.204,6.07,23.624000000000002,6.18,8.2375,8.2,3.99,1.7,10.55,2.22025,2.446000000000002,2.028851062189199,2.3268572882635943,2.6843009977710883,3.253533189655836,4.67625,4.565,5.700406023309533,5.644216744365019,6.427506699466177,7.33870801299192,19.285708333333332,20.477666666666675,20.847122398492118,19.647412477851613,19.090919136757133,19.803003273715586,5.8525,6.24625,5.9754776518966715,5.963297807449722,6.037794025567467,5.709517389341985,8.810833333333335,8.301875000000004,8.22346417554007,8.024069598010062,8.176432039616037,8.521401053387818,6.958749999999998,7.3375,7.372542134710725,7.062462421502769,6.796318307435444,7.030203010276445,2.7925,2.8425000000000002,2.859424305107316,2.3157576008887903,2.8039954646030085,2.9198708118233236,4.707916666666667,4.890833333333331,4.093881968278017,4.584926989605069,5.5162651597037735,5.272177801646071,9.772499999999999,9.624062499999997,9.486261552366537,8.999567238331556,9.402197241223273,8.29751090764703
2004-08-31,MONSOON,3.0900000000000003,5.24,15.5125,6.1,8.5625,7.4499999999999975,4.45,6.0200000000000005,9.575,1.8,2.566500000000002,2.4533106373135194,2.417125969457726,2.9445069429868886,2.51950291813636,4.41,4.82625,5.51624361398572,5.467247297449954,6.153261394017271,3.9235938637364387,20.282125,18.605791666666676,18.71327343909527,18.455227652938767,21.704360578430993,18.81377394694459,5.308125,6.25875,6.025286591138003,6.001869022343178,6.795826843281366,6.519035320417835,8.794479166666667,8.815000000000005,8.359078505324042,8.177197577551176,9.14997017934503,7.938797804985015,5.69375,7.449999999999999,7.403525280826434,7.1283337735291346,8.361361674503943,7.191226832246532,2.60375,2.8175,3.4956545830643897,2.522139661351679,4.890798856530364,4.9404086405409595,4.225416666666667,5.052499999999998,4.864329180966811,4.997787830144439,4.930758094645503,4.045304746225792,9.545625,9.959999999999997,9.521756931419922,9.146501899282107,10.4353993424142,9.2487828768214
2004-11-30,POMKH,1.202,1.16,22.356,4.45,9.616666666666667,3.0,0.87,4.6400000000000015,9.85,1.8027499999999999,1.8740000000000019,1.9527863823881115,2.2615296019588853,2.167003173174366,1.6483057504122511,3.9895833333333335,4.52625,3.773746168391432,4.120061694067935,4.893018703001014,3.6003223408724017,20.324375,19.96562500000001,20.170364063457164,19.427264244164498,18.614660350973995,20.397744632262686,4.758125,5.44625,5.395171954682802,5.237153261879019,5.820014043219954,5.0063788382725445,8.8659375,8.806666666666672,8.862113769861093,8.618311071088403,8.235076648854527,7.6168042681063195,4.430416666666666,6.467499999999999,5.64211516849586,5.637223115483654,7.137939796811765,6.1744676333702575,2.0500000000000003,2.7674999999999996,2.4453927498386334,2.390609960996018,2.2787599615186,1.7672111054082191,4.268750000000001,4.363333333333332,4.774597508580087,4.918113671442795,5.033060170683502,5.100805187233771,8.829375,9.584999999999997,9.653054158851953,9.32965087702102,8.895637748434932,8.375084673292557
2005-02-28,POMRB,1.408,4.705,20.901999999999997,3.95,8.7125,1.03,0.45,3.99,8.05,1.7879999999999998,1.7260000000000018,1.7348718294328669,2.1377560027112077,1.699704018804031,1.8071043776733486,3.486041666666666,4.293750000000001,4.146247701034859,4.255117865394512,3.417839074368346,4.231645870517413,19.44022916666667,20.59862500000001,20.463018438074297,19.743379457163112,17.906508881963134,17.814744108791515,4.029999999999999,5.17,4.817103172809681,4.601732718387931,4.2190573031452345,3.911785020155305,9.123958333333333,8.782291666666671,8.802268261916655,8.627851812765815,8.029486424023265,9.16309892346408,3.5813888888888883,4.92,3.797269101097516,3.9953593964175607,4.880373363895339,4.97861743323389,1.29125,2.4399999999999995,1.64723564990318,2.2202535432886745,1.1206222746901742,0.9031279060962173,4.190416666666668,4.087499999999999,4.4607585051480525,4.680960302120077,4.128114545411454,4.2868635650073434,7.876874999999999,9.506249999999996,9.011832495311172,8.947351097896316,8.695779526430451,7.257565793725064
2005-05-31,PREMON,1.818,3.6366666666666654,21.43,2.885,8.906666666666666,4.283333333333333,0.87,3.15,5.135,1.78675,1.8795000000000017,1.7681230976597202,2.072610316866194,2.227710889504503,2.265391364179386,3.344791666666666,3.6854166666666677,3.9424152872875817,4.027503096687972,5.0950108380918975,4.066246579588109,17.477083333333333,20.05012500000001,20.84981106284458,20.115126643372427,20.67373789129268,23.554141900238626,3.61375,4.3462499999999995,4.044261903685808,3.764814240513817,4.5997235297832315,5.0054328254143154,9.256875,8.949583333333337,8.844027623816661,8.696453973795105,8.78497299158009,8.282249209734102,3.2977777777777777,3.940833333333333,3.991694793991843,4.056313547211894,4.002962833494744,3.978857080250862,0.895,1.6599999999999993,1.3363413899419079,2.091380665164165,2.282956733940143,2.3909396701461616,3.7695833333333337,4.449999999999998,3.9364551030888313,4.276768779094511,4.2758704286711655,4.053228164829397,7.02625,8.152499999999996,7.461099497186703,7.84407727650446,9.63995390238561,8.693361596934306
2005-08-31,MONSOON,2.358,3.645,10.633333333333333,3.57,9.9575,4.574444444444444,1.5,3.943333333333333,7.37,1.8937500000000003,1.6965000000000017,2.004073858595832,2.0817112272956804,2.6765404089247045,2.410547567036357,3.1135416666666664,3.2866666666666675,3.823449172372549,3.872978253187431,4.426089978333314,4.879548055619032,14.805833333333334,18.83033333333334,16.76321997104008,17.484229500139126,22.46684374931478,20.03992753757659,3.3725,3.7137499999999997,3.8545571422114846,3.655460218516106,4.137022508008939,4.164426841711348,9.168354166666665,9.298333333333336,9.289416574289996,9.07922702792804,9.78189948198933,8.378440269022475,3.5436111111111113,3.221944444444444,4.224794654172883,4.196004821264824,5.149408236332116,5.216996822164905,0.9424999999999999,0.9224999999999992,1.4018048339651448,2.023849464910861,2.8351812753858745,2.897498343540361,3.4754166666666664,3.9308333333333314,3.939206395186632,4.201075046981975,4.787537947356756,4.508069402963678,5.948125,7.601249999999996,7.4246596983120225,7.69413938171724,8.418103423548507,6.570601618403186
2005-11-30,POMKH,1.9240000000000002,1.6249999999999998,11.53,3.65,9.285,3.606666666666667,0.65,3.35,5.25,2.0250000000000004,1.8770000000000016,1.9720443151574993,2.0376261025786375,1.8172801842715995,2.0998109823708906,2.6108333333333333,3.4029166666666675,2.9440695034235294,3.159831014006934,3.2132337794126116,3.40765272078039,13.363083333333332,16.123833333333337,14.669931982624048,15.812094961885434,18.151761417755477,19.16527154717471,3.359375,3.51375,3.772734285326891,3.6366514745027563,3.2458848721751954,3.47581160111297,8.763583333333335,9.215416666666668,9.287649944573998,9.123375237925435,9.161385422306378,10.290826990198152,3.648194444444444,3.373611111111111,3.9775434591703966,3.952678911932119,4.0513438461159526,4.526047879587898,1.14,0.8674999999999993,1.1010829003790867,1.8807563780978944,-0.35881593546689206,-0.2354848204046791,3.4754166666666664,3.6083333333333316,3.7035238371119794,3.982437105163285,4.101357814496206,4.242210941430468,5.512499999999999,6.451249999999996,6.554795818987213,6.9831123857696085,6.80346110867673,7.093815655951717
2006-02-28,POMRB,1.5420000000000005,2.39,10.357999999999999,2.82,8.336000000000002,2.39,1.05,2.9266666666666667,4.025,2.19225,1.9105000000000016,1.8000265890944998,1.948807743456532,1.5388042026359834,1.697927471642641,2.3525,2.824166666666667,2.722441702054118,2.8975501715355714,2.5070088792931204,3.708442828639563,14.883229166666666,13.487833333333338,12.94515918957443,14.281253731404686,15.192715448750057,13.264811230265371,3.6849999999999996,3.23125,3.3916405711961346,3.232108478970273,2.8112295505450593,2.6285184966185975,7.8986875,9.12129166666667,8.9069899667444,8.849589345211577,8.470490057612938,8.462240683313341,3.423888888888889,3.713611111111111,3.3425260755022377,3.3762328181863728,3.1700587347922995,3.025892659362422,1.5562500000000001,1.0174999999999992,1.080649740227452,1.7797640802461345,-0.1917726984836845,0.6454901285524659,3.70125,3.342499999999998,3.392780968933854,3.7065585742845655,3.0502941999497653,3.3938289452090675,5.680625000000001,5.444999999999996,5.5428774913923275,6.126973767674477,5.603157622224606,5.130395308921292
2006-05-31,PREMON,2.734,1.93,20.432000000000002,3.91,6.045,3.76,1.85,4.213333333333334,5.675,2.14025,2.1395000000000017,2.1736159534567,2.0190919463299575,2.1187684535300257,2.1796485156719556,2.560625,2.397500000000001,2.4054650212324704,2.578483856150475,3.680753469948734,3.316901296688631,17.030625,13.238333333333339,15.939895513744657,15.87511405146332,16.259201718872124,19.386454649995237,3.941875,3.4875000000000003,3.5989843427176806,3.5401920889549805,3.374538003695755,4.270490060359159,7.094625000000001,8.405875000000004,7.762193980046639,7.930906471978762,8.910597879385703,7.8082805018530035,3.168333333333333,3.582777777777778,3.5095156453013425,3.4761351435133707,3.4367901497225346,4.345832198428857,1.9025,1.262499999999999,1.3883898441364713,1.7570558030945653,1.8438017960806963,2.320874301913824,3.8650000000000007,3.608333333333331,3.7210019146936464,3.8602606419492704,3.2039580568907375,3.179715474444698,5.878125,5.5799999999999965,5.595726494835397,5.986584751120394,6.17537862136089,5.4943200216403625
2006-08-31,MONSOON,2.78,3.285,23.7925,5.15,5.9,3.3033333333333332,3.85,4.6866666666666665,8.175,2.0235000000000003,2.2450000000000014,2.41616957207402,2.096489979913269,2.748179042025324,2.878052607981031,2.815,2.307500000000001,2.757279012739482,2.7652306678105476,2.906997151048123,2.7974089089096026,18.1461875,16.528125000000003,19.080937308246796,17.937118263992144,18.794388777297137,16.107343839463933,4.1225000000000005,3.8825000000000003,4.2193906056306085,4.290146154417596,4.391094870056081,4.503539941912354,6.39825,7.391500000000003,7.017316388027984,7.262014661350042,8.755079019091843,6.068108017131968,3.0399999999999996,3.265,3.4270427205141387,3.3832639301012697,4.599199485781733,4.285314965679024,1.9925,1.8499999999999992,2.373033906481883,1.9223840759943243,3.127008281412517,3.0856424032479928,3.950833333333333,3.7941666666666642,4.107267815482855,4.102632797878253,4.586403863481368,4.599325574112124,6.005625,5.7812499999999964,6.627435896901238,6.598845342353815,6.551072212022711,6.999314349546879
2006-11-30,POMKH,1.0859999999999999,3.65,15.550000000000002,4.125,6.91,2.833333333333333,1.07,3.9166666666666665,6.025,1.9565000000000001,2.0355000000000016,1.884101743244412,1.955523058667475,1.950647777153537,2.5027708156115915,3.017916666666667,2.813750000000001,3.114367407643689,3.0036619360952352,2.1097023910086743,2.971548973951652,18.9425,17.533125000000002,17.66856238494808,17.221647963727765,18.135181683116993,19.597440848024643,4.3525,4.001250000000001,4.1816343633783655,4.19257300887305,4.3716137686740435,4.303779189382096,6.093125,6.797750000000003,6.97438983281679,7.132002927028202,6.965381271615804,5.860610282199116,2.882083333333333,3.0716666666666668,3.1895589656418166,3.161309105026895,3.2324933670142237,2.5229798379032338,2.16125,1.9549999999999992,1.8518203438891296,1.8293908980408042,1.287602138978108,1.4296163836957605,3.9745833333333334,3.935833333333331,4.03102735595638,4.066920930150324,4.2853886409662625,4.495761609133263,6.201875,5.974999999999996,6.386461538140743,6.422835546474775,6.002382512083205,6.752184174475815
2007-02-28,POMRB,1.446,2.4,15.2625,3.79,5.1400000000000015,2.1366666666666667,1.35,3.046666666666667,4.27,1.88475,2.0115000000000016,1.7088610459466471,1.8672399711394758,1.5010298931316244,1.5415671819250958,3.2172916666666667,2.816250000000001,2.828620444586213,2.792814795240396,2.525127953669798,3.4023938092546984,17.7498125,18.75925,16.706137430968845,16.624131724357436,16.052892108258092,15.883342119884501,4.59875,4.24375,4.024980618027019,3.9825079614801138,3.50917334131661,3.326904226175382,6.4262500000000005,5.998750000000004,6.240633899690074,6.4774708252078925,6.205432398609985,6.267173307765792,2.7141666666666664,3.0083333333333333,2.7684020460517567,2.777876820241711,2.3681700599287567,2.030135545777414,2.16875,2.029999999999999,1.6510922063334779,1.7656680891502399,0.8625536063206504,1.0022370575252548,3.9895833333333335,3.9658333333333315,3.6372830802404943,3.8011503731824123,3.3903684180862337,3.6817827681699855,6.22125,6.0362499999999955,5.539876922884446,5.797222682373321,5.430823594794757,5.131913200565547
2007-05-31,PREMON,2.294,3.543333333333333,21.898000000000003,4.78,6.8,2.75,2.9,4.283333333333333,7.0,1.9895,1.9015000000000017,1.942916627567988,1.8934717750506926,2.070735560564252,1.6405707754572214,3.1575,3.2195833333333344,3.114505600085061,2.9906629996798615,3.6959616691129407,3.004954229564503,16.6066875,19.12575,18.78288245858131,17.97269461800715,17.997816705349038,19.728933580413347,4.94375,4.461250000000001,4.326988370816212,4.344147824872327,4.251329844487238,4.39278004158928,6.7575,6.1875000000000036,6.464380339814045,6.565202897372413,6.2863987673384445,4.674916322332135,2.6283333333333334,2.7558333333333334,2.761041227631054,2.7416449868685913,2.839318693096617,3.331375302771556,2.28,2.292499999999999,2.1506553238000867,1.8483176295442674,2.3519790720372513,2.354486294854991,4.1312500000000005,3.9833333333333316,3.89570318147763,3.9484334014516014,3.4542834229862542,3.394150511380888,5.84375,6.367499999999995,6.123926153730668,6.12898233562376,6.169531546920503,6.036224263573622
2007-08-31,MONSOON,2.6460000000000004,3.266666666666667,12.785,6.25,7.81,2.97,2.86,4.736666666666667,7.005000000000001,2.142,1.868000000000002,2.224149976540793,1.9673673441171027,2.6310868176082676,2.7112937976753493,3.1331249999999997,3.2150000000000007,3.1753700267177036,3.0440802611148667,3.495169969892892,3.956090556319832,16.8445,16.373874999999998,16.383729475148783,16.50452314940802,20.473791027188476,15.334156752241173,5.11125,4.73625,5.096193022489727,5.231340556335547,5.263421797201524,5.028744991476122,7.05125,6.6650000000000045,7.002628203888427,6.947870618709562,7.4345163975972195,6.71790212105528,2.6058333333333334,2.6725000000000003,2.8446247365786324,2.7940681975393096,3.8480007187063063,3.0671814373377737,2.4650000000000003,2.044999999999999,2.4343931942800516,1.9276088180723698,4.004948728968761,3.894268872671489,4.385416666666666,3.995833333333332,4.232088575553245,4.180619396605265,4.763190426446176,4.664251544209277,5.506875,6.074999999999995,6.476355692238402,6.367003192236249,7.076139595334443,7.854557323579666
2007-11-30,POMKH,2.0580000000000003,3.19,17.4125,5.785,7.65,2.48,2.95,5.0,4.175,2.13625,2.111000000000002,2.157689985924476,1.9654585561587048,1.8305766299074233,2.46925277951999,3.1355208333333335,3.100000000000001,3.181222016030622,3.057911182665783,2.4804288041827833,4.00967911884241,15.352875000000001,16.839499999999997,16.79523768508927,16.680403014589675,17.058953324735388,16.145116185232077,4.7299999999999995,5.15125,5.371715813493836,5.471470594013662,5.393611549629176,5.340606529722274,6.77125,6.850000000000004,7.261576922333056,7.155958365964036,6.8911137719251006,7.420135011166011,2.6550000000000002,2.5841666666666674,2.6987748419471793,2.65904813412375,2.637010683798936,3.537086377450439,2.2087499999999998,2.514999999999999,2.640635916568031,2.01535540756016,1.0927748167675786,0.7499227584264363,4.38125,4.266666666666665,4.539253145331947,4.422268778766055,4.410470153800185,4.478940707019394,5.0043750000000005,5.612499999999995,5.5558134153430405,5.730335122739582,5.851237144617883,6.163844191861921
2008-02-29,POMRB,1.6939999999999995,2.665,15.3025,3.47,6.75,2.31,0.95,3.996666666666666,3.425,2.11325,2.173000000000002,1.9722139915546855,1.9180842476808506,1.5733669908232173,1.7629570573152367,3.0673958333333333,3.166250000000001,2.974733209618373,2.909811615794229,2.5980198397657914,3.335008376055918,13.564375,16.849499999999995,16.198142611053562,16.2413089506492,15.614963758361643,16.084158061040473,4.045,5.07125,4.611029488096301,4.4952682411167695,4.95058978985812,4.587746240541016,5.72,7.252500000000005,7.056946153399833,7.008937021114721,6.445295195639674,6.758403641717808,2.593125,2.627500000000001,2.5432649051683076,2.5132666695357946,1.862923480076186,3.269657069122321,1.92,2.4149999999999987,1.9643815499408186,1.9162902792197383,1.8144754919581558,2.221700205016109,4.206250000000001,4.504166666666665,4.322218553865834,4.3217257085893515,3.9062362829212427,4.103963012197958,4.444375,5.401249999999996,4.703488049205824,5.062578104376702,4.601954632549143,4.117306122303064
2008-05-31,PREMON,2.0,3.2975000000000003,9.925,2.05,2.95,2.97,1.25,3.3000000000000003,3.825,2.131,2.0995000000000017,1.9833283949328113,1.9130020477186274,2.174022098691498,2.1168332342097154,2.9678125,3.104791666666668,3.103839925771024,2.9975607301251945,3.8377287327428435,3.685268808987543,12.4365625,13.856249999999994,13.688885566632138,14.477007499911014,17.663695728095295,17.36770250323862,3.2906250000000004,4.38875,3.5866176928577804,3.31231686595914,4.534802138838176,4.568528108671998,4.51875,6.2900000000000045,5.4141676920399,5.69323619464469,7.054836777637819,6.112070206745765,2.4693749999999994,2.682500000000001,2.7139589431009847,2.6465870979500083,2.586942530673861,2.882633236489897,1.7375,2.0024999999999986,1.6786289299644912,1.8470082832416101,2.6253220072576235,2.2374637118881644,3.94375,4.258333333333331,3.913331132319501,4.056514721476788,4.147195473690135,4.025977108505975,4.215624999999999,4.6074999999999955,4.352092829523494,4.700344522240477,5.3342274542857755,5.893524376786922
2008-08-31,MONSOON,2.756,2.9675,10.45,3.5,3.25,2.255,2.2,4.32,5.7,2.0675,2.1270000000000016,2.292397036959687,2.0077875831710097,2.6643768123710556,2.7053257309413348,2.745625,3.030000000000001,3.0493039554626145,2.959008380382958,3.4979733759491625,3.355335398773324,10.7815625,13.272499999999994,12.393331339979282,13.335154067199303,17.611673014146103,13.70124930786605,2.718125,3.70125,3.5519706157146684,3.386892518764194,3.5658562569453736,3.3591778274362465,3.30625,5.150000000000005,4.54850061522394,4.897739154942888,6.421241002502656,3.0447764850595935,2.2912500000000002,2.5037500000000006,2.530375365860591,2.486264429542141,3.771653871396307,3.2216055539270076,1.6500000000000001,1.8374999999999986,1.8871773579786948,1.8677822447769068,3.078093181392857,2.5983907761182206,3.4983333333333335,4.154166666666664,4.0759986793917005,4.144493549642667,4.772509913458238,4.4407814990658805,4.143750000000001,4.281249999999995,4.891255697714097,4.976300589986569,5.307461286627622,5.9120860600705045
2008-11-30,POMKH,2.09,2.6925,10.725,2.5,2.6,2.205,2.15,3.3166666666666664,3.65,2.0191875,2.1350000000000016,2.211438222175812,2.015116279818465,1.8773818957221773,2.1225929965777266,2.5840625,2.905625000000001,2.9065823732775686,2.849837858842205,2.374968993686527,3.2227449824479675,10.5778125,11.600624999999994,11.725998803987569,12.578741019308872,14.311326816577434,10.958962983647098,2.7849999999999997,2.88,3.131182369428801,2.950049241614441,3.0041821793578354,2.8921353053667733,2.9887499999999996,3.887500000000005,3.769100369134364,4.150705868300404,4.50957343982793,3.426649780172677,2.1637500000000003,2.4350000000000005,2.4002252195163547,2.3654999854636154,2.322671985908908,2.9473216551705397,1.7399999999999998,1.6374999999999986,1.9923064147872167,1.8844998480406892,0.6976527941757955,0.94739185612127,3.2308333333333334,3.7333333333333307,3.772265874301687,3.9320483180901067,4.246067481936599,4.257785384505876,4.538125,4.149999999999994,4.394753418628458,4.588948688984836,4.267533862376858,5.139731539485759
2009-02-28,POMRB,1.154,1.385,8.75,2.175,2.1,1.16,1.05,2.1166666666666667,3.375,1.9695,2.0000000000000018,1.7884629333054873,1.9016837481329687,1.6175637680563497,1.8040863459777416,2.660625,2.585625000000001,2.297949423966541,2.3819214051522755,2.352004603845508,3.132089498601971,11.8703125,9.962499999999993,10.53559928239254,11.497997829168424,12.011585722131809,12.747182061217725,3.1556249999999997,2.55625,2.7487094216572805,2.568338085404568,1.972417890105087,2.195710629614698,4.251874999999999,2.725000000000005,3.101460221480618,3.4845142445054496,3.0343093221813593,2.0476480151324927,2.2312499999999997,2.1475000000000004,1.9041351317098127,1.9273643003584173,1.563244209571057,2.832131993553349,1.96,1.6624999999999985,1.6153838488723302,1.799722062277124,0.8545406447742349,1.397598979843037,3.1466666666666665,3.263333333333331,3.110026191247679,3.446635896047449,3.122395839634211,3.27134654159858,5.3575,4.137499999999994,3.986852051177075,4.234344924254321,3.4405995400141487,3.8127776019391777
2009-05-31,PREMON,2.1535,3.285,14.8475,3.88,5.06,3.1,1.87,3.04,7.029999999999999,1.8065625,2.038375000000002,1.9344777599832925,1.9211329327261273,2.115291262709561,2.139377306411156,2.6984375000000003,2.5825000000000014,2.6927696543799247,2.629625983611653,3.2210061759667186,2.688197737041616,13.19125,11.193124999999995,12.260359569435526,12.350609529137813,13.419760163256402,12.352170400465727,3.463125,3.01375,3.2012256529943683,3.1807984812772765,2.663136916379125,3.4043679635633275,5.5725,3.252500000000005,3.8848761328883707,3.9803736344674796,3.1658606804724094,1.9211846199740523,2.315625,2.18,2.382481079025888,2.3130289823141617,1.9703942317207712,2.360318344730901,2.045,1.8174999999999986,1.7172303093233983,1.79322287786062,2.1362560431855275,2.014467970816012,3.146666666666666,3.1983333333333306,3.0820157147486076,3.3476245000133753,2.9163282830742245,2.8565222643818293,6.310625,4.938749999999994,5.2041112307062445,5.022956608808133,4.6162249147385745,5.255913024521764
2009-08-31,MONSOON,2.205,3.5925,15.8675,4.635,11.245,2.665,3.34,3.9066666666666654,9.05,1.7414999999999998,1.900625000000002,2.042686655989976,1.9480828439380065,2.643038194563535,2.519502707827335,2.6753125000000004,2.7387500000000014,3.052661792627955,2.892845381167762,3.0978785035823924,3.144206193010798,14.44125,12.547499999999996,13.703215741661316,13.244682502848763,15.358712859514068,12.443900538714807,3.869375,3.2974999999999994,3.774735391796621,3.8583371394950086,4.127642594849564,4.48268307778378,5.97875,5.251250000000004,6.828925679733023,6.295693792037497,4.846565989253373,5.102732651276171,2.510625,2.2825000000000006,2.4954886474155327,2.4121632731974287,3.433304169690424,3.1222440949993198,1.9624999999999997,2.1024999999999983,2.366338185594039,1.9248695513567284,3.217887768371182,2.8419808010488,3.1937499999999996,3.094999999999997,3.4118760955158307,3.514371580428108,3.937573770905658,3.9000060937710717,6.879375,5.776249999999995,6.742466738423747,6.160961901907285,6.154461019359978,7.529163849692132
2009-11-30,POMKH,1.3375,2.37,15.875000000000002,3.825,5.17,2.47,1.69,3.73,7.925,1.7965625,1.7125000000000021,1.7606119935939857,1.863213425738103,1.7627240675497124,1.9239028093282182,2.6925,2.658125000000002,2.7795970755767727,2.7073564968075283,2.342394211562914,3.3658129607978866,15.2046875,13.834999999999996,14.57192944499679,13.896831401525594,13.724412034197169,10.870914098218131,4.052499999999999,3.6287499999999993,3.794841235077973,3.8253698649021164,3.9427955928079794,4.1965658764921985,6.119375000000001,5.893750000000004,6.165355407839813,5.920398217250903,6.62671332910418,10.32936144888906,2.6950000000000003,2.348750000000001,2.4852931884493197,2.408976926538107,2.263192167894501,2.570968599009017,2.0324999999999998,1.987499999999998,2.0958029113564236,1.9017914431640028,1.652960665669383,1.9570417982087331,3.1641666666666666,3.1983333333333306,3.5391256573094982,3.58710802358401,3.5830659188074985,3.7919119167178614,6.859375,6.844999999999995,7.2154800430542485,6.651965327405975,6.113054749609807,6.698117688074735
2010-02-28,POMRB,1.386,1.5225,13.6,4.1,2.78,2.455,0.85,2.08,3.65,1.8657499999999998,1.770500000000002,1.6107671961563914,1.7881587514655848,1.390526729500139,1.4582829136335953,2.736770833333333,2.692500000000002,2.2767582453460635,2.324913227819348,2.215484962268303,2.565144302894997,15.738020833333334,15.047499999999996,14.183157666998074,13.759723002398808,12.670744855984008,14.36893895145327,3.8249999999999997,4.1099999999999985,3.9169047410467837,3.9390237690603316,3.165039428398983,2.9046960513634903,5.493125,6.063750000000004,4.811213244703888,4.901251468380292,5.326154811652273,4.6161278100629834,2.8225,2.6725000000000008,2.473175913069592,2.4017496596933983,1.6246806542268797,2.1123161514498605,2.04125,1.937499999999998,1.5974817468138542,1.801314723702682,0.9252073061615897,1.0272728498170203,3.130833333333333,3.189166666666664,2.955475394385699,3.185346972871223,2.8983362943170077,3.1959926732070576,6.426875,6.913749999999995,5.7892880258325485,5.783957585029137,6.255311830981927,5.92989576623301
2010-05-31,PREMON,2.362,3.285,16.105,3.42,5.505,3.28,2.63,2.84,6.5950000000000015,2.0449375,1.822625000000002,1.9112603176938348,1.8429163754391134,1.9691303747667166,1.8889830513425885,2.671979166666666,2.692500000000002,2.680054947207638,2.5902971298823254,3.18272887884685,2.9814135920536398,16.487604166666667,15.361874999999998,14.951894600198845,14.33315217179662,14.989181639932038,11.83276197581278,3.57125,3.9949999999999983,3.71814284462807,3.6746970483428507,4.337219473788855,4.053297821654693,4.8881250000000005,6.175000000000004,5.088727946822333,5.082747608995073,4.835884111348549,2.2495324867065944,3.0068750000000004,2.7175000000000007,2.7959055478417554,2.681410608859894,2.4915137956625237,3.438354711877728,1.9437499999999999,2.1274999999999977,2.0104890480883126,1.868326482493783,2.0085299449865475,1.8374886833287083,3.106875,3.1391666666666636,2.909285236631419,3.102236687333691,2.7686897555404664,2.8094407136482875,5.92375,6.804999999999994,6.11157281549953,6.004116745915551,6.417770565366457,6.0472644780505735
2010-08-31,MONSOON,2.55,3.9466666666666654,18.876666666666672,3.275,5.79,3.505,2.65,3.84,6.025,2.1390000000000002,1.9088750000000019,2.166756190616301,1.9226610358838723,2.559363783758915,2.737777644546624,2.5932291666666667,2.7810416666666686,3.186699634991249,2.972058447006403,3.0733244979804084,3.3706604011833594,17.245625000000004,16.114166666666662,16.521803426785976,15.494912487975954,16.86038412013421,13.815904629899332,3.1756249999999997,3.654999999999998,3.540885706776842,3.468296612365695,4.398792629418992,4.555371900920697,4.834375,4.811250000000005,5.3692367680933994,5.296933328776484,6.043996617176818,6.226251417624213,3.129375,2.927500000000001,3.0795433287050535,2.9395528088838967,3.8273067281499187,2.9608126397693857,1.8699999999999999,1.9549999999999979,2.266293428852988,1.937117607496313,3.5922479772017826,3.4086538000457267,3.0366666666666666,3.122499999999997,3.2815711419788514,3.3173085271369387,3.768581619627182,3.7556540159860794,6.0425,6.048749999999994,6.076943689299718,5.998701799666815,7.063782181682592,7.714085910058302
2010-11-30,POMKH,2.426,1.4975,18.8625,3.155,5.785,3.105,1.6,3.605,6.925,2.0465,2.181000000000002,2.270453714369781,1.9856239059825909,1.7545763210701335,2.200880195972232,2.482291666666667,2.562916666666669,2.5110197809947494,2.500019325836205,2.4536202778880107,3.234712167655343,17.894583333333333,16.86104166666666,17.458082056071586,16.33589060785154,15.553515508048736,13.714902829139236,2.88625,3.487499999999998,3.386531424066105,3.3039052071116477,3.141637798804402,3.1303072201028845,4.471875,4.965000000000005,5.53554206085604,5.440462950235563,5.257751394627296,4.373400305156416,3.2237500000000003,3.086250000000001,3.0897259972230318,2.9683986237391298,2.8233941039538606,3.3001974532404823,1.6974999999999998,1.9324999999999979,1.9997760573117929,1.9073418633005395,1.475558286295624,1.4715832817401937,3.0458333333333334,3.091249999999997,3.410942685187311,3.409158608102964,3.455803302473403,3.674681934994065,6.403125000000001,5.798749999999994,6.41616621357983,6.2512968086564795,5.4528583149556376,5.711062289366852
2011-02-28,POMRB,1.05,1.765,16.676666666666666,1.605,1.735,2.8,0.35,1.643333333333333,5.6,1.9977500000000001,2.097000000000002,1.7822722286218684,1.8688523098507863,1.5755935633887055,1.778845810124368,2.1783333333333332,2.623541666666669,2.2126118685968494,2.254690516606221,1.9740226068689097,2.4771613453043453,18.306875,17.63020833333333,17.14551590030962,16.360051487612612,14.751455291180214,15.91495903407429,3.0493749999999995,2.8637499999999982,2.673918854439663,2.481221618287164,2.4501039476825497,2.1544582028241592,4.23375,4.703750000000005,4.015325236513624,4.241630723999522,4.722571026278268,4.898784519211109,3.600625,3.1725000000000008,2.973835598333819,2.8819112895371455,2.2127558256853335,2.879833524161487,1.5962500000000002,1.8074999999999979,1.3398656343870756,1.7621462215690584,0.7773784905515589,0.9260748331548407,3.138958333333333,2.98208333333333,2.7038989444457195,2.9354230672950603,2.7719963994935393,3.002440498187435,6.743125,6.286249999999994,6.089699728147897,6.053874972871141,5.459557606147129,4.9622647195478695
2011-05-31,PREMON,1.9580000000000002,2.155,18.22,3.6,3.65,3.69,1.75,3.35,7.53,1.82875,1.9960000000000022,1.8525633371731212,1.8725714547364236,2.0623922424746812,2.1289256270644503,2.0678124999999996,2.3410416666666687,2.1895671211581096,2.2025477852375612,3.1147781596869923,2.7734266436789707,18.282395833333332,18.158958333333327,17.57530954018577,16.792335729416298,17.28621655070806,14.08143039944554,3.303125,2.908749999999998,3.0443513126637978,3.0023293707455445,2.4520807138196865,2.7733175987260097,4.150625,4.240000000000005,3.869195141908174,4.042156853374393,4.062009604064366,2.836919114716216,4.065625,3.275000000000001,3.2603013590002914,3.1327896479313635,2.98900785960653,3.4723541019879347,1.48,1.587499999999998,1.5039193806322455,1.7496589863121743,1.7737948464297735,1.7282892394528928,3.1333333333333333,3.10958333333333,2.9623393666674316,3.0607953957093894,2.515794956758104,2.5431511854438122,6.725625,6.519999999999993,6.665819836888739,6.463039736498329,6.717379297578038,6.965540100065549
2011-08-31,MONSOON,2.564,2.645,20.06,4.4,5.74,6.11,2.72,4.075,7.81,1.6517500000000003,1.9995000000000023,2.137138002303873,1.955866005448228,2.565014799919638,2.4427185968618863,2.1085416666666665,2.015625000000002,2.3717402726948658,2.3137073485213224,2.624604683444022,2.918417032075594,17.231041666666666,18.454791666666658,18.569185724111463,17.601109216331224,19.117880539793305,16.804026879092927,3.5575,3.189999999999998,3.586610787598279,3.6537723857828266,3.871263171145392,4.301617243636965,4.108125,4.2275000000000045,4.617517085144905,4.5758401912274715,4.853042610019743,5.090579754723972,4.239999999999999,3.9262500000000014,4.400180815400175,4.128829932164995,4.292196436950917,3.7269332978413194,1.38625,1.6049999999999978,1.9903516283793472,1.828536966002611,2.82344401229947,2.6538801451785794,3.237916666666666,3.1683333333333303,3.407403620000459,3.351895379708241,3.8268042838872964,3.8593943083414417,6.4725,6.966249999999993,7.123491902133243,6.834624215487051,7.616867353225464,7.600979397920184
2011-11-30,POMKH,1.06,1.915,17.483333333333334,4.06,5.17,4.22,0.6,3.325,5.0,1.676,1.6580000000000021,1.706282801382324,1.8427435798469576,1.7616983158801434,1.8699728773490443,2.1927083333333335,2.1200000000000023,2.189044163616919,2.1711977973856342,1.6990993977818838,2.2349496966769418,15.508958333333332,18.109999999999992,18.13484476780021,17.49682976696384,17.577700704790388,17.946137280589557,3.77125,3.4162499999999985,3.7759664725589674,3.83077752686168,3.700470868504783,3.7949593117121534,4.335,4.073750000000005,4.838510251086943,4.75504561878239,4.506957684136797,4.0604800863510775,4.225937500000001,4.205000000000001,4.328108489240105,4.120678325262499,4.0857883839438625,4.882103791226021,1.63,1.3549999999999978,1.4342109770276084,1.7103064641030707,1.2735167934671916,1.5493478098235567,3.4368749999999997,3.09833333333333,3.3744421720002755,3.3571787300198586,3.586117841405411,3.7802730027476135,6.49,6.484999999999993,6.274095141279946,6.298906765766664,6.4973909389672695,6.768087904621706
2012-02-29,POMRB,1.0,1.6733333333333336,9.645,2.7350000000000003,2.01,3.08,0.6,2.76,5.5,1.7246875000000002,1.6455000000000022,1.4237696808293943,1.7255680152639767,1.340789934515489,1.4820369288396733,2.4674635416666666,2.0970833333333356,1.982759831503485,2.000318154901073,1.6396981702264697,2.407635365347984,14.796666666666667,16.352083333333326,14.738906860680126,15.314731280670676,16.036422956265465,16.60618132130491,3.85140625,3.6987499999999986,3.35957988353538,3.292616044749715,3.236504991803377,3.3585479919530625,4.582812499999999,4.142500000000005,3.7071061506521654,3.8652058450247475,4.02416416167776,3.6683025576708808,4.0075,4.275000000000001,3.828865093544063,3.722524424150936,3.4202241457693234,4.1383037910245815,1.9171874999999998,1.4174999999999978,1.100526586216565,1.5953551102284051,0.09726762364506869,0.1719937139384428,3.5627604166666673,3.377499999999997,3.1286653032001652,3.2053163617261538,2.7349798481966223,2.817821278746579,6.438593749999999,6.459999999999994,5.964457084767968,6.059333068289337,5.319455439611193,4.443405133786977
2012-05-31,PREMON,2.202,2.92,11.475,4.18,5.19,3.2975,3.45,3.825,7.77,1.8241249999999998,1.7065000000000023,1.7350618084976366,1.7681419349748984,1.8601485265120132,1.7292484047458188,2.60690625,2.2883333333333358,2.357655898902091,2.256766976534099,2.867452114846338,2.258218961072501,14.783333333333333,14.665833333333325,13.433344116408076,14.21974472142647,16.76478800724796,14.83854038165346,3.9140625000000004,3.8437499999999987,3.687747930121228,3.700069809908937,3.464361562061094,3.2923079918053766,4.491875,4.527500000000006,4.300263690391299,4.279928558660422,3.7391262585179694,2.8994474087403903,3.713125,4.176875000000001,3.6163190561264376,3.5403656657595426,3.850858373014568,3.448950716900682,2.041875,1.8424999999999976,2.040315951729939,1.7482266030762907,1.6193034241978745,1.8644823305486669,3.7115625,3.4962499999999967,3.4071991819200993,3.3882367670290447,2.9492639776831835,3.019518392364726,6.3259375,6.5199999999999925,6.686674250860781,6.5353206600640155,6.593275083794343,6.950798238744994
2012-08-31,MONSOON,2.7095,4.078041666666667,21.106666666666666,4.4612500000000015,6.182500000000001,4.755,3.3175,4.607083333333334,7.15875,1.998875,1.7428750000000024,2.124837085098582,1.8775705293969955,2.4413932232771787,2.430769927625795,2.6030520833333335,2.6465937500000027,3.0458102060079213,2.7814102060975068,2.7402208105052916,2.7523733722951254,15.559791666666667,14.927499999999991,16.50267313651151,16.01167964620347,17.24467489104637,15.968207351710538,4.0521875000000005,3.859062499999999,3.997148758072737,4.045691679459997,4.599365294013923,4.492057781727257,4.765000000000001,4.638125000000006,5.05315821423478,4.87856092529848,5.248827403581801,5.311987281373043,3.6043750000000006,3.8381250000000007,4.0717914336758625,3.9250450682975297,4.686617644315053,4.6808051494434935,2.188125,1.9918749999999972,2.5511895710379635,1.8885345605099497,3.6002440142070307,3.6740437739261593,3.9326041666666667,3.6292708333333303,3.887152842485393,3.7369747150509594,4.277210126100584,4.215909971669992,6.3653125,6.357187499999992,6.875504550516468,6.700596804865666,7.638015119093422,7.944104652491914
2012-11-30,POMKH,1.7099999999999995,1.5975,16.33,4.5,4.0,3.22,1.0,3.983333333333333,4.75,2.122375,1.905375000000002,1.9589022510591487,1.8556667265040527,1.685492340476611,2.205848893961253,2.7231354166666666,2.567218750000003,2.466486123604753,2.3985216481785008,2.2870428831082346,3.2895181645758194,16.469791666666666,14.639166666666657,16.433603881906905,16.031144225824086,16.338699479323484,19.030937193023092,4.111562500000001,3.969062499999999,4.198289254843642,4.243826759587046,3.9901885774957324,3.9554810401605174,5.210625,4.345625000000005,4.631894928540868,4.585740726783067,4.920764395973306,5.753590591662405,3.4209374999999995,3.5881250000000007,3.7310748602055175,3.6444389028817694,3.8282939327642853,3.9646929238554405,2.231875,2.0918749999999973,1.9307137426227783,1.8112286971969294,1.8840241463073049,1.659427421092293,4.1303125,3.793854166666664,3.925625038824569,3.8190232890892064,4.069832724247576,4.103326169508912,6.694687500000001,6.294687499999992,6.025302730309881,6.13208645713507,6.250299241794215,5.866824845711533
2013-02-28,POMRB,1.7480000000000002,1.96,17.01,3.4,5.365,3.21,1.37,3.87,6.065,2.1729374999999997,2.0923750000000023,1.8745413506354893,1.8393100453978315,1.3925316826192944,1.6464343378698578,2.8048802083333335,2.6388854166666698,2.263891674162852,2.2432216719526936,1.9030193398037147,2.4475367744222147,16.448749999999997,16.48041666666666,16.664162329144144,16.228023667080286,14.816029036274692,16.000858412916156,4.18140625,4.135312499999999,3.878973552906185,3.823665903852683,3.6250173387612032,3.4622727094674683,5.257812500000001,5.184375000000006,4.925136957124521,4.824158256323118,3.8269656620149006,2.3387602817075246,3.2491666666666665,3.620625000000001,3.52264491612331,3.4597839420218848,2.8860376139243207,3.050047007583951,2.3334375,2.2843749999999976,1.706428245573667,1.7691797266818705,0.7561039900886437,0.5285666597038441,4.018802083333333,4.071354166666664,3.9033750232947413,3.8475368678576998,3.289906186971578,3.227452289398473,6.95234375,6.4359374999999925,6.041181638185929,6.101362130933891,5.071203552440504,4.5314623136519305
2013-05-31,PREMON,2.442,3.5940000000000003,11.39,3.99,5.4,1.7,3.03,4.296666666666666,9.84,2.31575,2.1523750000000024,2.1015248103812936,1.9139586989562318,2.034561612352046,2.081750037796218,2.9566875,2.8073854166666696,2.7959350044977116,2.6267228233913222,3.1391431821066345,2.822741083946071,16.586458333333333,16.45916666666666,14.554497397486486,14.86101314170174,17.40916562912113,18.272676840264694,4.298125000000001,4.087812499999998,3.923384131743711,3.8858197521828286,4.034635162484298,4.0208823348409,5.553750000000001,5.236875000000006,5.115082174274713,4.996907918922158,4.912304439473455,5.944702263133896,3.3820833333333336,3.2212500000000013,2.793586949673986,2.820131653697692,3.5641786156731907,3.506890757691819,2.89375,2.1793749999999976,2.2358569473442,1.8829181248126674,2.509851895153457,2.727450215243313,4.042916666666667,4.189270833333331,4.060691680643512,3.985886389383247,3.730555877737854,3.7030235909731504,7.226249999999999,6.953437499999992,7.560708982911557,7.155144324527685,6.669453544107532,7.3342187560441054
2013-08-31,MONSOON,2.8739999999999997,4.058,21.023333333333326,5.21,6.35,4.9783333333333335,4.55,3.2433333333333336,7.15,2.43975,2.1935000000000024,2.4105148862287757,2.0442645215223894,2.6273618414206568,2.7716923671323723,3.3150625,2.802375000000003,3.3007610026986267,3.0306177930781057,3.1561488839507397,3.596607310677409,16.0975,16.438333333333325,17.142031771825224,16.455591146683133,17.73062965600502,17.42309616048358,4.476875,4.274999999999999,4.438030479046226,4.498391142661114,4.669839785636986,4.6511721295356985,5.976875,5.278750000000005,5.609049304564827,5.417981283706784,6.050428123919587,5.754384697671719,3.5795833333333333,3.2770833333333345,3.667485503137725,3.536905297906228,3.9114653349762545,3.639073844554719,3.42875,2.487499999999998,3.16151416840652,2.14024197937392,3.546310027120908,3.305665947835499,4.336875,3.8483333333333305,3.73374834171944,3.79634123788955,4.932233217890983,4.685066719018526,7.657499999999999,6.951249999999992,7.396425389746934,7.140133898976909,8.509588202964352,8.792475301862462
2013-11-30,POMKH,2.688,2.832,17.515,4.6850000000000005,6.2,4.06,4.25,5.54,6.9499999999999975,2.44125,2.438000000000003,2.521508931737266,2.1477200580610885,1.8676784772595307,2.2420277683899354,3.708125,3.1110000000000033,3.113256601619176,2.941127359897565,2.546665776552616,2.842980118453572,16.403333333333332,16.734583333333326,17.291219063095134,16.672364845685625,16.701003279083576,19.9351994652138,4.661875,4.321249999999999,4.536818287427736,4.567195676125831,4.506557145170669,4.387695114975603,6.2375,5.828750000000005,5.8454295827388965,5.655292456716413,5.477740034996504,5.512636636719042,4.024583333333332,3.487083333333334,3.8244913018826345,3.683285529652228,3.4252237855196017,3.8179536500843723,3.45,3.299999999999998,3.596908501043912,2.3695971062409757,2.4040516400793903,2.231920967384215,4.364583333333334,4.237499999999997,4.456249005031664,4.291259134078184,3.9015764283709964,3.6779935687001686,7.0699999999999985,7.501249999999992,7.21785523384816,7.072438758024241,6.770685287451925,5.7933573168531165
2014-02-28,POMRB,1.7619999999999998,3.5925,11.913333333333332,4.645,6.55,3.95,2.4,4.665,7.314999999999999,2.438,2.441500000000003,2.2177053590423594,2.1259365890071136,1.7149295168378904,1.8717438220405354,4.0976875,3.5191250000000034,3.3049539609715053,3.1077442366931196,2.5121580993640684,2.993783504949162,17.776666666666667,15.460416666666656,15.140064771190413,15.324747041508278,15.357024748846705,15.170958930344444,4.66,4.632499999999999,4.580090972456642,4.583945603057588,3.9235462830191086,3.6340274808438253,6.4125000000000005,6.125000000000005,6.127257749643338,5.928099170490633,5.017791658830553,5.263538430511712,4.336041666666667,3.672083333333334,3.874694781129581,3.7399038638836326,2.9461931839851028,3.546659464382214,3.1925000000000003,3.5574999999999983,3.118145100626347,2.421638234694032,2.860235038751777,2.7094194004374885,4.796250000000001,4.436249999999997,4.539749403018998,4.410512667853159,3.825093743296838,3.8205511567179418,6.388749999999999,7.813749999999991,7.256713140308895,7.128169063025378,6.261637531298067,5.838237272961022
2014-05-31,PREMON,2.44,5.106,18.933333333333334,4.225,6.3,4.52,2.17,3.723333333333333,3.89,2.3658906249999996,2.441000000000003,2.3066232154254154,2.190641954200817,2.302623897482875,2.512718265715554,4.265546875,3.8971250000000026,4.0253723765829035,3.677147260758191,4.1151804849064435,3.624047266396734,18.342552083333334,17.34624999999999,16.657372196047582,16.231187124104054,16.725645324674726,17.83972234334326,4.593125,4.691249999999998,4.438054583473985,4.39289484664452,4.955368257849724,5.007991333181833,5.77875,6.350000000000005,6.196354649786002,6.032944473631869,6.100882868076901,6.885614300666576,4.27921875,4.377083333333334,4.1328168686777484,3.9729114883543564,3.877675820851089,3.087075074373764,2.8425,3.342499999999998,2.738887060375808,2.4481573336211406,4.0561133627136465,3.40256666423054,4.950833333333334,4.292916666666663,4.213182975144732,4.237836388812534,4.371698001461945,4.3010060759746445,6.33640625,6.32624999999999,5.910027884185337,6.191953174692562,7.883650207990833,8.410047897699476
2014-08-31,MONSOON,2.85,5.6625,24.466666666666665,4.96,6.85,4.65,3.35,7.27,7.65,2.26778125,2.435000000000003,2.5239739292552494,2.3062651884483776,2.847842785404972,2.8244917257863897,4.05928125,4.298250000000003,4.680223425949742,4.237067272961806,4.324341141528972,4.125084373556113,19.022291666666668,18.207083333333326,19.781089984295214,18.37719822702046,18.83400494257979,19.499013259600176,4.43625,4.628749999999998,4.646832750084391,4.643138374245069,5.139776233926234,4.9538854934959815,4.941249999999999,6.475000000000005,6.457812789871602,6.279998127304989,7.1276779957351515,6.33384247072889,4.1859375,4.295000000000002,4.339690121206649,4.168185302730045,5.15900198889428,4.721645539275065,2.44625,3.0424999999999978,2.983332236225485,2.583265057810206,3.9343673859771666,3.0969971782398704,4.359375,5.29958333333333,5.435909785086839,5.089528556691784,5.078097980005628,4.586845026169972,6.1509374999999995,6.451249999999991,6.606016730511202,6.595705141263136,6.865773944273267,5.557738871372879
2014-11-30,POMKH,2.135125,2.5703750000000003,18.59875,4.4,0.63,3.93375,2.65,2.75,6.03125,2.18678125,2.296781250000003,2.3684343575531495,2.323199682151183,2.045085168186847,2.033090198191198,3.55121875,4.2328437500000025,3.836284055569845,3.694875942528339,3.87128439524876,4.404591398912668,19.233645833333334,18.478020833333325,19.30815399057713,18.360898353876962,18.31262398985381,20.22011760995968,4.24375,4.557499999999997,4.548099650050634,4.506905175760857,4.503211876134559,4.392186305721329,4.71875,5.082500000000005,4.1266876739229605,4.4568663767877315,6.332296907983523,5.909365338749586,4.0553125,4.263437500000002,4.1773140727239895,4.0474398068085105,4.085518032539039,4.049070405192303,2.14625,2.642499999999998,2.849999341735291,2.648596452429859,2.096771182049827,2.0493834810346234,4.090624999999999,4.60208333333333,4.361545871052103,4.464049284472883,5.630077807154606,5.567833992218118,6.2796875,6.221562499999992,6.376110038306721,6.422377045316847,5.982102233968086,6.469159371897585
2015-02-28,POMRB,1.53,2.204,16.2675,3.675,5.42,3.33,0.83,2.723333333333333,6.75,2.09378125,2.238781250000003,2.0330606145318897,2.256351145292057,1.763670398202208,1.7393088242011066,2.8961562499999998,3.8857187500000028,3.1833704333419073,3.2108174132703398,3.268071895503491,3.7027232652363518,17.94833333333333,19.566562499999993,18.091892394346274,17.722605996735396,16.85399046668344,17.155614170605368,4.0675,4.314999999999998,4.19885979003038,4.091247709178004,3.735042955828174,3.3060903836435314,4.55625,4.800000000000005,4.644012604353776,4.754435681305386,3.3938657493263116,1.1423575634834267,3.9428125,4.108437500000002,3.8383884436343934,3.761388833004543,3.313384484393571,4.107599257192085,1.895,2.249999999999998,2.0419996050411746,2.5368644242734537,1.5920893614372467,1.6619742205339672,3.700833333333333,4.116666666666664,3.706260855964595,4.001229144953761,3.7108971668878725,3.3075792200187535,6.4790624999999995,6.080312499999993,6.525666022984033,6.5035763999662795,5.421127023044536,5.505647607855123
2015-05-31,PREMON,2.024,2.43,16.27,3.655,5.65,4.095,1.34,3.515,5.484999999999999,1.952140625,2.1347812500000027,2.029436368719134,2.2516302908162262,2.3019020122821594,2.3281551457828997,2.496046875,3.216718750000003,2.882022260005144,2.9447354778219625,4.102272611166065,3.541078363026413,16.77317708333333,18.900729166666657,17.363135436607763,17.259137511833686,18.84320306990331,17.552813952706316,3.8175,4.172499999999998,3.981315874018228,3.8656157192927854,4.253113906835255,4.365490722196095,5.1525,4.6375000000000055,5.0464075626122655,5.029670042771306,4.667505010053103,5.1215690434974785,3.82609375,4.002187500000002,3.9410330661806356,3.840313880632743,3.876993756062501,3.3996538937814766,1.71,2.0424999999999978,1.7611997630247047,2.4688741044525875,2.4464911626634467,2.1051991581653344,3.6314583333333332,4.0645833333333306,3.6297565135787573,3.8823830145408302,3.5122376491903697,3.2708566533870367,6.368906249999999,6.479062499999992,6.109399613790419,6.201019988517263,7.153048964610489,6.781977811525446
2015-08-31,MONSOON,2.522,3.0980000000000003,16.8475,4.12,6.2,4.175,2.17,4.36,7.65,1.9239375,2.052781250000003,2.22646182123148,2.309717360657487,2.7739544828633242,2.62782086657116,2.654390625,2.5755937500000035,2.9684133560030865,2.9617503589534406,3.356653486451259,3.4467757954404012,16.642682291666667,16.99593749999999,17.156881261964656,17.077304453216872,19.913139790602152,20.47875048619405,3.8309375,3.9624999999999977,4.036789524410937,3.9694618299650406,4.5244650659146615,4.554744088989183,5.953333333333333,4.475000000000005,5.50784453756736,5.392177320971394,5.996513742480641,5.683294431715545,3.8282812499999994,3.8834375000000017,4.034619839708381,3.9188529485664527,5.000199338269161,4.472829202698699,1.9278125000000002,1.7474999999999978,1.9247198578148228,2.475930938886016,2.8924736892641865,2.6402419285489556,4.155364583333334,3.3370833333333305,3.9218539081472543,4.028715368765081,4.484174876821997,4.301771601511913,6.295156249999999,6.479062499999992,6.725639768274252,6.60217118601382,7.062924175467535,7.037226613360887
2015-11-30,POMKH,1.3299999999999998,1.934,16.816666666666666,3.24,6.05,3.475,2.35,5.105,5.15,2.037625,1.8515000000000028,1.8678770927388881,2.2085110761080493,1.926425802825905,1.861769392233491,2.96753125,2.416500000000003,2.554648013601852,2.6239754166358087,2.331102785536799,2.3802097423748436,16.109114583333334,16.550416666666656,17.02079542384546,16.936797488841307,17.502463451047664,16.98528932741572,3.992083333333333,3.672499999999997,3.7180737146465623,3.604911857625351,3.740191675583667,3.7917127518861182,6.076666666666666,5.830000000000005,5.724706722540416,5.589804801629954,5.386757466683025,4.852753201396398,3.9040625,3.7687500000000016,3.810771903825029,3.728323427646009,3.808885552045762,4.064653936274001,2.400625,1.6724999999999977,2.0948319146888936,2.4971985264473955,1.1348741363970198,1.4970284087198356,4.5226041666666665,3.9258333333333306,4.395112344888353,4.340590190198562,4.091631331155829,4.014729157040287,6.4103125,6.258749999999992,6.095383860964551,6.175874480645817,6.100603373507082,6.252987668080376
2016-02-29,POMRB,2.1095,4.107125,17.005625000000002,4.9425,6.406666666666666,3.80625,2.8725,4.559583333333333,7.041249999999999,2.1283125,1.996375000000003,1.964526255643333,2.2084941581990125,1.5240650224049186,1.3801728275672251,3.11578125,2.892281250000003,3.1756388081611115,3.043473127083302,2.0519257439924754,2.149623186543117,16.36026041666667,16.73494791666666,17.014727254307275,16.885402301699312,15.832725581936561,15.73575049242784,4.066666666666666,3.9893749999999972,4.207844228787938,4.225106103297098,2.7110507185477792,2.661190437646538,6.268541666666667,6.0766666666666715,5.997490700190916,5.837855786838479,4.904041219027433,6.5193088580637815,3.9503125,3.8878125000000012,3.8089631422950174,3.7194462060982763,2.968886550941641,3.500425067531258,2.765625,2.1831249999999978,2.405899148813336,2.565193449166145,0.7927478758327172,1.2604860924651984,4.831979166666667,4.3848958333333306,4.460900740266345,4.417383279566459,3.7602439122407905,3.814909899136068,6.387812500000001,6.3315624999999915,6.47373031657873,6.410774072002808,5.140797748764791,5.132004832225354
2016-05-31,PREMON,2.354,3.032,11.263333333333335,3.6766666666666654,5.65,4.225,3.08,4.616666666666666,6.115,2.3630625000000003,2.0788750000000027,2.120315753386,2.239085194051795,2.2066119843123806,2.2304935774549497,3.4367812499999997,3.042781250000003,3.118183284896667,3.010049821233654,4.004456914131044,2.9373832437973366,18.101822916666666,15.483281249999994,14.7141696859177,15.304995057763326,18.204082582803682,15.813706327818139,4.380416666666667,3.994791666666664,3.9953732039394287,3.9455199840948865,4.735534331209626,4.7487350052523905,6.732291666666667,6.0766666666666715,5.85849442011455,5.763782780402794,5.97571985074985,6.038207436976392,4.1684375,3.9203125000000014,3.9753778853770103,3.8580315860090675,3.8383446526511165,4.661306681284885,2.9943750000000002,2.618124999999998,2.675539489288002,2.6502169293752917,3.044925982884916,3.1118216152863054,5.071770833333333,4.660312499999997,4.5232071108264735,4.489035369498212,4.290304538159181,4.267749508384989,6.5521875,6.489062499999992,6.330238189947238,6.314357226638165,7.100739607035131,7.139034656455731
2016-08-31,MONSOON,2.9175,3.682,23.86333333333333,4.695,7.7349999999999985,4.415,3.35,5.7333333333333325,6.84,2.6049375,2.1777500000000027,2.4391894520316,2.3418443209500484,2.7535948364691896,2.97722630964631,3.756640625,3.188781250000003,3.343709970938,3.1821666083505846,3.5097378136174586,3.0804917916325523,19.849036458333334,17.237239583333327,18.37383514488395,17.54158480964243,18.325376072995763,19.119500072178884,4.768229166666667,4.138541666666664,4.275223922363658,4.2844884750764844,4.7039888523592905,4.839455804974392,7.109583333333333,6.460416666666672,6.609096652068729,6.380836164434812,6.800041953692833,5.5948286857499925,4.41890625,3.980312500000001,4.151226731226206,4.013008247690103,5.024396729927805,3.893601263297656,3.2303125,2.9131249999999977,2.945323693572801,2.7580652813214996,4.121332751694926,3.539619524859694,5.25578125,5.00364583333333,5.007257599829217,4.8489568708717465,5.394209557533316,5.139363292927355,6.90953125,6.286562499999993,6.534142913968343,6.452187183190354,7.282808315697501,7.262505005209036
2016-11-30,POMKH,2.8125,3.918,23.73333333333333,5.175000000000002,8.225,4.98,3.0,5.65,7.275,2.74125,2.5483750000000027,2.5885136712189603,2.4278105803581878,1.9793350317768328,2.2322013197842923,4.099,3.6847812500000034,3.5734259825628,3.37177019331731,2.638680292937378,3.22576376643303,21.186249999999998,18.966406249999995,20.517634420263704,19.133009177762528,17.78342504619596,15.855745670825799,5.218958333333334,4.622291666666664,4.635134353418195,4.68903087164653,4.179699050796815,4.200134645875047,7.446249999999999,7.004166666666671,7.255457991241237,6.9557547200991445,6.472474831938208,5.731826074025002,4.188125,4.356562500000001,4.482736038735724,4.307810059718621,3.913501026523439,3.8723219805986684,3.49,3.075624999999998,2.967194216143681,2.8296250477948885,2.594634253380271,2.4306894820134644,5.5175,5.1398958333333296,5.26435455989753,5.0880839549341115,5.190604646295972,4.984519750343903,7.336874999999999,6.817812499999993,6.8304857483810055,6.674435397550401,5.909636118691456,5.637418416966046
2017-02-28,POMRB,2.562,4.682,24.066666666666666,6.109999999999999,7.25,4.305,4.11,5.486666666666667,7.775,2.8653125,2.6615000000000024,2.577908202731376,2.4770694341473454,1.828848913885304,1.7969060707630389,4.645812500000001,3.8285000000000036,4.0168555895376805,3.731979649350579,2.9605392750585136,4.280547998818249,21.22003472222222,20.731666666666662,21.937247318824888,20.379799690855062,17.554980854799183,17.92034843654182,5.7406250000000005,4.914166666666664,5.225080612050917,5.344074659534045,4.133685589803739,3.7663710283778746,7.735625000000001,7.215000000000003,7.253274794744742,7.033292025709699,6.4099849690387485,8.842797835979585,3.588125,4.481250000000001,4.411641623241435,4.265553703466247,3.5953503923666656,4.273668513599141,3.7325,3.3849999999999976,3.424316529686209,3.0033005388107092,1.9553802733188834,2.0801531762584027,5.772916666666667,5.3716666666666635,5.353279402605185,5.217201734752962,4.6333004002768465,4.446467894840277,7.728125,7.0012499999999935,7.208291449028604,6.975408798335213,5.8737386641479095,6.4237909548549395
2017-05-31,PREMON,2.992,5.1960000000000015,14.9,6.115,7.5,1.88,3.92,5.783333333333334,8.8,2.9415625000000003,2.8210000000000024,2.7435449216388257,2.5791747112364223,2.537421467554113,2.844452819435522,5.039625000000001,4.369500000000004,4.488513353722609,4.134819575749103,4.793417504888934,3.9319763467541144,19.40381944444444,21.64083333333333,19.122348391294935,18.82320249165842,21.085937173768052,19.06858232670178,6.056875,5.523749999999997,5.58104836723055,5.687040434162948,5.990445134154276,5.85969218397369,7.686875,7.677500000000004,7.3519648768468455,7.165835714954592,7.226039975043346,6.756830677674412,3.1606250000000005,3.895000000000001,3.398984973944861,3.402513175595207,4.417216380355778,4.23351272748448,3.9762500000000003,3.5949999999999975,3.6225899178117253,3.155913242638216,3.9757341082042394,3.830426317402682,5.956666666666667,5.66333333333333,5.525300974896445,5.392983747899537,5.185393808590793,4.9471564738366585,7.545000000000001,7.672499999999994,7.844974869417163,7.482125214290632,7.834003259847032,7.514180168063765
2017-08-31,MONSOON,3.272,5.8925,20.49694444444444,6.43,8.2,1.96,4.45,6.61,7.285,2.97625,2.9096250000000023,2.9549269529832953,2.7138606480859777,3.1385271569393396,3.3304955801901412,5.315625000000001,4.922125000000004,5.050108012233565,4.621868553374043,4.791681660264414,4.453821503351987,16.971944444444443,20.799236111111107,19.672186812554735,19.195286151905734,21.371177955294947,20.087217391811915,6.0600000000000005,5.957499999999997,5.92062902033833,6.0151841315007655,6.736874223528082,6.498355547646904,7.58,7.793750000000003,7.6911789261081065,7.479660662736569,8.281708198872776,7.515313436608598,2.956875,3.281250000000001,2.8233909843669167,2.872754045729968,4.513697944370074,2.9138486413052114,4.0875,3.869999999999998,3.953553950687035,3.3554892362982343,4.899598704101335,3.9730854863384844,6.015416666666667,5.882499999999997,5.959180584937867,5.748810378622246,6.40005128128529,5.964854628445672,7.124999999999999,7.783749999999995,7.620984921650297,7.411790502288192,8.794677586438901,8.389109593972929
2017-11-30,POMKH,3.068,4.8580000000000005,12.57,5.97,7.37,4.015,3.85,6.243333333333332,5.365,2.9391250000000007,2.9735000000000023,3.0001561717899774,2.816020314563034,2.3589055874962215,2.3493507079346436,5.338875,5.157125000000004,4.973264807340139,4.647246008260508,4.253532878609559,4.88772074119282,15.708194444444443,18.00840277777777,16.83131208753284,17.335768510482154,19.436481181177474,16.729944992576655,5.853125,6.1562499999999964,5.940377412202998,5.967016710654466,6.016756442479704,5.541836328766487,7.64375,7.580000000000002,7.562707355664864,7.4266870930541655,7.561928853746942,7.765791004320716,3.0203125,3.040000000000001,3.30003459062015,3.2388841804101633,2.678265233412073,3.026857600803449,4.04,4.082499999999998,3.912132370412221,3.4937248137347106,3.6915872094005966,3.2382272281257682,5.927083333333334,6.03083333333333,6.072841684296053,5.906871097854679,6.143767264012972,5.740744606673957,6.7759374999999995,7.306249999999995,6.718590952990178,6.814523303182294,6.995899570656504,6.362372257910401
2018-02-28,POMRB,2.5840000000000005,5.95,15.775,5.34,7.25,3.64,4.15,5.363333333333333,6.3249999999999975,3.08775,2.9790000000000023,2.833693703073987,2.847516826089798,2.1865599074520374,2.046056261448569,5.045187500000001,5.474125000000004,5.3639588844040835,4.992647242064598,4.333441686474984,4.580855853889359,15.51628472222222,15.935486111111107,16.408787252519705,16.844831527137814,16.424281395956537,16.838313467413148,5.725,5.9637499999999966,5.700226447321798,5.64233250017587,5.285700971109811,5.056665140441265,7.678437499999999,7.580000000000002,7.437624413398919,7.352390270041424,6.749302301605082,6.901785657756311,3.46625,2.873750000000001,3.43602075437209,3.346081951386512,2.460817016873044,4.030644860601365,4.025,4.092499999999998,4.007279422247333,3.6551971549958586,3.1577754883279034,3.1250518888092884,5.859166666666666,5.9999999999999964,5.789038343910965,5.779448887072886,5.43972040784177,5.076026844409629,6.547499999999999,6.943749999999994,6.561154571794106,6.662132958242183,5.764703625899163,5.50819864246979
2018-05-31,PREMON,2.673,4.114000000000001,13.081666666666667,5.23,8.01,3.0525,3.5,5.2,7.4575,3.0115000000000003,2.899250000000002,2.7694162218443923,2.8841140740294158,2.835984700850344,2.951713042262339,4.828,5.203625000000004,4.86397533064245,4.679638970950445,6.128709988696279,5.24164416930477,16.249375,15.480902777777773,15.077939018178489,15.76410544860755,18.399855633938092,15.361737029201363,5.6578125,5.742499999999996,5.512135868393079,5.421196054407731,5.878939627531692,5.244716123349889,7.702812499999999,7.707500000000001,7.666574648039351,7.545263793483453,7.434454555693415,6.708337474200128,3.8259375,3.166875000000001,3.2826124526232543,3.212831535066319,3.457652965392532,2.6018759291420865,4.0093749999999995,3.9874999999999976,3.8043676533483994,3.748515359861041,4.2960963718219665,3.860230791600517,5.827083333333333,5.8541666666666625,5.553423006346579,5.641647226064993,5.612649479055,5.204657575155878,6.606249999999999,6.608124999999993,6.919692743076464,6.876163023967576,7.190017451295059,7.241639384247922
2018-08-31,MONSOON,4.78,4.625,20.78,6.29,7.9674999999999985,4.355,4.75,6.65,6.8,,3.2762500000000023,3.5736497331066355,3.1954937499518565,3.3282840568024072,3.2375224496715402,,4.886750000000005,4.76838519838547,4.617138026349772,5.260319188289101,4.792047863930784,,15.551666666666662,17.358763410907095,17.04689608396969,18.873573749884155,16.702862385835246,,5.707499999999996,5.823281521035847,5.810372687228542,6.1168782757871885,5.765772573229764,,7.649375000000002,7.78694478882361,7.662351722778796,8.606469211196448,8.163033156515699,,3.765625000000001,3.711567471573953,3.5756755154839706,4.348640460466614,3.2157731819883546,,4.062499999999997,4.18262059200904,3.954597746345408,4.791987980502583,3.8248174137585274,,5.864166666666662,5.992053803807947,5.940909626453092,6.4151768814586285,5.88168292537717,,6.486874999999993,6.871815645845878,6.841443791262166,7.872033685236141,7.51112656586098
2018-11-30,POMKH,0.95,4.388,18.151666666666664,5.572500000000002,7.7974999999999985,4.4975000000000005,3.425,5.946666666666666,6.32,,2.7467500000000022,2.5241898398639813,,2.780919188426549,2.6901639282171805,,4.769250000000004,4.616231119031282,,4.099725169615496,4.243480060269782,,16.94708333333333,17.67592471321092,,17.54284404334438,17.73881492252924,,5.608124999999997,5.722968912621509,,5.712306828023993,5.544138936102804,,7.7562500000000005,7.7911668732941655,,7.671708218255565,7.539278345255914,,3.8862500000000004,4.025940482944372,,3.4672041647446425,4.8981019276117745,,3.9562499999999976,3.879572355205424,,3.8712236430414535,3.5732333500343203,,5.789999999999996,5.973898948951435,,6.169036936707849,5.803434581059335,,6.725624999999992,6.651089387507527,,6.24784481772595,5.719889842177707
