Date,Season,Holenarsipur,Hassan,Arsikere,Arkalgud,Sakleshpur,Belur,Channarayapatna,Alur,Holenarsipur_Trend,Holenarsipur_SMA,Holenarsipur_EWMA,Holenarsipur_DES,Holenarsipur_TES,Holenarsipur_ARIMA,Hassan_Trend,Hassan_SMA,Hassan_EWMA,Hassan_DES,Hassan_TES,Hassan_ARIMA,Arsikere_Trend,Arsikere_SMA,Arsikere_EWMA,Arsikere_DES,Arsikere_TES,Arsikere_ARIMA,Arkalgud_Trend,Arkalgud_SMA,Arkalgud_EWMA,Arkalgud_DES,Arkalgud_TES,Arkalgud_ARIMA,Sakleshpur_Trend,Sakleshpur_SMA,Sakleshpur_EWMA,Sakleshpur_DES,Sakleshpur_TES,Sakleshpur_ARIMA,Belur_Trend,Belur_SMA,Belur_EWMA,Belur_DES,Belur_TES,Belur_ARIMA,Channarayapatna_Trend,Channarayapatna_SMA,Channarayapatna_EWMA,Channarayapatna_DES,Channarayapatna_TES,Channarayapatna_ARIMA,Alur_Trend,Alur_SMA,Alur_EWMA,Alur_DES,Alur_TES,Alur_ARIMA
1996-02-29,POMRB,6.326666666666667,11.558571428571426,8.695555555555558,8.41,8.47,7.2,8.488333333333333,7.09,,,6.326666666666667,6.348250172738503,6.105677130979709,0.0,,,11.558571428571426,11.523487158544565,11.324229213243312,0.0,,,8.695555555555558,8.637199760346874,8.397916737141063,0.0,,,8.41,5.942558197913756,8.238050262433788,0.0,,,8.47,8.177197332946005,8.619800321813843,0.0,,,7.2,7.15836430913199,7.21,0.0,,,8.488333333333333,7.242998195997559,6.742861931193235,0.0,,,7.09,7.15579610612687,7.193841619397811,0.0
1996-05-31,PREMON,6.02,13.26,9.54,12.212,9.99,9.56,9.335,9.423333333333334,,,6.204000000000001,6.174473443825015,6.985320548749422,6.326662909500407,,,12.239142857142856,11.71683527751904,13.277053079192067,11.090467052779102,,,9.033333333333335,8.899916090113633,9.796367882741805,5.997808871044315,,,9.930800000000001,6.451149916705919,10.732600135475515,3.236669496690286,,,9.078,8.84192257712069,9.60600841121898,8.469993525286807,,,8.144,7.528847196967592,9.577451523545706,7.199986305977296,,,8.827,7.271254822073328,8.728948061891025,8.48831715209394,,,8.023333333333333,7.78792179372415,9.17041666153062,5.886035782745077
1996-08-31,MONSOON,6.846666666666668,11.432857142857141,8.724285714285713,7.17,7.47,6.6000000000000005,7.4525,6.683333333333334,6.3374999999999995,,6.461066666666667,6.287171127391867,6.178846846938816,6.112009153923749,11.249285714285712,,11.91662857142857,11.399945462534108,11.753424100519979,12.394774159177992,8.4147123015873,,8.909714285714287,8.795510562295602,9.061965858585717,6.991163043509493,8.5335,,8.82648,6.175464806800248,7.322892095512266,5.061516113462968,8.52375,,8.4348,8.270959284675689,7.661222803250153,9.353962093845796,7.183333333333334,,7.526400000000001,7.109038318972226,6.62256083056453,9.55999102279246,7.404583333333333,,8.2772,7.299603369142313,7.880638095737566,9.095387660291479,7.095000000000001,,7.487333333333334,7.499224022612297,6.28463449727861,7.647709364221204
1996-11-30,POMKH,6.173333333333333,8.805,7.212499999999999,6.314,8.06,5.763333333333333,4.583333333333333,5.43,6.4870833333333335,6.341666666666667,6.345973333333333,6.175093111161998,5.445637646490477,6.622767598397894,11.288714285714285,11.26410714285714,10.671977142857141,10.475148301606843,10.694139320196296,11.30988499925127,8.322380952380952,8.543085317460317,8.230828571428571,8.21425441846532,7.44687346207698,7.295604703680234,8.36975,8.5265,7.821488,5.8381307270110465,6.898433771355689,4.654255067876067,8.51625,8.4975,8.28488,8.072937996424374,7.808643469682747,8.425660425947532,6.85875,7.280833333333334,6.821173333333332,6.5906531167306595,5.7889279013253745,6.600018024948382,7.239375000000001,7.464791666666667,6.7996533333333335,7.328034777652085,6.230633175404624,7.8408940879438305,6.859166666666667,7.156666666666667,6.6644000000000005,6.94631314504606,5.913273585394858,6.301202299087124
1997-02-28,POMRB,6.293333333333332,11.44,7.668571428571428,8.466000000000001,8.68,6.419999999999999,8.006666666666666,6.596666666666668,6.609166666666667,6.333333333333333,6.3249173333333335,6.130380154415405,6.352974327152099,6.158805821760871,10.975107142857143,11.234464285714283,10.979186285714285,10.469650353868305,10.721620825796121,10.418195088186213,8.350636904761904,8.286339285714284,8.005925714285713,7.987782795519662,8.140166279672659,7.942343811817841,7.896999999999999,8.540500000000002,8.079292800000001,5.9231276482481725,8.453101081541728,7.8414629068778146,8.43875,8.55,8.442928,8.222522706435377,8.764755959898391,8.105470537588419,6.526249999999999,7.085833333333334,6.660703999999999,6.356768912831534,7.226854238570901,9.363335854015336,7.133125,7.344375,7.282458666666667,7.356609427252719,6.940917038228568,7.037302726659138,6.482916666666666,7.033333333333334,6.637306666666667,6.862572534139044,7.336477664218091,6.46244269533897
1997-05-31,PREMON,7.25,13.694,9.828333333333333,10.845999999999998,9.72,7.743333333333332,8.495000000000001,8.03,6.590833333333333,6.640833333333332,6.6949504,6.37077089449456,7.126044041450285,6.432117339767986,10.909125,11.342964285714285,12.065111771428572,11.082012253993108,12.75692115452137,11.389392271486425,8.068372023809523,8.358422619047618,8.734888761904761,8.571850870756824,9.165074086162814,8.269759160075939,7.56075,8.199000000000002,9.185975679999999,6.439714852486191,10.910229600125508,11.309720235524985,8.2425,8.4825,8.9537568,8.854068249763117,9.782998525403876,9.666069375028364,6.19625,6.631666666666668,7.0937557333333325,6.504429746280899,9.3878775911965,8.780008397663401,7.338541666666666,7.134375,7.767475200000001,7.385299862525375,8.823030962904964,8.503865074680974,6.304166666666667,6.6850000000000005,7.1943839999999994,7.193440253358236,8.91148160648927,8.495931209371534
1997-08-31,MONSOON,6.593333333333334,8.489999999999998,8.662,4.754,7.12,5.756666666666668,7.442500000000001,5.066666666666666,6.374583333333334,6.5775,6.654303573333333,6.353219023139968,6.733239628144318,6.763390822270145,10.688916666666668,10.607249999999997,10.635067062857143,10.194744173678002,11.476920918925053,11.99394393266645,7.433446428571429,8.342851190476189,8.705733257142857,8.559249065153814,8.877247142517827,8.564045440047924,6.927,7.595000000000001,7.4131854079999995,5.962877511176162,7.137337577192096,6.440311050349374,7.8475,8.395,8.22025408,8.191115484162426,7.61806940759623,7.770643722411179,5.527500000000001,6.420833333333334,6.558920106666666,6.146846537219428,5.979656996348394,5.259023028432905,7.2348750000000015,7.131875000000001,7.637485120000001,7.414091827601657,7.831840977922262,7.293332176478195,6.236666666666666,6.280833333333334,6.343297066666667,6.62427436530761,5.309404631922907,5.695950202447009
1997-11-30,POMKH,6.28,11.22,5.016666666666667,6.04,6.84,3.966666666666667,6.236666666666667,5.616666666666667,5.983750000000001,6.604166666666666,6.5045821440000005,6.251845018011971,5.693284174707652,6.557581321724513,9.554083333333335,11.210999999999997,10.869040237714286,10.241251287008373,9.577005073107328,9.708318595237287,6.808,7.793892857142856,7.23010662095238,7.314505782436632,7.321608763633928,7.206836343772405,6.136,7.5265,6.8639112448,5.7554112177405745,6.188101715830308,5.214234971690722,7.420000000000001,8.09,7.668152448000001,7.517058095956544,7.614367518260284,7.910892810333857,4.7716666666666665,5.9716666666666685,5.522018730666666,5.4474921883575975,4.984161225678342,4.630748504294609,6.447250000000001,7.545208333333334,7.077157738666668,7.442984253867215,6.187770576803435,6.95543066418409,6.305833333333334,6.327500000000001,6.052644906666667,6.360105135855079,4.5330203137539415,4.196868585191874
1998-02-28,POMRB,4.456666666666666,7.2633333333333345,4.785,3.67,6.74,2.8666666666666667,5.524,5.87,5.680833333333334,6.145,5.685415953066666,5.662471069170455,6.547081612908078,6.453354405065266,8.872833333333332,10.166833333333331,9.426757475961905,9.246455657445278,10.58556808975991,11.84580946206978,6.315607142857143,7.0729999999999995,6.2520639725714275,6.419663472365867,7.009424115119818,6.658819942331484,6.214312499999999,6.327500000000001,5.586346746879999,5.20734790059756,7.845428904491907,8.055754874832353,7.192500000000001,7.605,7.2968914688,6.96722294377958,8.065308898399248,7.771259161218986,4.297916666666667,5.083333333333336,4.459877905066667,4.654324377527864,6.049559205711571,4.814697844082989,5.850395833333334,6.924541666666666,6.455894643200001,7.471982238931583,7.157509469186326,7.475611756966928,6.52625,6.145833333333334,5.979586944,6.2369647478979555,6.945627001123507,6.3650880970262484
1998-05-31,PREMON,5.960000000000001,8.792,7.708333333333332,9.313999999999998,8.24,5.25,4.676666666666667,9.31,5.071041666666666,5.8225,5.7952495718399994,5.675202926097735,6.548934092353169,5.6140098736051955,8.301083333333333,8.941333333333331,9.172854485577144,8.89263690074138,11.385548885542796,8.074990401575043,6.080714285714285,6.542999999999999,6.834571716876189,6.824435557090615,7.183150126467887,7.330355096855447,6.473625,5.9445000000000014,7.0774080481279995,5.650537828840423,9.317130800715443,9.430815341944124,7.0975,7.235000000000001,7.6741348812800005,7.2583043080428125,8.472576703278296,8.273745449809011,4.024166666666666,4.460000000000003,4.775926743039999,4.624053141016345,7.441341842505189,5.642592096158515,5.9040625,5.9699583333333335,5.744203452586667,7.501084908008869,8.626736924926702,7.757319580657333,6.498958333333335,6.465833333333334,7.3117521664,7.08773733187476,8.308586138500583,7.075217315471066
1998-08-31,MONSOON,5.46,7.941999999999997,6.8428571428571425,6.9125,6.78,4.46,6.4860000000000015,5.5500000000000025,4.895,5.539166666666667,5.661149743104,5.5420833078246305,5.885398860794446,6.272168543331077,8.112416666666665,8.804333333333332,8.680512691346285,8.410093568259553,8.892080580461034,10.735233879879443,6.533214285714285,6.088214285714285,6.83788588726857,6.796306568619012,6.828272832749473,7.466896256915399,7.074583333333332,6.484125000000002,7.011444828876799,5.701373985806383,5.558614051439553,5.175709355386542,7.2225,7.150000000000001,7.316480928768,6.907057680888389,6.22412999953636,6.091914037935397,4.347083333333334,4.135833333333336,4.649556045823999,4.419044863375621,3.624974968820845,3.0138635645962686,6.4522916666666665,5.730833333333333,6.040922071552001,7.530318024189476,7.081509346323745,6.108597787136638,6.645625,6.586666666666669,6.60705129984,6.679427110534761,5.895428678325525,6.044877270971669
1998-11-30,POMKH,2.535,7.194,4.956666666666666,5.956,6.42,3.0733333333333337,7.6225,4.915,4.953333333333333,4.602916666666666,4.410689845862399,4.61735398804686,4.737023271761445,5.197281040458452,8.357999999999999,7.797833333333333,8.085907614807772,7.856019310111203,7.376902351575001,7.612427938957008,6.817797619047619,6.073214285714285,6.085398199027808,6.138073810884743,5.384241640727487,5.345754322304681,7.3432916666666666,6.4631250000000025,6.589266897326079,5.611469623408282,5.488669334537438,6.554419791177324,7.4675,7.045000000000001,6.9578885572608,6.5088030671681825,6.739495340267675,6.469564998617724,4.771249999999999,3.9125000000000028,4.019066960827733,3.9376446401336755,2.605859318019564,2.231448971716963,6.972395833333333,6.077291666666666,6.673553242931201,7.559675673060899,5.405902836014713,6.508778165652398,6.9731250000000005,6.411250000000002,5.930230779904,6.208445934782643,5.054202210945714,5.68877710030104
1999-02-28,POMRB,6.793333333333332,9.78,8.465,8.561666666666667,8.16,6.343333333333334,8.524,7.744999999999999,4.548333333333334,5.187083333333333,5.363747240850772,5.177091276424203,4.531754705742144,4.089494110664174,8.602500000000001,8.427,8.763544568884662,8.12451669892024,7.647531232095844,9.266713546894263,6.909523809523809,6.993214285714285,7.037238919416685,6.8964359020787755,5.9837149308883095,6.012062551894583,6.881657738095238,7.686041666666668,7.378226805062313,5.979303812144364,7.2907949828814855,6.544174177726699,7.48875,7.4,7.43873313435648,7.025991930841763,7.414462162147549,6.550702231942334,4.847916666666667,4.78166666666667,4.948773509829973,4.360604768814037,3.8032009972792196,2.300162575722183,7.387999999999999,6.827291666666666,7.41373194575872,7.5891560960155955,6.707219546543548,7.138587853465045,7.138333333333334,6.880000000000002,6.6561384679424,6.63911297453377,6.6946637907181135,5.125239913552123
1999-05-31,PREMON,4.09,8.24,6.3050000000000015,6.572,8.78,5.166666666666667,5.8375,10.055,4.346458333333333,4.719583333333333,4.854248344510463,4.802546117989322,6.186342806582829,6.070748354280555,8.768156249999999,8.289,8.554126741330798,7.941616994529725,9.89307520843232,8.522306854189246,7.162916666666666,6.642380952380953,6.744343351650011,6.661083508978923,8.44255454179136,9.588904124610481,6.566845238095239,7.000541666666669,7.055736083037388,6.01243485053835,10.0438983947143,11.104221863193194,7.50125,7.535,7.975239880613888,7.793115368493091,8.8416260550649,8.58789859580152,4.93375,4.760833333333337,5.035930772564651,4.410797108648835,6.473117479303697,6.005911094591298,7.332145833333333,7.117499999999999,6.783239167455232,7.618725525622415,8.70421331572015,7.916010978680952,7.234791666666666,7.06625,8.01568308076544,7.5843034015889454,9.400023074313246,9.952616303891759
1999-08-31,MONSOON,4.09,10.45,8.979999999999997,5.961428571428572,6.41,5.156666666666667,8.65,6.126666666666666,3.816041666666667,4.377083333333332,4.548549006706278,4.539175808176915,4.95034623387103,4.110748739226153,8.277991071428572,8.916,9.312476044798478,8.399567954086384,7.636153858825156,8.759141635649925,6.761197916666666,7.176666666666666,7.638606010990006,7.414094133416833,6.794639791236208,6.415835989054523,6.0172083333333335,6.762773809523811,6.6180130783938615,5.9501756801758505,5.4692526168251545,4.755865969924801,7.505,7.442499999999999,7.349143928368332,7.3337768617513275,6.677372881596761,6.868437875525984,4.630833333333333,4.935000000000003,5.084225130205457,4.453758952360015,2.955752985765282,3.806443895792011,6.496291666666666,7.658499999999999,7.52994350047314,7.6484367920403304,7.324699144547519,6.195643405480751,7.345416666666665,7.210416666666665,7.26007651512593,7.198738824615547,6.76811441979483,6.206209015533254
1999-11-30,POMKH,2.29,6.01125,4.846666666666667,4.388571428571429,6.89,3.063333333333334,5.011666666666666,5.109999999999999,3.4225000000000003,4.315833333333332,3.6451294040237663,3.842520358099362,3.6367927775332483,4.71174727228935,7.770919642857144,8.6203125,7.991985626879087,7.595404815136488,7.259529292870518,9.479084309710448,6.809568452380951,7.149166666666665,6.5218302732606706,6.5058873038408835,6.40474716400372,6.401087524720651,6.199857142857143,6.370916666666668,5.726236418464889,5.635685534436015,5.1965654185554495,5.98361603884395,7.42,7.559999999999999,7.165486357020999,7.143218241248778,6.787289484751665,6.610447267023583,4.519583333333333,4.932500000000003,4.2758684114566075,3.9889263142148046,2.3971009812280797,2.944466003180265,6.511104166666668,7.005791666666666,6.522632766950551,7.678228878277263,5.942905311356808,7.639914554035563,7.572291666666666,7.259166666666665,6.400045909075558,6.639980256406487,5.739972184764968,5.189230259058713
2000-02-29,POMRB,2.795,7.041428571428571,5.36125,5.732,7.72,3.93,4.448,8.434999999999999,3.461666666666667,3.3162499999999993,3.3050776424142594,3.4961436070954823,3.756310973867361,2.826977588616566,7.372627976190476,7.9356696428571425,7.611762804698881,7.255649702066469,7.3059055990234425,7.123534336434366,7.044866071428572,6.373229166666666,6.057598163956403,6.08485902650432,6.4552418766165385,6.597787509156651,6.681535714285715,5.663500000000001,5.728541851078933,5.568581482442205,6.698633641936288,6.534623285416716,7.449999999999999,7.449999999999998,7.387291814212599,7.366740874056322,7.670193520367012,7.5495616055197035,4.527916666666667,4.329166666666669,4.137521046873964,3.8447987035412425,3.8182479166215604,3.9120662189256312,6.36125,5.986791666666665,5.692779660170331,7.7081314441281235,6.762719963421798,6.142614522891096,7.867499999999999,7.431666666666667,7.214027545445335,7.142045043869214,7.070546144533531,7.3215004764468326
2000-05-31,PREMON,4.94,6.9220000000000015,9.795714285714286,10.862857142857145,8.54,6.69,10.032,11.18,3.6279166666666667,3.5287499999999996,3.9590465854485557,3.8620708568299826,4.186957826161609,4.164999413586768,7.5149300595238095,7.606169642857143,7.335857682819329,6.973797138125354,8.880966646109306,8.527215562042507,7.197713293650794,7.245907738095237,7.552844612659555,7.312911227131792,7.1779108790223765,6.995193109226643,6.608285714285715,6.736214285714287,7.782267967790219,6.386287302924042,8.925298473162307,9.005400277893475,7.5024999999999995,7.389999999999997,7.848375088527559,7.9379877014495595,8.754708351834216,8.601488751839304,4.5575,4.710000000000003,5.158512628124378,4.408352817577157,6.050666880654209,5.078509563666065,5.7048749999999995,7.035416666666665,7.428467796102199,7.7382035943177145,8.12774749414588,7.003475431298399,7.997916666666666,7.712916666666667,8.8004165272672,8.258159826036758,9.974249205722773,9.938515157063435
2000-08-31,MONSOON,3.553333333333333,8.581666666666665,7.371666666666667,5.524,6.89,3.7,3.2566666666666664,7.363333333333332,4.0493749999999995,3.3945833333333324,3.7967612846024665,3.725367364048882,4.033058452430352,3.315957894663148,7.972202380952381,7.139086309523809,7.8341812763582634,7.206699941580587,6.5179428592480075,6.802971242475289,7.654727182539682,6.8438244047619055,7.4803734342624,7.296002632956729,7.839219392335065,9.08972914731929,6.375535714285715,6.626857142857144,6.878960780674131,6.277887564439481,5.623385693349567,6.56279833388465,7.494999999999999,7.509999999999997,7.465025053116536,7.63199814796131,6.515061846308212,6.4887573101261715,4.8725000000000005,4.345833333333336,4.575107576874627,4.127014751994221,3.1036566654000186,4.277690443384872,6.1139166666666656,5.687083333333332,5.759747344327986,7.768328027359767,7.478014036954747,7.475833070613147,7.548125,8.022083333333333,8.225583249693653,8.027610768734283,7.690116522573307,7.043630388782035
2000-11-30,POMKH,4.156666666666667,9.018,7.677777777777778,4.24,6.83,4.756666666666667,5.154,4.916666666666667,4.01,3.861249999999999,3.940723437428147,3.80067500072172,2.864051642110489,3.454517161389467,8.085880952380952,7.890773809523808,8.307708765814958,7.5168251677849955,5.888006513770099,8.775800940030633,7.420173611111111,7.551602182539683,7.559335171668551,7.388745935491914,6.161060280639766,5.130106147486337,5.662562500000001,6.589714285714288,5.823376468404479,5.953238398649297,5.211516312921594,5.460489920234856,7.54125,7.494999999999997,7.2110150318699215,7.31822190880126,6.9413178968630085,6.859849713795761,4.992708333333333,4.76916666666667,4.647731212791443,4.169656859862971,2.2962950373614186,2.530101900359832,6.129604166666667,5.722666666666665,5.517448406596792,7.798587720973102,5.247788868524172,5.241389508291465,6.7856250000000005,7.973749999999999,6.902016616482858,7.190806496706256,6.860663407596239,5.876588908892901
2001-02-28,POMRB,4.3,7.692857142857144,6.18625,4.018571428571428,7.72,4.756666666666667,7.5779999999999985,5.03,3.9370833333333337,4.237499999999999,4.084434062456888,3.894356751175735,3.9859250165623124,3.4949419108716673,8.147422619047619,8.053630952380953,8.061768116631832,7.417542687685019,7.237068177429409,7.646856962378285,7.003715277777778,7.757852182539683,7.010101103001132,6.943644966585375,7.704690764489078,7.971718130065501,5.035767857142857,6.1613571428571445,5.101454452471259,5.605291361925101,6.6751111268005205,6.3362848808677406,7.5625,7.494999999999997,7.4146090191219525,7.4600671731127735,7.718812518822625,7.488311266401042,5.167083333333333,4.975833333333337,4.691305394341533,4.20779479846214,4.263866823158139,4.257218731268431,5.894875,6.505166666666665,6.341669043958074,7.828988227833214,6.195702257496368,6.569568543719572,6.4245833333333335,7.1225,6.153209969889716,6.612331896313379,7.361520870683346,7.6657112855290945
2001-05-31,PREMON,3.12,7.18,7.094285714285713,6.8725,8.91,6.8249999999999975,7.0275,8.485,3.8020833333333335,3.782499999999999,3.6986604374741328,3.624940607593019,4.9009190460776,4.509909119491882,8.180714285714284,8.118130952380952,7.709060869979099,7.213352006669439,9.133713501465703,8.296230404238056,6.7233382936507935,7.082495039682539,7.043774947514965,6.959763571069375,8.221245475899096,8.021417613579409,5.004517857142856,5.163767857142858,5.809872671482756,5.755825594027509,8.504176136990019,8.7728097688557,7.620000000000001,7.587499999999997,8.012765411473172,8.137189706254981,8.779382397982854,8.590749016734769,5.290833333333333,5.009583333333336,5.544783236604919,4.748214008418244,6.762214436147678,5.96304283633977,6.284791666666666,5.754041666666665,6.616001426374844,7.859501706080319,8.126236296113111,7.393933225045576,6.502916666666666,6.448749999999999,7.08592598193383,7.135577721415642,7.931469056051862,8.096403131911785
2001-08-31,MONSOON,4.79,8.815999999999997,6.741428571428571,4.5,6.69,4.96,4.383333333333333,7.169999999999999,3.3006249999999997,4.091666666666665,4.13519626248448,3.9100158243017007,3.7847094344354915,3.017237141683944,8.466232142857143,8.176714285714285,8.151836521987459,7.498970963030712,6.8959618259454665,7.276265718945566,6.5688764880952375,6.924935515873014,6.922836397080408,6.850646191236016,7.064080108026557,7.176993204247701,5.481446428571428,4.907767857142858,5.285923602889653,5.509798250104378,4.362496470727823,4.966842645721222,7.763750000000001,7.537499999999996,7.483659246883903,7.661797871336839,6.709809603502954,6.858560156230173,5.289583333333333,5.3245833333333366,5.310869941962951,4.719699191768742,3.853923444692723,4.521237326173021,6.497875,6.035708333333331,5.722934189158239,7.89010861250308,7.017156997022899,6.349034501594975,7.012083333333333,6.400416666666666,7.1195555891602975,7.157160087463834,5.23550420717684,5.532301053958658
2001-11-30,POMKH,1.84,9.05,6.065,5.0139999999999985,7.49,4.486666666666667,7.146666666666667,5.736666666666667,3.4475,3.5124999999999984,3.217117757490688,3.272246503203961,3.179659872404903,4.159976871863462,9.732499999999998,8.184714285714286,8.511101913192476,7.794862918834813,6.345554439400159,8.690605123657322,6.40922619047619,6.52174107142857,6.579701838248245,6.549649269410471,5.4562856673437405,5.258302122765483,6.302875,5.101267857142858,5.177154161733791,5.366736116519433,4.006362205655062,4.888456069900892,7.90375,7.702499999999997,7.486195548130342,7.6000652376147215,6.94165160772446,6.8278443009755945,5.343958333333333,5.257083333333337,4.981188631844438,4.5851909418915096,3.3367544860911513,3.7200120459804276,7.110520833333334,6.533874999999998,6.29242718016161,7.920860921153482,5.029764040642242,5.248529370232444,7.49625,6.605416666666666,6.566400020162845,6.781021469367877,5.833893872075653,4.815633228874152
2002-02-28,POMRB,2.605,9.945,6.5633333333333335,7.0600000000000005,8.21,5.016666666666667,7.290000000000001,8.283333333333333,4.009375,3.0887499999999983,2.9722706544944124,3.0411545393698463,3.3018868977251827,2.162474095019355,11.375875,8.74775,9.084661147915487,8.276201656039545,7.682430164826855,7.961158920902401,6.143761904761905,6.616011904761903,6.57315443628228,6.521297548503095,6.558985717993208,6.718911441826403,7.033874999999999,5.861625000000002,5.930292497040274,5.581831316870975,5.935610905715718,6.2188956476162325,8.16375,7.8249999999999975,7.775717328878206,7.876285232229226,8.04403317371608,7.8549068323436035,5.427083333333334,5.322083333333336,4.995379845773329,4.61296084556662,5.152856019386408,4.739383438671432,8.668437500000001,6.461874999999998,6.691456308096966,7.951734191466683,6.31583118665635,7.24095100727868,7.916666666666667,7.418749999999999,7.2531733454310405,7.203303757083181,7.500859796021179,5.402140370584019
2002-05-31,PREMON,5.99,15.057999999999998,5.44,10.4025,9.54,7.0,12.216666666666667,9.105,4.55,3.8062499999999977,4.179362392696648,3.8404863879256785,3.8329528067900354,3.9840340118975552,12.554916666666667,10.71725,11.473996688749292,10.05869121436019,10.240878432663026,9.39845860893147,6.080958333333333,6.202440476190475,6.119892661769368,6.121676181945647,7.815013332435285,8.09263769877374,7.240375,6.744125000000001,7.719175498224165,6.37067734663524,8.654250001166382,9.524984543206012,8.43375,7.982499999999997,8.481430397326923,8.724059425524429,9.185757204231987,9.090277888735072,5.454375000000001,5.365833333333336,5.797227907463998,5.1264441472948645,7.61547691969839,6.4714305243365855,9.7475,7.7591666666666645,8.901540451524847,7.982774547346562,8.183936645304065,6.9542772489160445,8.711666666666666,7.57375,7.9939040072586245,7.735493618782301,10.037082153067708,10.12872246177606
2002-08-31,MONSOON,6.415,14.085,6.272,6.8180000000000005,8.14,5.45,11.6575,9.913333333333334,4.791875,4.212499999999998,5.073617435617988,4.523317008519075,4.212245651487147,3.5869061613095683,13.497208333333333,12.034500000000001,12.518398013249575,11.226639124977641,10.255928788752897,11.455649187482182,5.903291666666666,6.085083333333332,6.180735597061622,6.14182788176964,6.051787522740274,6.133827870633329,7.063125,7.323625000000002,7.358705298934499,6.5268501407330985,5.307796818816542,6.126759639314605,8.62875,8.344999999999999,8.344858238396153,8.742518626625563,7.226320257228737,7.26616661173542,5.390833333333333,5.488333333333336,5.658336744478399,5.15274922161659,4.631171727330339,4.886343482993339,10.240416666666668,9.577708333333332,10.003924270914908,8.013930280225875,7.85978125742648,8.040799130513372,9.259583333333333,8.259583333333333,8.761675737688508,8.344085836404906,6.403054398611459,7.4500869498146844
2002-11-30,POMKH,4.54,13.213333333333333,6.032,4.348000000000001,8.2,4.215,8.504999999999999,9.353333333333332,4.8025,4.8874999999999975,4.860170461370793,4.4706943312871354,4.061951138063829,4.848372632158371,13.767333333333333,13.075333333333333,12.79637214128308,11.922585544742708,10.68624492892551,11.432583444303607,5.9835,6.076833333333331,6.121241358236974,6.073635871292942,4.707610294596858,5.1137639539798325,6.8325625,7.1571250000000015,6.154423179360699,6.247290234769709,5.274630298485775,5.715897289670302,8.695625,8.522499999999999,8.286914943037692,8.713019896185566,7.917907599351527,7.966933363851268,5.38375,5.420416666666669,5.08100204668704,4.872226518943784,4.107476175595377,4.224183685086452,10.075208333333332,9.917291666666666,9.404354562548944,8.04517708728794,6.856175606337297,7.14635385673931,9.578541666666668,9.16375,8.998338775946438,8.634236038173439,7.996443181300837,7.5782927484642055
2003-02-28,POMRB,1.84,13.320000000000002,5.175,6.308,9.06,4.779999999999999,9.875,9.05,5.01625,4.696249999999997,3.6521022768224762,3.6665008908643615,4.874480647433254,3.807049973317791,13.335270833333334,13.919083333333335,13.005823284769848,12.503346634823433,12.424554044927481,12.268591766950074,6.4857499999999995,5.729749999999998,5.742744814942184,5.738227518663248,6.157845532446387,6.675851460508968,6.6159375,6.969125000000002,6.215853907616419,6.2993848976752895,6.748785857170092,6.11310612956172,8.78125,8.735,8.596148965822614,9.032143058502909,8.889157566118078,8.773097085811633,5.695416666666667,5.361250000000002,4.960601228012224,4.792621612269331,5.711741226508802,4.937045165132977,9.1565625,10.563541666666666,9.592612737529366,8.076558486738813,8.070644153789258,8.221463497392179,9.933333333333334,9.355416666666667,9.019003265567862,8.762629361922846,10.581584618335722,10.274427192400246
2003-05-31,PREMON,6.84,13.844,7.47,9.31,9.225,7.18,8.31,10.89,5.275,4.908749999999998,4.927261366093486,4.521736457086745,4.517809846260313,4.312540815940064,12.731104166666668,13.615583333333335,13.341093970861909,13.104330530852499,15.01167755753826,12.225505784991809,6.584625,6.237249999999998,6.43364688896531,6.296730542727335,6.934487701298885,6.9065033193832415,6.651125000000001,6.696000000000002,7.453512344569852,6.859836201325031,9.099171768616685,9.385978642698673,8.99875,8.65625,8.847689379493568,9.327909070068271,10.033282842965365,10.023342446399177,6.221041666666666,5.406250000000002,5.848360736807335,5.325093290556552,7.979311984230028,6.579242281515574,8.471458333333333,9.586875,9.07956764251762,8.108046989525445,10.065737419150608,8.700038516576084,10.160833333333334,9.801666666666666,9.767401959340718,9.359175957881568,11.65663776049679,9.216476287577512
2003-08-31,MONSOON,7.275,11.842499999999998,8.26,6.1775,9.14,7.763333333333333,8.215,10.966666666666667,5.98625,5.123749999999998,5.866356819656092,5.246718548920307,4.9598182370318975,5.196113346293295,12.07575,13.054958333333333,12.741656382517146,13.02294766534374,13.585926632709697,13.023314820927741,6.523958333333334,6.734249999999998,7.164188133379186,6.930942810492328,6.584626262851241,7.351930408520009,6.9963750000000005,6.535875000000002,6.943107406741911,6.861600203316465,5.390995148538703,5.8421544787466715,9.00125,8.90625,8.964613627696142,9.476365933833756,7.501299733853529,7.8403584967309286,6.727499999999999,5.984583333333335,6.614349775417734,5.895367210458009,4.920782680212136,5.0585125126944215,7.935416666666666,8.72625,8.733740585510573,8.139657042263048,8.856161330397825,7.679324702161417,10.559583333333332,10.065,10.247107842271099,9.81461072807358,8.127076814249184,10.711780222233415
2003-11-30,POMKH,5.75,10.6225,4.835,5.2700000000000005,8.94,6.1066666666666665,6.466666666666666,10.12,6.61,5.426249999999998,5.819814091793655,5.3231863060056455,4.852219740827076,5.033462167023714,11.65575,12.407250000000001,11.893993829510288,12.605965221758067,12.502035372807484,11.817600467568141,6.563541666666666,6.434999999999998,6.232512880027512,6.185095127904427,5.947081905261353,6.41761758480086,7.032937499999999,6.766375000000002,6.273864444045147,6.693558556708706,5.187557424662392,5.296458318870681,8.894375,9.091249999999999,8.954768176617685,9.444919269506086,8.549961108821831,8.577630532060617,7.1175,6.457500000000001,6.4112765319173075,5.938561943988649,4.877091458372814,5.064845027351876,8.49,8.216666666666669,7.826911017973011,8.171373337768161,7.17357176073174,7.0944806030919985,11.03875,10.256666666666666,10.196264705362658,9.914842291876429,9.296971382909728,9.784397754971526
2004-02-29,POMRB,6.32,10.668,5.886666666666668,8.148,8.34,6.94,7.625,11.473333333333334,6.237499999999999,6.546249999999998,6.0198884550761935,5.538918873632558,5.824148619609758,5.195880271107085,11.4084375,11.744250000000001,11.403596297706173,12.268999919758242,12.89887847990962,11.86866804887729,6.084166666666666,6.612916666666664,6.094174394683174,6.0527127584028175,6.214155542320804,5.7862599274619475,6.6453125,7.226375000000003,7.023518666427088,7.010021435671513,6.899126891378451,6.4610451645300095,8.65375,8.911249999999999,8.70886090597061,9.09203911612342,9.574374934353774,9.487954344263732,6.949583333333334,6.9975000000000005,6.6227659191503845,6.180632157757009,6.821233379419377,6.127834874824826,9.501770833333333,7.654166666666669,7.746146610783807,8.203224031264096,8.027701120733566,7.8322395916611764,10.509791666666667,10.8625,10.707092156550928,10.35782893934535,11.545015828340365,9.267301394403445
2004-05-31,PREMON,7.35,13.136,7.0749999999999975,7.7624999999999975,9.09,8.14,14.996666666666664,12.3,5.4037500000000005,6.673749999999997,6.551933073045715,5.983285334557759,6.808174995279588,6.669506542240329,11.217854166666667,11.56725,12.096557778623705,12.663043379908116,14.391618636363924,11.17210240216409,5.656041666666666,6.514166666666664,6.4865046368099035,6.3689776298436,7.309041859663804,7.395686900053624,6.184874999999999,6.839500000000001,7.319111199856252,7.2430184883863,9.647054495490796,10.021108605458986,8.3325,8.8775,8.861316543582365,9.11382905261805,10.02642789526301,9.787610692297246,6.465416666666667,7.237500000000001,7.229659551490231,6.673679101440771,9.46029628406219,8.229853628947069,9.613125,9.325833333333334,10.64635463313695,8.235268947233932,9.685196576893834,8.427515352064395,9.334583333333335,11.215,11.344255293930559,10.906465080201148,13.541897164634754,12.005004395987545
2004-08-31,MONSOON,3.785,10.572,4.82,4.624,7.35,5.46,9.6225,5.325,4.685,5.801249999999998,5.44515984382743,5.282776468910905,6.57406269540737,6.692349362398816,11.348833333333333,11.249624999999998,11.486734667174222,12.267484604295104,12.703496842961599,12.603048109209782,5.727083333333333,5.654166666666665,5.819902782085942,5.811488740873702,6.5854814526639025,7.233513898151611,5.782874999999999,6.451125000000001,6.241066719913751,6.920042247450967,5.445877804243806,5.338469180414784,8.3225,8.43,8.25678992614942,8.344578129492136,7.431333096042744,8.02570408029727,6.361666666666667,6.661666666666668,6.521795730894139,6.39872896597239,6.419678901431833,6.8675058097043,9.542291666666666,9.677708333333335,10.23681277988217,8.267387191141642,9.556640963783304,9.847199432076824,8.60875,9.804583333333333,8.936553176358336,9.399158482628588,9.712242465094597,11.527707317005001
2004-11-30,POMKH,2.57,10.368333333333334,4.85,3.14,8.16,4.536666666666667,5.9499999999999975,6.36,4.030833333333333,5.006249999999998,4.295095906296458,4.444961298050341,4.528049885502444,4.349714526223436,11.463583333333332,11.18608333333333,11.039374133637867,11.884943925298408,11.261755723307118,10.56383379375016,6.0527083333333325,5.657916666666665,5.4319416692515645,5.456081542384184,4.2770422978096265,4.206035049433466,6.0693125,5.918625000000001,5.000640031948251,6.345419684062413,4.864021016935533,4.741114026396414,8.3475,8.235,8.218073955689652,8.095985972150208,7.632874659246903,7.795820310760895,6.417916666666668,6.269166666666668,5.72774410520315,5.949824669320389,5.534065773039877,5.330716227646117,8.498958333333333,9.548541666666667,8.522087667929302,8.299595289344687,7.9821992717677945,7.216230850818388,8.102916666666667,8.864583333333334,7.9059319058150015,8.584319155126758,6.318887443299151,5.833589015698287
2005-02-28,POMRB,3.75,11.97,6.44,7.062,9.04,7.68,7.575,9.426666666666668,3.7054166666666664,4.363749999999998,4.077057543777874,4.1911223813001595,4.415433916354113,4.231160266871892,11.262833333333333,11.51158333333333,11.41162448018272,12.0077463901803,11.71141957152158,11.667594575597317,6.615729166666667,5.796249999999999,5.835165001550939,5.762337385859024,5.362378765361639,5.810988167903684,6.3157499999999995,5.647125000000002,5.825184019168951,6.448862317649141,6.150567089573782,5.913378913709264,8.175,8.41,8.54684437341379,8.338775683498913,8.724803830626742,8.33217983534937,6.094166666666666,6.454166666666668,6.50864646312189,6.37448501947477,6.869266223600847,5.777601581458904,7.434999999999999,9.536041666666668,8.143252600757581,8.331944152125223,8.63360780596453,8.498915419114688,7.812291666666668,8.352916666666667,8.514225810155668,8.829250538148901,8.073205448948203,8.256681424492498
2005-05-31,PREMON,4.6866666666666665,12.752,9.126666666666667,11.14,8.59,7.85,6.7,10.3,3.594583333333334,3.6979166666666647,4.320901192933391,4.278778350544676,4.958444572686906,4.766110752667126,10.696291666666667,11.41558333333333,11.947774688109632,12.313202394648037,13.753515474780981,11.121162084920833,6.949375,6.309166666666666,7.15176566759723,6.874474325987137,7.139592887542312,7.685209458943472,6.257857142857143,6.491500000000004,7.9511104115013715,7.250269711631188,8.819102010839194,9.383904568495225,7.79125,8.285,8.564106624048275,8.375073664690616,9.940023605934439,9.594971201795895,5.569583333333333,6.381666666666668,7.0451878778731345,6.756379906693825,9.544537730525823,8.155473384637913,7.366874999999999,7.461875000000003,7.565951560454549,8.364410466196988,10.190773880832579,8.95658687117291,7.5075,7.852916666666668,9.228535486093401,9.246397835550496,10.96996741382843,10.306300460892947
2005-08-31,MONSOON,3.845,9.35,7.2725,3.218,6.47,3.16,9.4075,5.0,3.3654166666666665,3.712916666666665,4.130540715760034,4.101260642857484,4.41535421719696,4.624621046079056,9.99675,11.110083333333332,10.90866481286578,11.624630367218037,12.008979201031615,12.248321847956856,6.848958333333334,6.922291666666666,7.200059400558338,6.974853141622966,7.494616249498065,8.171926577717864,6.156714285714287,6.140000000000004,6.057866246900823,6.6773605228492565,5.607381019994385,6.4428977168548816,7.268749999999999,8.065,7.726463974428965,7.480680005324964,7.141232106260537,7.395157434137191,4.84,5.8066666666666675,5.49111272672388,5.8945023347789025,6.299257070791225,6.497606864227233,7.242916666666668,7.408125000000002,8.30257093627273,8.397028880717807,8.715801602891442,7.837346786790653,6.89125,7.771666666666669,7.537121291656041,8.1012520970403,7.5014471685783315,4.353400584427091
2005-11-30,POMKH,1.6233333333333333,7.058,5.066666666666666,4.082857142857144,5.97,2.64,5.62,4.246666666666667,3.1143750000000003,3.4762499999999985,3.1276577627893536,3.345160158062125,3.211929631106274,3.11995814099652,9.549999999999999,10.282499999999999,9.368398887719469,10.452599376470513,10.278367573352835,9.938696662102302,6.484125,6.976458333333332,6.346702307001669,6.292470305131245,5.935642198721364,5.716474272771991,5.501151785714286,6.37571428571429,5.2678626052833515,6.261956181407238,4.656723252879918,4.065283850090054,7.02625,7.517499999999999,7.023878384657379,6.587297073124371,7.052247247441658,7.277168704742007,4.32875,5.332500000000001,4.350667636034329,5.084045343937585,4.732268139985502,4.318443020741397,7.366041666666667,7.325625000000002,7.229542561763638,8.429737997070982,7.237090107382562,7.448830363551748,6.382916666666667,7.243333333333336,6.220939441660291,7.0612701578356445,5.298842704522123,5.789439326071009
2006-02-28,POMRB,2.8633333333333333,9.684,5.42,5.31,7.05,3.74,6.913333333333334,6.609999999999999,2.831875,3.254583333333332,3.0219279910069456,3.1658295395803524,3.2396192700921693,2.8606838105505425,9.264208333333332,9.710999999999999,9.494639332631682,10.230421936127676,9.866696955215808,9.80159073839775,6.2754375,6.721458333333332,5.976021384201001,5.964834826495455,6.320769387438248,6.005773823021189,5.371297619047619,5.937714285714289,5.284717563170011,6.069418785674535,6.213876912219275,6.365739218575317,6.859999999999999,7.02,7.034327030794428,6.428516243015749,7.351557255772392,7.337332142869748,4.2375,4.347500000000002,4.106400581620598,4.716634549092127,5.566111140142262,4.847394203670905,7.555937500000001,7.160208333333336,7.103058870391516,8.46258666090647,7.9519949384917545,7.758762997911019,6.545416666666666,6.539166666666668,6.3765636649961746,6.9499428521690305,6.362823848818231,7.290837542086163
2006-05-31,PREMON,3.565,11.464,7.228,7.647499999999999,8.64,7.7,8.346666666666666,9.05,2.7920833333333333,2.9741666666666653,3.2391567946041677,3.2391037926507464,3.892438260844186,3.878025861625155,9.332375,9.388999999999998,10.28238359957901,10.536726795664393,11.550861756335784,9.844879716402856,6.455958333333333,6.246791666666665,6.4768128305206005,6.363247004423986,7.137268103745448,7.230793217489348,5.965357142857143,5.064589285714289,6.229830537902006,6.283350813117614,8.45530710580666,8.948719096766837,6.69625,7.0325,7.676596218476657,7.115654031642142,8.263024756889457,7.814779957572995,4.194375000000001,4.310000000000002,5.543840348972358,5.408196798523897,7.298098881799469,5.936080374160635,7.946875,7.571875000000003,7.600501988901576,8.495576751114763,9.512212041853086,8.950012280406781,7.115833333333334,6.226666666666669,7.445938198997705,7.535930205992498,8.561042566286304,7.837270469014463
2006-08-31,MONSOON,2.7066666666666666,8.351666666666665,7.501666666666666,5.671666666666668,5.09,2.58,9.28,7.55,2.908541666666667,2.689583333333332,3.026160743429167,3.0467374960199316,3.3282100406982806,3.258086030502841,9.31947619047619,9.139416666666664,9.510096826414072,9.941355363004279,9.851654977431572,10.633339984461339,6.78622619047619,6.304083333333331,6.886754364979026,6.717339141767103,6.571419295202275,6.966069777709702,6.336458333333333,5.678005952380956,6.00656498940787,6.161918580539404,4.507466722880243,4.887038272572725,6.705,6.6875,6.641957731085995,6.159975858107551,6.314783584933053,6.404504680708907,4.5565625,4.165000000000002,4.358304209383414,4.693711887902978,4.199038261985991,4.494550623829351,8.714583333333334,7.540000000000003,8.272301193340946,8.528704045551423,8.392913433035677,7.951644480635474,7.374062500000001,6.864166666666669,7.4875629193986235,7.552631340385238,5.824303972914688,4.414700907749775
2006-11-30,POMKH,2.4433333333333334,8.601666666666668,6.281666666666667,6.381666666666668,6.04,2.875,8.875,6.2600000000000025,2.996875,2.894583333333332,2.7930297793908334,2.836645814890457,2.105345595246567,2.0954811637978854,8.661244047619046,9.52533333333333,9.146724762515111,9.53962373679578,8.272349903244589,8.860278594051659,7.238440476190475,6.607833333333331,6.644719285654083,6.535723133823965,5.572038213925393,5.788982884454614,6.7744791666666675,6.252708333333337,6.156605660311389,6.167753847205855,4.392892815953295,4.931188590270713,6.6925,6.705,6.401174638651597,5.8516156456906625,5.953173534807214,5.81780650876065,4.8653125,4.223750000000002,3.7649825256300486,4.205576425096843,2.724587178789654,2.886266996321459,9.595333333333333,8.353750000000003,8.513380716004567,8.561956304360901,6.944089076406048,7.473042683467181,7.510000000000001,7.367500000000004,6.996537751639175,7.212123380843074,6.290850887794057,5.947187637899372
2007-02-28,POMRB,2.975,8.037142857142856,6.847142857142856,5.98,7.05,6.4025,9.8,6.6625,3.127083333333333,2.9224999999999985,2.8658178676345,2.8399851066866275,2.8646847667278585,2.5411208831977374,7.857202380952381,9.113619047619045,8.702892000366209,9.074825294023368,8.78789036033842,9.787614158350658,7.67267857142857,6.9646190476190455,6.725688714249592,6.608432059719073,6.72374261567262,6.6628191167687305,6.823541666666667,6.4202083333333375,6.085963396186833,6.1097430159167505,6.552982477925759,7.068596947983001,6.66125,6.704999999999999,6.660704783190958,6.126821746384618,6.828254644527893,6.614937793366765,5.0825,4.889375000000001,4.81998951537803,4.692387139852718,3.902385840761096,3.9892972076049142,10.238249999999999,9.075416666666671,9.02802842960274,8.595346707419006,8.201706394341548,8.474174457275833,7.2396875000000005,7.380625000000004,6.862922650983505,7.074164717793385,7.999728909373935,7.553830316800558
2007-05-31,PREMON,4.16,7.845,9.418571428571427,10.481666666666666,8.54,7.5075,12.505999999999998,10.085,3.104166666666667,3.0712499999999987,3.3834907205807,3.1790446200594036,3.702297938231481,3.5416355919263243,7.185577380952381,8.208869047619045,8.359735200219724,8.662491718499998,10.248664784018581,8.266281746734473,7.847261904761904,7.5122619047619015,7.802841799978326,7.5283283346883545,8.037582722891315,8.069567426564506,6.05625,7.128750000000004,7.844244704378767,6.824799472556573,8.872265265772043,9.061214897135429,6.4925,6.68,7.412422869914575,7.109785917586693,7.997449710283952,7.837410898236532,5.2859375,4.841250000000001,5.894993709226817,5.3561824883161835,6.608910400651311,6.678539126373041,10.267083333333332,10.115250000000005,10.419217057761642,8.628892790329317,10.16527978413487,9.846629342123359,6.3703125,7.639375000000004,8.151753590590104,7.90936059620403,9.197504361363318,8.51156705062267
2007-08-31,MONSOON,3.1533333333333338,5.538333333333334,8.785,3.2300000000000004,4.94,4.51,10.264,4.3525,2.984375,3.1829166666666655,3.291427765681753,3.1314234086280854,3.4362386737422494,3.4335879051313105,6.58660119047619,7.5055357142857115,7.231174453465168,7.732007427685099,7.767878875407407,8.947496805228592,7.954910714285714,7.833095238095236,8.195705079986997,7.916661983340039,8.09828844037795,8.303223641557391,5.510416666666667,6.518333333333337,5.99854682262726,6.288540541749984,5.49314388733585,5.956231637908093,6.266249999999999,6.6425,6.423453721948745,6.291710100640628,6.130754574212927,6.009373563771126,4.9653125,5.323750000000002,5.34099622553609,5.141045469523041,3.6997573202855514,4.440860645313293,10.022916666666665,10.361250000000005,10.357130234656985,8.662547933402653,9.582309688691929,9.447441091077351,5.703125,6.840000000000004,6.632052154354062,6.95044599721617,6.712415347786672,8.124639419867776
2007-11-30,POMKH,1.8133333333333328,6.042000000000002,6.395,2.685,4.84,2.5725,8.121666666666668,2.5025000000000004,2.8916666666666666,3.0254166666666653,2.700189992742385,2.717183592529301,2.341977161980379,2.165536296104079,6.2050833333333335,6.865619047619045,6.755504672079102,7.147965519184164,5.818731672532952,6.69930414417604,7.655321428571429,7.8614285714285685,7.475423047992198,7.360642104027613,6.980645272032996,6.5870056269176605,5.045833333333333,5.59416666666667,4.673128093576356,5.68010812264491,4.572187102817279,4.2118793711974565,6.027500000000001,6.3425,5.790072233169246,5.572374553680986,5.785903878767917,5.859639451309152,4.4078125,5.248125000000002,4.233597735321654,4.493609454428829,2.930123347630862,3.706611101603381,9.717375,10.172916666666673,9.462944807460858,8.69631351201359,8.102067327468292,8.068161117550328,5.1834375,5.900625000000004,4.980231292612437,5.746282849465325,4.599178531890903,3.8849778568388236
2008-02-29,POMRB,2.6466666666666665,5.805,7.5950000000000015,5.31,6.44,4.14,8.6,5.0825,2.71,2.943333333333332,2.6787806623120978,2.6626882518677473,2.772199840832903,2.447612201996711,5.969666666666668,6.307583333333332,6.375302803247461,6.640896002029912,6.132219341277169,7.735800874807516,6.882625,8.048392857142854,7.523253828795319,7.4030565732964115,7.503358913326905,6.743441890173573,4.656041666666666,5.426666666666669,4.927876856145813,5.5420463893140015,5.820343580661894,5.679326648056218,5.902500000000001,6.19,6.050043339901547,5.74006868245242,6.152363264169779,6.10402357062346,4.0096875,4.682500000000002,4.1961586411929925,4.369888233491836,4.1718977570735225,4.796141256253423,9.541333333333332,9.872916666666672,9.117766884476515,8.730214968025601,9.067324904239452,8.903611866071248,4.7171875000000005,5.505625000000004,5.021138775567462,5.574613859558206,5.003627894868265,3.7215685841148254
2008-05-31,PREMON,3.7466666666666666,7.025,6.274,7.435,7.24,5.3100000000000005,11.261666666666665,7.5075,2.620833333333333,2.8399999999999985,3.1059350640539254,2.9369276766691415,3.5202459995230435,3.3890534913671218,5.638583333333333,6.102583333333332,6.6351816819484775,6.579762167034923,7.550661007852963,6.074305040148236,6.298125,7.262249999999998,7.023552297277192,6.982793792123248,8.801776633088151,8.623545083855674,4.810833333333332,4.665000000000003,5.930726113687488,5.776997981739517,8.154364004628619,8.94936421522473,6.093750000000001,5.865,6.526026003940929,6.29893490548982,7.354009964267967,7.257335699084196,3.8840624999999998,4.1331250000000015,4.641695184715795,4.56269614075368,6.403680649687791,6.312154264529203,9.7075,9.561833333333338,9.975326797352576,8.764273668210267,10.714935319796696,9.96545566048903,4.676875000000001,4.861250000000004,6.015683265340478,6.112552512803673,7.095574134785046,8.26641639996043
2008-08-31,MONSOON,2.1133333333333333,4.475,5.747999999999998,3.158333333333333,5.24,3.5225,10.1,3.2,2.9891666666666667,2.5799999999999983,2.7088943717656884,2.6656627017195937,3.1663541146425787,3.133169589201154,5.369583333333333,5.8367499999999986,5.771109009169086,5.871625461466168,5.490160637410261,7.58276902562894,6.2565535714285705,6.5029999999999974,6.513331378366315,6.528782495171491,6.964368276737774,6.491783074821473,5.343333333333334,4.6470833333333355,4.821769001545826,5.297850343757158,4.22733244415252,4.649746257646241,6.331250000000001,5.94,6.011615602364557,5.869408828692333,5.163957612562204,5.00162550767412,3.81,3.8862500000000018,4.194017110829477,4.275999701046278,3.045266978060494,3.372737728435762,9.895916666666666,9.52083333333334,10.025196078411545,8.7984537331001,9.85755150464737,9.584291991667683,4.8859375,4.573125000000004,4.889409959204286,5.326719638191171,4.310195377422413,2.897399240634172
2008-11-30,POMKH,2.14,4.456666666666666,4.756,3.995,6.07,2.555,9.615,3.3325,3.2704166666666667,2.6616666666666653,2.481336623059413,2.482493492714245,1.7796295741163055,1.5072801964076088,5.291874999999999,5.440416666666665,5.245332072168118,5.331498722336896,3.819622345888591,4.976358732862224,6.641357142857142,6.093249999999998,5.810398827019789,5.894575075613044,4.922580956669171,4.782083408370524,5.721666666666668,4.974583333333336,4.491061400927496,4.990770864850642,3.587333144472244,4.055670293684447,6.57,6.2475000000000005,6.034969361418735,5.891157089463954,5.443006910725408,5.228582976627515,3.6234374999999996,3.881875000000002,3.538410266497686,3.814775099757919,2.1608230506309423,2.487631291286481,9.939958333333331,9.894166666666672,9.861117647046928,8.832762092973123,8.310121446415023,8.187904570285909,5.25,4.780625000000003,4.266645975522572,4.790608320729772,2.986071116108606,1.7645819788799948
2009-02-28,POMRB,5.266666666666667,5.238333333333333,8.901428571428571,8.260000000000002,7.11,3.5650000000000004,8.613999999999999,5.925,3.3075,3.316666666666665,3.5954686405023146,3.242119327947165,2.5474689110521753,2.493245014575889,5.365,5.298749999999998,5.242532576634204,5.131562899617307,4.205572313517903,6.299131688261363,6.995428571428571,6.419857142857139,7.046810724783302,6.884791823207249,5.648794117562479,5.850061200388788,5.785,5.712083333333337,5.9986368405564985,5.425064308867926,5.375421138179371,6.110107922501691,6.85625,6.415,6.464981616851241,6.405627631732486,6.584121144563092,6.488114744203839,3.3884374999999998,3.738125000000002,3.549046159898612,3.702114419846172,3.5496386963577273,4.002644153363093,10.011833333333334,9.897666666666671,9.362270588228156,8.867194321909267,9.47197904461101,9.649918635907945,5.7184375,4.9912500000000035,4.929987585313543,5.10891011584003,4.933175465046592,5.232287565210125
2009-05-31,PREMON,3.376666666666667,6.97,8.046000000000001,7.511666666666668,8.48,4.3925,11.6,9.5775,3.4375,3.2241666666666653,3.5079478509680557,3.2392348571866667,4.375844822333065,4.379700460947621,5.595773809523809,5.284999999999998,5.933519545980523,5.444918471991321,6.002063243517807,4.933724237042512,7.381,6.862857142857139,7.446486434869982,7.243986477711513,8.482204467270426,9.20322347417705,5.978875000000001,5.731250000000004,6.603848771000566,5.730232059324448,8.508196361479321,9.861433539903924,6.79,6.725,7.270988970110745,7.4938881069565255,7.9031025568499516,7.66640806613732,3.3125,3.5087500000000014,3.886427695939167,3.8190979948045904,5.782094188019602,5.508746778991244,10.106791666666666,9.982250000000006,10.257362352936894,8.901788954687543,11.059833874372776,10.087269211349529,5.9403125,5.508750000000004,6.788992551188127,6.3392876333765775,7.6015886297728406,7.586458391341262
2009-08-31,MONSOON,2.78,5.114999999999998,6.808571428571428,3.5883333333333334,6.29,2.56,10.336666666666668,4.8775,3.2566666666666664,3.390833333333332,3.2167687105808334,3.0676669315460345,3.5565131803166556,2.985765619661551,6.001755952380952,5.4449999999999985,5.606111727588313,5.209745078897878,4.406374086565107,6.826898666213511,7.691633928571429,7.127999999999997,7.19132043235056,7.059804847207292,7.660472986443343,7.4719050229370065,5.914833333333334,5.8387500000000045,5.3976425959336725,5.368615447445085,4.515953465445183,4.5544229447375555,6.54625,6.987499999999999,6.878593382066446,7.327966968110763,6.0533234613392395,6.041586821756718,3.2968750000000004,3.2681250000000013,3.3558566175635,3.464429312137543,2.339254240661634,2.650807883354959,10.032916666666667,10.041416666666672,10.289084078428804,8.936506066041055,10.201445824017101,10.205361219391234,5.7234375,5.928125000000004,6.0243955307128765,5.95046452882805,5.803759589801623,4.930670326347621
2009-11-30,POMKH,2.513333333333333,5.662857142857144,6.78,5.1160000000000005,4.49,2.91,10.138,3.43,3.1158333333333337,3.484166666666665,2.9353945596818334,2.871252969338047,2.274796598579643,2.5053690500011427,6.314964285714285,5.746547619047617,5.628809893695846,5.1818022717307795,3.3216596687195064,4.710106744884081,7.675392857142858,7.633999999999997,7.026792259410335,6.929333243257536,5.795672349686319,5.397989288487832,5.917541666666666,6.119000000000004,5.284985557560203,5.280692933478893,3.9092177086832507,4.198481064231851,6.4575000000000005,6.592499999999999,5.923156029239868,6.287442227552105,6.411485394730098,6.490452992497516,3.1296874999999997,3.3568750000000014,3.1775139705381,3.2744821311166676,1.3671510525876913,1.6784491008888265,9.919291666666666,10.172166666666671,10.228650447057282,8.97135629376181,8.637613914278546,8.337874423457963,5.2278125,5.952500000000004,4.986637318427726,5.271547670034498,4.595778183215575,4.372414785179776
2010-02-28,POMRB,3.4466666666666668,7.28,9.3625,6.626666666666665,6.74,3.085,7.5,4.092499999999999,3.24125,3.029166666666665,3.139903402475767,2.9983415082616265,2.9963677419593173,2.5920003176241773,6.382517857142857,6.256964285714284,6.2892859362175075,5.599115007664719,4.345136288383961,6.4906898856107,7.697946428571428,7.749267857142853,7.9610753556462015,7.719745720308486,7.080771922325512,7.2705216414524365,6.301625,5.71066666666667,5.821658001202788,5.456898675124506,5.885320986419309,6.667822081321856,6.45875,6.5,6.249893617543921,6.417299659969435,6.297468965948297,6.3637017209435385,3.0,3.2368750000000013,3.14050838232286,3.171081451426893,3.0150115342270802,3.520927090210842,9.714333333333334,9.893666666666672,9.13719026823437,9.00631687384007,9.829376909353122,10.239333750725551,4.9034375,5.494375000000004,4.628982391056636,4.958201207098343,5.588027354486238,5.525224897246263
2010-05-31,PREMON,4.07,7.4339999999999975,7.454999999999999,9.166666666666666,8.14,3.535,11.805,7.445,3.2558333333333334,3.2024999999999983,3.51194204148546,3.2648236603924383,3.9630948810637827,4.099673634529126,6.325214285714285,6.372964285714284,6.747171561730504,5.976213332497428,6.897281596207836,5.798323154495391,7.442291666666667,7.601517857142854,7.758645213387721,7.591057704526199,9.44270575728461,9.386052444624848,6.262369047619047,6.1244166666666695,7.159661467388339,6.067402457800147,8.513837911011105,9.108351918569394,6.715,6.415,7.005936170526352,7.193107660538591,7.575401412375044,7.559139654046455,2.9259374999999994,3.0225000000000013,3.298305029393716,3.202713045375607,5.2785051676638695,4.905215444719298,9.1368125,9.944916666666671,10.204314160940623,9.041454501393023,11.192162471290084,9.776853872424066,4.824375,4.961250000000004,5.755389434633981,5.646521967729508,6.685848179312551,7.579576555027245
2010-08-31,MONSOON,3.09,5.191428571428572,7.58,5.005999999999999,6.64,2.3799999999999994,8.492,4.415,3.1041666666666665,3.2799999999999985,3.343165224891276,3.173745147050551,3.563815152530412,3.0671648084808383,5.94752380952381,6.392071428571428,6.124874365609731,5.680693957748847,5.401593482834938,7.028594014219083,6.379895833333333,7.794374999999997,7.687187128032632,7.54906769095385,7.867558254579313,7.071236351138887,5.856113095238094,6.478833333333336,6.298196880433003,5.951253312259594,4.909654831444846,5.061751663362876,6.921250000000001,6.5024999999999995,6.859561702315812,7.131556683015384,5.719565106338402,5.752978464684309,2.8884375,2.977500000000001,2.9309830176362293,2.9482302978302357,1.7653110565853778,2.054991828122841,9.033312500000001,9.483750000000006,9.519388496564375,9.076697156590246,10.344890448676066,10.883961934006576,4.84125,4.845625000000004,5.219233660780389,5.31946923656563,4.119718823832632,3.6202391117653754
2010-11-30,POMKH,2.3200000000000003,5.127999999999999,3.963333333333333,3.384285714285714,6.19,2.4975,7.3625000000000025,3.26,2.9370833333333333,3.231666666666665,2.933899134934766,2.8909097495405054,2.3970527417111693,2.6001017783411378,5.478690476190476,6.258357142857141,5.726124619365838,5.438824004884014,4.252109057951589,5.2472832409787245,5.562291666666667,7.0902083333333294,6.197645610152913,6.294776173395919,6.276805271739313,5.949587918439217,5.616023809523809,6.045904761904764,5.132632413974087,5.558498599244779,4.54383686530661,4.765604699251111,6.846250000000001,6.927499999999998,6.591737021389488,6.828729766577858,6.414479373525827,5.9344779451141525,2.898125,2.874375000000001,2.7575898105817376,2.78077998584788,0.8977279486717136,1.4162045186338712,8.4855,8.789875000000007,8.656633097938625,9.11206608782142,8.476951292749858,7.596822303009574,4.562187499999999,4.803125000000003,4.435540196468233,4.765507035789408,3.683056735369043,3.1049165380200185
2011-02-28,POMRB,2.4266666666666663,4.793333333333333,3.68,5.108333333333333,6.69,3.1975,9.4475,4.3975,3.007916666666666,2.976666666666665,2.731006147627526,2.7223360956016687,2.998773990871588,2.6241208159641563,5.420928571428571,5.636690476190474,5.353008104952836,5.1677290628729695,5.01153564570537,6.2601590072084194,5.3100000000000005,5.669583333333329,5.190587366091748,5.376147358598164,5.960478494448323,5.765039869988833,5.646851190476191,5.666321428571432,5.122912781717785,5.468240231057102,5.963190989323668,6.058153592149738,6.762499999999999,6.914999999999997,6.631042212833693,6.782740967015804,7.136241745823424,7.140346069518961,2.9528125,2.9025000000000007,2.9335538863490425,2.8232989435077047,2.581400325933979,3.0229270934142107,7.903000000000001,9.276750000000007,8.972979858763175,9.147592466266659,9.268741208918826,9.897568099799235,4.23625,4.879375000000003,4.42032411788094,4.6730268856035835,5.144283624482804,3.7532332980203096
2011-05-31,PREMON,3.753333333333333,6.17,6.596666666666668,8.764285714285714,7.59,3.5000000000000004,5.475,4.9075000000000015,3.188333333333333,2.897499999999998,3.139937021909849,2.9807647701028395,3.5772268371834377,3.6109180290514793,5.566,5.3206904761904745,5.679804862971702,5.3289785560193375,6.73018405182099,4.852764633589887,5.599404761904762,5.4549999999999965,5.753019086321716,5.763059727284504,6.106984242653857,5.906009152443454,5.89077380952381,5.5657261904761945,6.579461954744957,6.005419163153179,8.21615439280692,8.579095886951796,6.79125,6.777499999999996,7.014625327700216,7.155361448751967,7.976451851208639,7.970825374457286,3.1178125000000003,2.8937500000000007,3.160132331809426,2.9332073230737685,5.007863135903814,4.4581945784423676,8.213312499999999,7.694250000000007,7.573787915257904,9.183219089726753,11.015178452858892,10.157152838255614,4.3328125,4.245000000000004,4.615194470728564,4.745100368945738,6.714884828973271,7.06241381499563
2011-08-31,MONSOON,3.9733333333333327,5.993333333333335,6.420000000000001,5.655,6.52,2.8525,10.162,4.345,3.3649999999999998,3.1183333333333314,3.4732955464792425,3.224996843914644,3.2042273820882525,2.896484596439752,5.946041666666668,5.521166666666666,5.805216251116355,5.41489743036226,4.929288374477451,6.399614616591183,6.705059523809524,5.164999999999997,6.01981145179303,5.956859776553751,5.734867609684359,6.604472650885292,6.345029761904762,5.727976190476195,6.209677172846974,5.997708073872624,4.5873381782891665,4.916901626176199,6.878749999999999,6.747499999999995,6.81677519662013,6.963852845246793,5.652221334682136,5.8715184860777985,3.2878125000000002,3.0118750000000007,3.0370793990856555,2.8634215642005616,1.6031374063977768,1.929191563971588,8.230604166666668,8.111750000000008,8.609072749154743,9.219028996775725,9.226723331455927,8.884020345021238,4.67,4.227500000000004,4.507116682437139,4.643811448592593,2.5281633789875944,2.7365457486318108
2011-11-30,POMKH,2.8800000000000003,5.486666666666667,7.4385714285714295,4.6866666666666665,6.54,3.345,8.175,4.1025,3.53875,3.2583333333333315,3.2359773278875457,3.08606959996204,2.5094831275330427,2.724605629339921,6.770625,5.610833333333333,5.67779641733648,5.352823326172626,4.168879560616599,5.201918546826434,7.570654761904763,6.033809523809522,6.58731544250439,6.429442036200921,4.616457587185015,5.132349104464032,6.766309523809524,6.053571428571433,5.600472970374851,5.819643469782763,4.450050861423872,4.895521934849807,7.01875,6.834999999999995,6.706065117972077,6.795695806587028,6.321202305896525,6.183135900257051,3.460625,3.223750000000001,3.160247639451393,2.931542081727026,0.9560216055310293,1.6230926155135315,8.717958333333334,8.314875000000006,8.435443649492846,9.254959201639148,7.785270271971884,8.425721475789205,5.210312500000001,4.438125000000003,4.345270009462283,4.503744210667839,3.0522593279804027,3.1909140610234044
2012-02-29,POMRB,3.28,7.475,9.05,7.44,7.04,3.71,8.773333333333332,6.2525,3.5549583333333334,3.471666666666665,3.253586396732527,3.1020374742767514,3.281175731616198,2.8773608642851944,7.366016865079366,6.281249999999999,6.396677850401888,5.843246590942062,5.103464725956882,6.04742818903215,8.085234375,7.376309523809523,7.572389265502634,7.28593486253927,6.793994420818313,7.6663455019610165,6.790355578449328,6.6364880952381,6.3362837822249105,6.110832712726319,6.197894097842067,6.449914206472607,7.010045138888889,6.922499999999995,6.839639070783246,6.882889987124744,7.26127950529721,7.113588762460062,3.7411830357142857,3.351875000000001,3.380148583670836,3.0769486206857297,2.9274762872963622,3.3712826520873773,9.173348958333332,8.14633333333334,8.57059952302904,9.291034847302845,8.807144062214453,9.27679652097149,5.5959449404761905,4.901875000000003,5.10816200567737,4.989517006498479,5.443772611598831,4.715578694488315
2012-05-31,PREMON,4.29,10.085,8.151428571428571,9.802857142857144,8.36,4.37,10.047999999999998,7.375,3.6788333333333334,3.6058333333333312,3.6681518380395164,3.4002517610268193,4.07644851676521,4.148484334763197,7.796378968253968,7.259999999999998,7.872006710241133,6.948354946940516,7.6742763241393765,6.267374501979604,8.454283685064935,7.765,7.804004987873009,7.542803877103615,9.143437293547095,9.111884334343273,7.017496871184371,6.8961309523809575,7.722913126477804,6.800352098096022,8.9442295138042,9.40986157229406,6.8770902777777785,7.114999999999996,7.447783442469948,7.572579003359618,8.212283956325173,8.037223620781237,4.317678571428571,3.569375000000001,3.776089150202502,3.3565677745516753,5.517871443296544,4.706472701814925,9.028052083333332,9.289583333333338,9.161559713817423,9.327262954493715,10.521066058328886,10.188200456667017,6.066369047619048,5.5187500000000025,6.014897203406422,5.65019257018426,7.9965724721914855,5.976605763243109
2012-08-31,MONSOON,3.5663333333333336,6.841468253968254,8.981875,4.808797008547008,5.680361111111112,4.226964285714286,9.232125,4.9625595238095235,3.847020833333333,3.504083333333331,3.6274244361570434,3.404322196092873,3.717669363928416,3.3638924357367355,8.305724206349208,7.472033730158727,7.459791327731982,6.949564382710684,6.929831862989036,8.097404273818668,8.494803165584415,8.405468749999999,8.275152992723806,7.992933619960045,8.051804761603304,7.504953046038207,7.417109966422467,6.68458020451771,6.557266679305486,6.606969458261819,5.3884666388025035,5.33143702385712,6.949340277777778,6.9050902777777745,6.740814509926413,6.900423927631353,6.151132177996506,6.3641196070803305,5.211272321428572,3.9129910714285723,3.956439204407215,3.544242332158762,2.3342725741967127,2.6174564247630663,9.03443830128205,9.05711458333334,9.189785828290454,9.363624163400795,9.507691086187414,9.75201667703341,6.784702380952381,5.673139880952384,5.593962131567663,5.471839292749184,4.5586103062190375,5.966031461670258
2012-11-30,POMKH,4.2780000000000005,8.081428571428571,7.829090909090909,7.35,6.3160000000000025,6.5825,7.9425,7.248333333333334,3.8045208333333336,3.8535833333333316,3.887654661694226,3.609400695496362,2.6733732947824063,2.825693706333066,8.514522283272283,8.120724206349204,7.7084462252106185,7.286377166324884,6.054159948115034,6.2086761799832715,9.421329139610389,8.503098620129869,8.096728159270647,7.897095256460179,7.05233766580828,6.789578174727334,7.961199252136751,7.350413537851043,6.874360007583292,6.836366373257269,4.863596415469451,4.583029514041785,7.123756944444445,6.8490902777777745,6.5708887059558485,6.608431218213127,6.160874775062668,6.09546971200005,6.2875,4.7223660714285725,5.006863522644329,4.283054998306317,1.9962850589207572,2.709622480717459,9.116029876373625,8.99898958333334,8.690871496974273,9.400114470043075,7.881024021172089,8.264559970827259,7.552931547619048,6.459598214285718,6.255710612273932,5.966846771866524,4.190564641617376,4.400813744519097
2013-02-28,POMRB,3.2275,8.955000000000002,8.983636363636364,7.97357142857143,7.8420000000000005,7.62125,9.056923076923075,8.853333333333332,3.9155416666666674,3.840458333333332,3.623592797016536,3.455112549783833,3.9137378411934187,3.796567405946164,8.66813682844933,8.490724206349205,8.207067735126373,7.793098487943335,7.408907658486782,8.323748209765506,10.732478693181818,8.48650771103896,8.451491441016934,8.225863811620123,8.236638171922774,7.982083548273197,8.411627098595847,7.483806394993901,7.3140445759785475,7.154683569216026,7.140768031644509,7.446927697929642,7.092184027777778,7.049590277777774,7.07933322357351,7.079224726392389,7.069593158239619,6.98674187357188,7.120513392857143,5.700178571428572,6.052618113586597,5.139602118491558,4.7011162705487815,5.081242350937438,9.104657108516484,9.069887019230777,8.837292128953795,9.436757321390692,8.85268716970866,9.231624394183726,7.96469494047619,7.10980654761905,7.294759700697691,6.7661582542418595,7.849694361595671,8.027276248258385
2013-05-31,PREMON,4.0025,10.275384615384613,15.63,13.621999999999995,8.953333333333333,9.068571428571428,10.417142857142855,10.92,3.82525,3.768583333333332,3.775155678209922,3.566833285808443,4.448847891236985,4.107343894914571,8.660399725274726,8.538320360195359,9.034394487229669,8.560480648434325,9.95042220248317,7.316745077620801,11.200014204545456,10.356150568181818,11.322894864610161,10.695873908268002,9.853300252594106,9.010484489407425,8.14267679379444,8.438592109279615,9.837226745587127,8.444420391255814,9.790803062034113,9.622105121187866,6.932444444444444,7.197923611111108,7.8289332674774395,8.010462928108716,8.509990088371522,8.431763955955544,7.250642857142857,6.874821428571429,7.2589994395805295,6.200181502237695,8.107044326902725,7.091458492638987,9.032624438061937,9.162172733516492,9.46923242022942,9.47355565663325,10.603021466926629,10.293958367456094,7.817827380952381,7.99605654761905,8.744855820418614,7.913314019379415,10.525567539307742,8.817255684728579
2013-08-31,MONSOON,4.742,7.880000000000003,11.9925,4.5930769230769215,4.834444444444443,6.192500000000001,8.771999999999998,4.711666666666667,3.5370625,4.062499999999999,4.161893406925953,3.8555173398422578,3.839461933901706,3.831815264589745,8.44277670940171,8.797953296703296,8.572636692337802,8.51409454862047,8.760456560800831,9.432642476613058,11.408088474025973,11.108806818181817,11.590736918766096,11.081803669405955,12.048583077035707,11.998874446570895,7.59241173777203,8.384662087912092,7.739566816583045,8.12304470398969,6.9344240574887905,6.637916385897396,6.717777777777777,6.986444444444441,6.631137738264241,6.865768665465007,6.594435287751219,6.556463641246619,7.080995535714286,7.366205357142857,6.832399663748318,6.3275564282621275,5.827027545023712,6.062758268284133,8.82371928071928,9.04714148351649,9.190339452137652,9.510481396402346,9.633575516514462,9.845272973853104,7.647619047619048,7.933333333333335,7.131580158917835,7.0515175210167325,7.729142900566075,7.4888978038402225
2013-11-30,POMKH,2.38,6.980999999999999,8.55875,5.414117647058824,5.8839999999999995,5.6579999999999995,7.826363636363637,6.324285714285714,3.3881041666666665,3.5879999999999987,3.449136044155572,3.3873627129387818,3.1953905504389573,3.2790699663745424,8.249673076923077,8.522846153846153,7.935982015402681,8.222111064500329,7.768229012244973,7.232094410012218,11.045892857142857,11.291221590909089,10.377942151259658,10.170172449043067,10.570235488114456,8.623968412565201,6.4648541980894905,7.900691499676798,6.809387148773356,7.907634679595553,5.995067682623448,4.685612636523864,6.362444444444445,6.87844444444444,6.332282642958544,6.363740435038945,5.96923461086835,5.9325903806464675,6.907401785714285,7.135080357142857,6.36263979824899,6.289721789629086,5.559295277188911,6.055944539340654,8.699688311688313,9.0181073926074,8.644749125828046,9.547541712454255,7.917270756228081,8.13775337837545,7.540416666666667,7.70232142857143,6.808662381064986,6.864728728627179,5.200701429182638,6.580262092394353
2014-02-28,POMRB,2.8200000000000003,8.314444444444444,9.918571428571427,5.5073333333333325,6.5566666666666675,7.1885714285714295,7.501818181818183,8.415714285714285,3.0048333333333335,3.4861249999999995,3.197481626493343,3.1831923319322484,3.5167168089764114,3.1516664567825186,8.189277777777779,8.362707264957265,8.087366987019386,8.345096583808354,8.356356308141443,8.40632665782076,10.309642857142856,11.524955357142854,10.194193862184367,10.033599240085787,10.400554696605811,8.469545988592463,5.569080693815988,7.2841319758672745,6.288565622597347,7.682767845829162,7.550554642853562,6.799249609073954,6.154347222222222,6.557111111111107,6.422036252441794,6.285555067465214,6.759575302469626,6.8879972082328935,6.6991875,7.026910714285715,6.6930124503779655,6.641604202146188,7.5118342063305015,6.9611204488818474,8.861357954545456,8.629331168831175,8.1875767482241,9.58474305601511,8.865624945798894,9.26527662129538,7.696279761904761,7.592916666666669,7.4514831429247055,7.300460649470451,7.638526182320511,7.711857202374022
2014-05-31,PREMON,3.2183333333333337,9.371111111111112,11.7975,7.067777777777778,7.396000000000001,8.1125,10.98,10.5,2.6397916666666665,3.2900833333333326,3.2058223092293394,3.1528093728869115,4.047847311940871,4.0513545781995495,8.055229166666667,8.13663888888889,8.600864636656077,8.727486899674947,10.415088858905431,7.6263063241970475,9.675736607142857,10.566830357142853,10.83551631731062,10.581362458916168,11.42041784299255,9.960414314883042,5.186702614379085,5.645576420311722,6.60025048466952,7.708211901601642,9.523920748448008,9.004340951714472,6.133257575757575,6.167777777777774,6.811621751465077,6.646924749031246,7.7196274428312215,7.749334670816755,6.638544642857143,6.787892857142858,7.26080747022678,7.157059056404745,10.283607757919645,8.2217133202046,8.760336538461539,8.770045454545462,9.30454604893446,9.622122269840704,10.376106906418173,9.773278700870849,7.868928571428571,7.487916666666669,8.670889885754823,8.187632135220268,10.171411146773456,9.998443629182423
2014-08-31,MONSOON,2.46,8.301111111111112,9.935,3.981111111111111,4.727,5.482857142857141,9.5025,6.378571428571428,2.5421428571428573,2.7195833333333326,2.9074933855376033,2.9159685145910754,3.29294821662507,3.0196879434717383,7.703611111111112,8.241916666666667,8.48096322643809,8.734648255685272,8.756674125832117,8.97978792750034,9.01216517857143,10.052455357142854,10.475309790386373,10.308816746098579,10.993622015881465,9.74031348461002,4.913719384244925,5.492584967320269,5.552594735246156,7.192290075137859,5.188261124651133,4.209546658344761,6.101640151515152,6.140916666666663,5.977773050879047,5.780413538560533,5.426338070898116,5.179038021866739,6.794129464285715,6.610482142857142,6.549627339278924,6.901795562222241,7.254048425825336,6.307406337239767,8.51552534965035,8.952670454545462,9.383727629360676,9.659632747221416,9.527466717169998,10.128347974498716,7.746428571428572,7.904642857142859,7.753962502881465,7.707021289782808,7.333410776166448,4.805693377135463
2014-11-30,POMKH,1.7416666666666665,5.4875,5.545,2.9670588235294115,5.822727272727272,5.882499999999999,6.287692307692307,6.038571428571428,2.488400297619047,2.5599999999999996,2.4411626979892285,2.545317674693486,1.9897995732042084,2.1932169287540613,7.902986111111112,7.868541666666666,7.283577935862853,7.966155825491588,7.803185791281182,7.7283362541694585,8.140104166666667,9.299017857142854,8.503185874231823,8.641023386290433,9.028436995616751,7.406128100026774,4.783146284829721,4.880820261437917,4.518380370559458,6.516178337425071,4.515757797449703,4.516683474279768,6.147954545454546,6.1255984848484815,5.915754739618337,5.592684311236114,5.323510969243425,5.2387567722747965,7.091755952380953,6.666607142857142,6.282776403567354,6.789154377261941,6.35178488948005,5.9030300743982975,8.302214743589744,8.56800262237763,8.145313500693328,9.697258417274195,7.939132055547487,8.066127813613319,7.668035714285714,7.833214285714288,7.06780607315745,7.264032073890327,6.107383216529541,7.104443659464122
2015-02-28,POMRB,2.677142857142857,6.995,7.6237499999999985,5.770526315789473,6.365,8.208750000000002,7.082000000000002,7.7214285714285715,2.557202380952381,2.524285714285714,2.5355547616506797,2.550496302752678,2.52655053278175,2.228426475858543,7.9650694444444445,7.538680555555556,7.168146761517712,7.75682730204944,7.842053057285232,7.258612601352145,7.097881944444444,8.725312499999998,8.151411524539093,8.252440771028779,8.143969913885186,6.780700888913682,4.773358703130375,4.946618507051952,5.019238748651464,6.338338876468969,5.84355351076687,5.863593244218505,6.3341022727272716,6.077681818181815,6.095452843771002,5.741105139100151,6.4016948849467,6.321220649505013,7.668030753968255,6.921651785714285,7.053165842140413,7.281872498834728,7.9748501596439985,7.008431867088411,8.05591266025641,8.463048076923085,7.719988100415997,9.73503799211167,8.648782666422218,8.881239308543384,7.878273809523809,7.65964285714286,7.329255072465899,7.401470009628247,7.792291526416881,7.695825921164648
2015-05-31,PREMON,2.93125,12.285555555555556,7.115833333333335,5.7600000000000025,7.958181818181817,9.473333333333334,9.693333333333333,10.567142857142855,2.8548065476190474,2.4525148809523807,2.693832856990408,2.6263409632392745,3.379459540977348,3.446066698869627,8.206016865079366,8.267291666666667,9.21511027913285,9.036929555482846,9.52331890294447,7.417830821659977,6.7794476010101,7.554895833333331,7.737180248056789,7.825338074081363,9.145265170904702,8.715338645304426,5.114563768489852,4.619674062607508,5.315543249190879,6.174540180082739,8.280465404136539,8.98074923814307,6.509409090909091,6.218227272727269,6.840544433535328,6.652183357812317,7.443607624309223,7.311383009088668,8.496138888888888,7.261860119047619,8.021232838617582,7.998938907630889,10.678575806337772,8.565728555700327,8.118857371794872,8.141381410256418,8.509326193582933,9.772989412468029,10.128216846667067,9.612438979835128,8.414047619047619,7.676428571428573,8.624410186336682,8.279555068803754,9.789690336239728,9.412356951685382
2015-08-31,MONSOON,3.2975000000000003,5.883333333333333,6.278888888888887,5.210588235294118,5.654,8.732222222222221,8.818750000000003,7.993333333333332,3.1230803571428574,2.6618898809523808,2.9352997141942447,2.7837409131230286,2.769366593915651,2.407475811168965,9.000644841269843,7.662847222222222,7.882399500813042,8.309953200944948,8.88218326144581,9.878844171220674,6.486516729797979,6.640868055555552,7.153863704389628,7.261370532089818,7.549855293561212,6.995056669923624,5.320247570519436,4.92704334365326,5.273561243632175,5.93653596633319,3.9296720477429847,3.7367609346262816,6.597715909090908,6.449977272727269,6.365926660121197,6.353963833215334,5.563134206003512,5.42217404167747,9.112607638888889,8.07420138888889,8.305628592059438,8.387086899440938,7.7100444458688235,6.891706738001271,8.365666666666668,7.970443910256419,8.63309571614976,9.811080076059948,9.120682386905807,9.68686179043861,9.199464285714285,8.08011904761905,8.371979445135342,8.215428290509625,7.235116623875614,6.5586995936231585
2015-11-30,POMKH,3.285,9.832857142857145,6.6536363636363625,4.4672222222222215,6.298181818181818,9.258,7.475,8.709999999999999,3.40578125,3.047723214285714,3.075179828516547,2.890868612203431,1.9831093574615093,2.3794699195029456,8.56297123015873,8.749186507936509,8.662582557630683,8.799839548090631,7.115894077541311,6.125551463084833,6.083652146464646,6.918027146464642,6.953772768088321,7.018651519398856,5.48155487620086,5.1460365446638425,5.6392703227124175,5.302084193326463,4.951025635068193,5.598837496264402,3.8425590640959824,4.856131890229804,6.623409090909091,6.5688409090909055,6.338828723345445,6.369729086343876,5.8494840610364465,5.843059510572937,9.446027777777777,8.91807638888889,8.686577155235662,8.828939354598045,7.377442547741943,7.477453221500075,9.151434294871795,8.267270833333342,8.169857429689856,9.849306046535009,7.489982256367943,7.700275021896096,9.73422619047619,8.747976190476193,8.507187667081205,8.3646523852906,7.090766625302786,6.9730584399144435
2016-02-29,POMRB,3.28,9.006666666666668,4.171666666666667,5.915833333333333,6.595999999999999,9.765,7.8691666666666675,11.333333333333336,3.6114062499999995,3.1984375,3.157107897109928,2.9647772708970006,3.1085052886122266,2.715793287806901,8.82764136904762,9.252103174603176,8.800216201245076,8.96168885992359,8.592475896642181,10.3899929649832,6.321325757575757,6.055006313131309,5.840930327519659,6.017612184920206,6.85782856093393,7.479861887320855,6.066167279411764,5.338410947712427,5.336948714374248,5.532705758443937,5.681701788200135,6.38482761619691,6.701545454545455,6.626590909090904,6.4416972340072665,6.508568738666594,6.902787493365727,6.853454350084633,9.834388888888887,9.30713888888889,9.117946293141397,9.309517010850541,9.580883675180827,9.376727391242534,10.214379006410258,8.464062500000008,8.04958112448058,9.887684437262896,8.449950132383345,9.039603524172522,10.016369047619047,9.650952380952383,9.637645933582057,9.19052501966295,9.841559830890905,9.148326253497382
2016-05-31,PREMON,4.589999999999999,6.772500000000001,7.345,8.166875,7.9327272727272735,10.584444444444443,15.192307692307693,11.233333333333334,3.73125,3.6131249999999997,3.7302647382659564,3.388977389374292,3.9693522955625355,3.952137165513458,10.578169642857143,7.873839285714288,7.989129720747046,8.475009020964217,10.717318565915773,6.982358741232382,6.59964898989899,6.112297979797975,6.442558196511795,6.4375425107786075,6.807332623518787,6.593975582371602,6.614723135964911,5.940129697712426,6.468919228624548,5.862386628820471,8.190881754220428,8.846229670374267,6.848886363636364,6.620227272727269,7.038109249495269,7.238234252892638,7.811679092200559,7.853523858165024,10.382861111111112,9.584916666666667,9.704545553662616,9.901394671218673,12.357380083837228,10.672390072876366,11.02238247863248,9.838806089743597,10.906671751611427,9.926281973095286,10.080205598629135,9.646485693001603,10.443095238095239,9.817500000000003,10.275920893482567,9.764683109138437,12.825656531961247,12.438869848346807
2016-08-31,MONSOON,3.2837500000000004,13.513750000000002,7.9511111111111115,6.2188888888888885,6.304545454545454,10.728,11.823333333333332,9.584285714285716,4.057499999999999,3.6096874999999997,3.551658842959574,3.31609981175104,3.7651741123370828,3.5280722151505204,12.462187500000002,9.781443452380955,10.198977832448229,9.931651824460905,8.105320032757175,8.890768388102398,7.209013888888888,6.530353535353532,7.045979362351522,6.918509095644252,6.458517698447736,7.091120124537007,7.340335773563812,6.192204861111119,6.368907092730284,5.864240936119852,4.42745331944022,4.666594725695965,7.044499999999999,6.782863636363632,6.744683731515343,7.057241155439269,5.737393338810059,5.7162899582996465,10.976349747474748,10.083861111111112,10.11392733219757,10.41075282053384,9.327791614919782,8.836156295702851,12.074917200854701,10.58995192307693,11.273336384300189,9.964997457686088,9.921154080921076,11.401941769786685,10.773035714285717,10.215238095238098,9.999266821803825,9.73202082641708,8.77473178100721,8.390086594454514
2016-11-30,POMKH,4.2575,16.206666666666667,7.207999999999998,7.847368421052631,6.826363636363635,11.65,10.934444444444445,10.532857142857145,4.3134375,3.8528124999999998,3.8339953057757445,3.5415400685718526,2.595522083554858,2.6680874583933436,13.656666666666668,11.374895833333335,12.602053366135603,11.861890841215532,8.80333128169113,10.176516247386866,7.966930555555556,6.668944444444441,7.110787617410913,6.981851621219963,5.732214390173065,6.216575726356764,7.760217820132438,7.03724141081872,6.960291624059223,6.1484489313033475,4.460454951410047,5.187905769323229,7.233522727272726,6.914909090909086,6.777355693454659,7.089370879670522,6.2583151434854125,6.253405258598328,11.346949494949495,10.681861111111111,10.728356399318542,11.051331371754653,9.14985026563992,9.52201208904875,12.14184829059829,11.45481303418804,11.13777960835789,10.003855020370304,8.62760123376154,8.204046894423135,11.201666666666668,10.670952380952384,10.212702950225154,9.967561231554287,8.66279772630538,9.426863613180924
2017-02-28,POMRB,4.9175,17.705000000000005,8.492222222222223,8.340588235294119,7.632727272727273,12.120909090909093,12.83,12.150000000000002,4.58953125,4.2621875,4.267397183465447,3.887599200569518,3.857666622949261,3.8767214713121962,14.088302083333335,13.54947916666667,14.643232019681363,13.852924906571683,11.878712540008245,12.44957509003066,8.291513888888888,7.7490833333333295,7.663361459335436,7.45899155033004,7.255968164655906,7.625018011498996,8.086629686962505,7.6434301363089165,7.5124102685531815,6.51299767779417,6.949497852147792,7.543451198808617,7.295997474747474,7.174090909090904,7.119504325163705,7.454748949689034,7.370399047750243,7.254683374254581,11.290185606060607,11.270838383838385,11.285377475954762,11.683289857692747,11.586012702754482,11.427982926123775,11.592901404151405,12.695021367521374,11.814667765014734,10.0428817892088,9.942722240285576,10.69716601016591,11.851428571428572,10.87511904761905,10.987621770135092,10.581218186826124,11.57197039914644,11.936147118341186
2017-05-31,PREMON,5.0,7.630000000000001,9.087777777777779,9.101176470588236,8.408181818181818,11.193333333333333,10.766923076923078,13.845714285714287,4.65015625,4.3646875,4.5604383100792685,4.154380819086587,5.055873722858432,4.758832929900263,14.294563725490198,13.76385416666667,11.83793921180882,12.646684317380556,15.983120139391376,13.679028509751227,8.530722222222222,8.184777777777775,8.233127986712374,7.973893936048388,9.11021510261586,9.177231705789797,7.958916150670794,7.877005503955976,8.147916749367203,6.998389586021807,9.730886224555224,9.659347104696447,7.2769949494949495,7.292954545454541,7.63497532237095,8.089818199063918,8.55958125652105,8.50456629262558,11.014924242424243,11.423060606060607,11.248559818906191,11.94782109218235,14.554159352764952,12.778809091939223,11.232911324786325,11.58867521367522,11.395569889778072,10.08204063991994,12.103462369780425,11.23232192588548,12.121785714285716,11.528214285714288,12.130858776366772,11.491744363873034,13.979100415557056,11.38254146286392
2017-08-31,MONSOON,5.0825,16.109333333333336,8.804999999999998,7.895882352941176,6.328888888888889,9.665,11.857142857142858,12.17,4.45640625,4.814374999999999,4.769262986047561,4.36541657407737,4.594776258246071,4.476808384875762,13.055411541889484,14.412750000000003,13.546496860418625,13.99845292078342,12.504303467713097,9.536138211825968,8.577222222222222,8.398249999999997,8.461876792027423,8.215633293765869,8.48941081152952,8.16231268116503,7.4944460784313724,8.296253869969048,8.047102990796793,7.258353328198368,5.824948448254804,5.08032099738967,7.192108585858586,7.299040404040399,7.112540748978125,7.594936260879574,6.351114515328673,6.411728011785295,10.642674242424242,11.157310606060607,10.615135891343714,11.756345500852666,11.238215585861203,10.709487892551437,10.544175824175825,11.597127594627603,11.580199076723986,10.121362182120706,10.95800803736502,10.767779157314784,11.945714285714287,12.17464285714286,12.146515265820064,11.69677426616616,10.849394494686315,11.204571957215922
2017-11-30,POMKH,2.94375,15.261176470588234,8.267777777777779,5.148666666666666,6.65,10.510909090909092,8.020714285714286,10.11,4.40125,4.4859374999999995,4.039057791628537,3.906096997697387,3.79317283841285,3.9271976841300384,15.740070632798574,14.176377450980397,14.232368704486468,14.843570499071634,12.99090972688119,15.58889572445624,8.382326388888888,8.663194444444443,8.384237186327566,8.191934911478905,7.191548946446974,6.771071285324201,7.308919883578431,7.621578431372556,6.887728461144743,7.0273809417167925,5.92371024279998,5.92302370585938,7.099551767676767,7.25494949494949,6.927524449386875,7.2684074906934635,6.5817666235136265,6.645913337483766,11.86114393939394,10.87253787878788,10.573445171169865,11.799511140439348,10.350234232056994,10.51505444504277,10.496243131868134,10.868695054945062,10.156405160320105,10.160800027175895,9.511026616290504,9.028639303284155,11.659226190476192,12.068928571428573,11.331909159492039,11.282919876039529,11.060154506845533,11.858197924840258
2018-02-28,POMRB,4.68125,8.737272727272726,7.804444444444441,7.323529411764706,7.129999999999999,10.282,10.233846153846157,11.164285714285716,4.263203125,4.426875,4.295934674977122,4.076816876346186,4.101574818973977,3.771194691494891,20.908278966131906,11.934445632798576,12.034330313600972,13.686021075904613,14.767895931494088,11.583586890917758,8.024027777777777,8.491249999999997,8.152320089574316,8.019233859466604,8.521276148839672,8.292439581801352,7.145713950163398,7.367313725490202,7.062048841392728,7.158853534115843,7.433531016123939,6.638357546864269,7.068314393939394,7.129267676767672,7.008514669632126,7.200171198169649,7.447690600524449,7.468260059853712,13.375914772727272,10.412810606060606,10.456867102701919,11.760864472590544,12.105824475495705,11.587473229429548,10.770716575091576,10.219656593406603,10.187381557730525,10.200412366102803,10.245323742361878,9.924509826993004,11.33434523809524,11.822500000000002,11.264859781409509,11.269732747360642,12.188555266739227,11.232635522573007
2018-05-31,PREMON,4.795,38.075,8.21638888888889,8.634025735294117,8.170454545454547,22.78,12.979615384615386,12.53952380952381,4.169218750000001,4.375624999999999,4.495560804986273,4.229184061355238,5.117434555293465,5.283436649164468,21.935330625257095,19.545695632798576,22.450598188160583,21.07714709039606,15.328902863458097,12.396185716365965,7.7113194444444435,8.273402777777774,8.177947609300144,8.0457116976522,9.427095834378267,8.766942659615207,6.9311518586601295,7.250526041666673,7.690839598953284,7.501201150284202,9.86174359075808,9.271671948477433,7.04645202020202,7.069835858585854,7.4732906199610944,7.624722860595509,8.351212397655228,8.299219178173368,13.199056818181818,13.309477272727273,15.386120261621151,14.935877391641894,14.28461245302052,11.958412069696958,10.708418040293042,10.77282967032968,11.30427508848447,10.240204961138595,11.962661880141496,11.225349252926902,10.733452380952382,11.495952380952383,11.774725392655231,11.63610316544723,13.583943121024184,12.459105039001962
2018-08-31,MONSOON,4.183125,27.01,6.81,7.057385620915032,6.316717171717171,10.1965,11.840238095238096,10.877142857142855,,4.15078125,4.370586482991764,4.162463652416545,4.555106568275222,4.088269196608277,,22.270862299465243,24.274358912896354,24.072408343508698,21.15317587814284,25.564693344066583,,7.774652777777774,7.6307685655800865,7.586034694980176,8.229262457717427,7.682102899244251,,7.0409018586601375,7.437458007737983,7.552104147311276,5.815106923157213,5.0673332849847394,,7.066792929292925,7.010661240663525,7.126448490209135,6.128286579930192,6.111030343328272,,13.442352272727273,13.31027215697269,14.293512953509735,13.697979271422836,14.14751874247535,,10.768603479853489,11.51866029118592,10.28014143234503,11.177204604552669,11.287535217824024,,11.172738095238097,11.41569237845028,11.448460429183562,9.87898214938889,10.93338572942814
2018-11-30,POMKH,3.09125,12.576923076923075,7.76111111111111,4.270666666666667,6.487272727272727,8.564545454545454,7.539230769230769,6.595714285714287,,4.187656249999999,3.8588518897950586,,3.427017006914914,3.871440759485566,,21.599798951048953,19.595384578507044,,23.090940320022014,17.74956497951486,,7.647986111111107,7.682905583792497,,6.088948810421931,5.674109742816208,,6.8214018586601375,6.170741471309457,,5.718903338120116,5.5864302037411955,,7.026111111111106,6.801305835307207,,6.462687289654512,6.45221186913468,,12.955761363636363,11.411981476001795,,12.551844709543776,13.053610919387546,,10.64823260073261,9.92688848240386,,9.694108442152464,9.287839527831178,,10.29416666666667,9.487701141355883,,9.886140354402494,8.997976835043941
