Date,Season,Dari- Ii,Tosham,Kairu,Bawani Khera,Loharu,Bhiwani,Siwani,Badhra,Dadri - I,Dari- Ii_Trend,Dari- Ii_SMA,Dari- Ii_EWMA,Dari- Ii_DES,Dari- Ii_TES,Dari- Ii_ARIMA,Tosham_Trend,Tosham_SMA,Tosham_EWMA,Tosham_DES,Tosham_TES,Tosham_ARIMA,Kairu_Trend,Kairu_SMA,Kairu_EWMA,Kairu_DES,Kairu_TES,Kairu_ARIMA,Bawani Khera_Trend,Bawani Khera_SMA,Bawani Khera_EWMA,Bawani Khera_DES,Bawani Khera_TES,Bawani Khera_ARIMA,Loharu_Trend,Loharu_SMA,Loharu_EWMA,Loharu_DES,Loharu_TES,Loharu_ARIMA,Bhiwani_Trend,Bhiwani_SMA,Bhiwani_EWMA,Bhiwani_DES,Bhiwani_TES,Bhiwani_ARIMA,Siwani_Trend,Siwani_SMA,Siwani_EWMA,Siwani_DES,Siwani_TES,Siwani_ARIMA,Badhra_Trend,Badhra_SMA,Badhra_EWMA,Badhra_DES,Badhra_TES,Badhra_ARIMA,Dadri - I_Trend,Dadri - I_SMA,Dadri - I_EWMA,Dadri - I_DES,Dadri - I_TES,Dadri - I_ARIMA
1996-02-29,POMRB,9.196,9.056000000000001,12.31,13.24,29.655,4.401666666666666,18.166666666666668,47.08,6.093333333333334,,,9.196,8.975166759867404,8.435144855075562,0.0,,,9.056000000000001,8.848616064024238,8.661123985796538,0.0,,,12.31,12.01278956139675,11.529226237262618,0.0,,,13.24,8.84149293179125,13.25,0.0,,,29.655,37.55247320309822,29.665,0.0,,,4.401666666666666,5.051967815781083,4.99648652864011,0.0,,,18.166666666666668,18.04321422094644,18.2271875,0.0,,,47.08,58.14601363172474,47.089999999999996,0.0,,,6.093333333333334,6.609757123424115,6.409567836968306,0.0
1996-05-31,PREMON,9.443999999999999,9.3775,12.224,7.4700000000000015,34.115,4.862,20.9825,54.57,5.5675,,,9.2952,9.10389422344873,9.50374332620272,9.195914344460546,,,9.1846,8.840279675425732,8.865785677400511,9.055985487256866,,,12.2756,12.072805865778731,12.555176357859876,12.309889515744597,,,10.932,8.603322751824173,7.489445983379503,13.23998507340927,,,31.439,41.51304235946721,34.133836565096956,29.652539588318852,,,4.5858,5.056021243535309,5.485153092352137,4.401660683074743,,,19.293,18.80523718456207,21.09650046168052,18.166646237767136,,,50.076,63.35538534336524,54.587673130193906,0.0002263555253219983,,,5.883,6.485882718033857,6.83542462469694,6.093315105014826
1996-08-31,MONSOON,8.52,8.842500000000003,11.58,6.96,34.415000000000006,3.9466666666666654,21.215,48.80166666666667,5.3525,8.833749999999998,,8.98512,9.015998106446833,9.624980967536152,9.266163468748067,9.207,,9.04776,8.729910070359587,8.269821095499506,9.178028823174465,11.814,,11.99736,11.97695167389486,12.166293006435357,12.276317492143392,7.94,,9.3432,8.340380830463312,6.988340942749059,10.294989186034377,33.00687500000001,,32.629400000000004,44.37644741104193,34.44153425004413,31.963260989671603,4.433624999999999,,4.330146666666666,4.943780907060276,4.950045365099418,4.633903035047272,21.020520833333332,,20.061799999999998,19.455733127668378,21.37558749245453,19.977421934610675,50.64060897435897,,49.56626666666667,61.40527058514505,48.825005882909636,0.00035437505879948566,5.680416666666666,,5.6708,6.354277530370006,5.284829031104282,5.7843861039038185
1996-11-30,POMKH,8.563999999999998,9.636,11.595999999999998,7.03,32.12,4.423333333333333,21.255,52.110769230769215,6.25,8.57025,8.931,8.816672,8.95498646161877,8.784592219671898,9.231730600659988,9.0490625,9.228000000000002,9.283056,8.83163539278232,10.08334192399964,9.177972415264543,11.774249999999999,11.927499999999998,11.836815999999999,11.905767109939543,12.009463823202521,12.10914236012548,7.1468750000000005,8.675,8.417919999999999,8.099067184593046,7.066689239595706,9.107613016522453,33.579375,32.57625,32.42564,45.18107170416932,32.153127644054535,32.74261244517175,4.587583333333333,4.408416666666666,4.367421333333333,4.890846040242044,5.25330454308265,4.398000770076353,21.598125000000003,20.404791666666668,20.53908,19.958912503424138,21.45549126245505,19.93994832294646,50.640608974358976,50.640608974358976,50.584067692307684,60.03346867631661,52.138064460292064,0.00037867886665112556,5.525625000000001,5.815833333333333,5.90248,6.316738436180203,6.397884925446332,5.633362875291156
1997-02-28,POMRB,8.418,8.888,11.402000000000001,7.3599999999999985,33.1,4.6033333333333335,23.0925,47.08,5.01,8.906916666666666,8.7365,8.6572032,8.876231477121154,8.723615837461178,8.800007054171672,8.7348125,9.186,9.1250336,8.769060303539547,8.789535591000094,9.097051788177996,11.763749999999998,11.700499999999998,11.6628896,11.80730102808771,11.738676026549843,11.976874006106732,7.0962499999999995,7.205,7.994751999999998,7.899537435428275,13.279233362260408,9.112949835372396,33.362187500000005,33.4375,32.695384000000004,45.2612292774707,29.688923089176832,31.328688038573105,4.89075,4.458833333333332,4.461786133333333,4.860384792730136,4.626777719842323,4.404726114066046,21.5234375,21.63625,21.560448,20.93140412231797,18.387898564376606,20.743844380721228,50.64060897435897,50.64060897435898,49.18244061538461,54.81216714958203,47.10191878062696,47.08040446762871,5.443125,5.545,5.545488,6.170132565097237,6.189666798692011,5.967635045599115
1997-05-31,PREMON,8.113999999999999,8.282,12.813999999999998,7.005,35.25,5.892,20.6775,54.57,5.4125,9.374958333333332,8.404,8.43992192,8.750747425067775,9.367332632967647,8.841168923773179,9.176124999999999,8.912125,8.787820159999999,8.582623157769161,9.008007614590777,9.287856777158632,11.826999999999998,11.847999999999999,12.12333376,12.043288276096623,12.289707938840317,11.827592212874078,7.769375,7.08875,7.598851199999999,7.687553265221396,7.186064718900196,7.9404235747485945,31.501875,33.72125,33.717230400000005,45.23095898223501,34.55061334897243,33.49589720154171,6.251416666666667,4.716333333333331,5.03387168,4.989971653862717,5.184674108102194,4.448613522160636,21.066875,21.56,21.2072688,20.876875402506805,21.794408986838572,21.18057165111087,48.655512820512826,50.64060897435898,51.337464369230766,54.90051498588221,54.58902548343692,54.57,6.3875,5.5062500000000005,5.4922927999999995,6.074055493083032,6.501444802109057,5.495511658911593
1997-08-31,MONSOON,12.543333333333333,7.423999999999999,10.905999999999999,7.02,31.5425,5.3420000000000005,20.9225,48.80166666666667,4.8475,9.151583333333331,9.409833333333335,10.081286485333333,9.564065563683641,8.979144266355025,8.535447353514828,9.4803125,8.5575,8.242292096,8.224393102025385,8.375444110816831,9.164834695851763,11.917750000000002,11.679499999999999,11.636400255999998,11.804651455512074,12.020665751569775,11.667600643043025,8.348125,7.10375,7.367310719999999,7.492426994492073,6.654693399824836,7.677980034518085,30.006875,33.003125,32.84733824,43.24626545702332,34.97515143491067,33.81898304216163,7.247666666666668,5.065166666666665,5.157123008,5.048241528014,4.810771806352461,4.727181166421449,20.084062499999998,21.486874999999998,21.09336128,20.913678645773587,21.993870855509172,20.748464239222756,45.25666666666666,50.64060897435898,50.323145288205126,51.48037372500531,48.81957085928537,48.80166666666667,8.52375,5.380000000000001,5.234375679999999,5.935805424518739,4.974496459950028,5.528793477945331
1997-11-30,POMKH,8.285,14.585,12.776,12.355,20.11,13.913333333333336,17.895,36.23,14.31,9.054583333333332,9.340083333333334,9.3627718912,9.334461168465308,9.275031755880807,9.1307973733836,9.201625,9.79475,10.7793752576,9.605335296939133,9.914007240464477,9.223101342972043,11.7039375,11.9745,12.092240153599999,12.032805815396538,11.793179163759492,11.822757915149035,8.238125,8.434999999999999,9.362386432,7.729392298761802,6.733378112721667,7.556813788335507,29.875937500000003,30.000625,27.752402944,37.171429595140516,32.332226309615905,32.461185195458725,6.942916666666667,7.437666666666665,8.659607138133335,6.189514894823931,5.299969251641045,4.834376537303182,19.843645833333333,20.646874999999998,19.814016768,19.964725472419925,21.995162068742836,21.1328365142003,43.84291666666667,46.670416666666675,44.685887172923074,41.9975022564526,52.12874148243243,52.11076923076922,9.4259375,7.395000000000001,8.864625408,6.670306405205401,6.061832417992592,5.554312499566002
1998-02-28,POMRB,6.9099999999999975,6.3725,10.948,6.665,33.15,3.083333333333333,18.59,35.77,14.04,8.633916666666666,8.963083333333334,8.38166313472,8.867844508002774,9.043035838742613,10.01416154200316,9.123125,9.165875000000002,9.01662515456,8.97537943969895,8.93903541759191,8.249870079842085,12.069125,11.861,11.634544092159999,11.805782088246332,11.826643505183373,11.761205061625688,8.1775,8.261249999999999,8.2834318592,7.525641377985078,10.147338186939294,9.918024143835346,30.036250000000003,30.013125000000002,29.911441766399996,35.85576670946907,30.08850810615663,30.825421891093193,6.714666666666667,7.057666666666666,6.429097616213334,5.953908872744554,5.817629523308057,6.300130678065307,20.062916666666666,19.52125,19.3244100608,19.484279653424394,19.532179322224383,19.647994817241194,43.84291666666667,43.84291666666668,41.11953230375384,35.73515246468211,43.401852459834586,40.62471235944192,9.196354166666667,9.652500000000002,10.9347752448,7.3103134079945065,6.962921261280792,7.891166634730617
1998-05-31,PREMON,8.846,8.568000000000001,11.5575,6.82,34.1525,4.974,23.256666666666664,54.57,3.6,8.213312499999999,9.146083333333335,8.567397880832,8.895005929271882,9.081236076972655,8.354118811638424,8.224,9.237375000000004,8.837175092736,8.885140930388411,8.882272417475829,9.748475367362886,12.305374999999998,11.546875,11.603726455295998,11.763794700853083,12.455817482416123,12.164651101281596,7.36375,8.214999999999998,7.6980591155199996,7.347542778219716,7.208952303000565,7.501191439682775,31.50375,29.738750000000003,31.607865059839998,35.039525881419415,33.49712561839295,33.06800624941091,5.4954375,6.828166666666667,5.847058569728,5.943579458047436,6.047069751323058,5.810310106052428,20.722916666666666,20.166041666666665,20.897312703146664,20.63599117850534,21.03859294180938,20.47266902365472,43.842916666666675,43.84291666666668,46.49971938225231,43.33170587054978,48.76688005220909,49.972659521510955,7.983958333333334,9.199375000000002,8.00086514688,6.94097615921865,8.365600657511479,8.691039262321558
1998-08-31,MONSOON,8.446,6.51,15.083999999999998,6.72,33.9225,4.433999999999998,20.0975,48.80166666666667,4.823333333333333,8.409125,8.121750000000002,8.518838728499201,8.8341792540006,10.176964693194023,8.820854265673324,7.6303125000000005,9.008875000000003,7.9063050556416,8.321820371418296,8.220252444804192,8.844529208357704,12.007375,12.591375,12.995835873177597,12.512165821655746,11.53295964268485,11.353611744854804,6.5175,8.139999999999997,7.306835469312,7.174770875320907,6.960063877343279,7.217506418293183,33.35,30.33375,32.533719035904,34.3085290572055,31.827472499872123,31.941970701705127,4.596791666666666,6.601166666666666,5.281835141836799,5.854827645907019,5.457448568909544,5.688523326483932,21.720104166666665,19.959791666666664,20.577387621887997,20.476260787231073,21.555527627485525,20.950057088061648,43.84291666666666,43.84291666666668,47.42049829601805,46.29935718592235,43.830776107170415,48.801666666691474,5.869583333333333,9.193333333333335,6.7298524214613336,6.717949817041673,6.352883561140304,6.165618166580982
1998-11-30,POMKH,9.0175,8.306000000000001,10.488,6.145,29.47,5.0675,24.0,36.23,4.635,8.721062499999999,8.304875000000003,8.718303237099521,8.903527650229087,8.23500232673125,8.504470451019658,7.784000000000001,7.439125000000002,8.066183033384961,8.22278473342559,10.89840396037549,10.42688050979703,12.023937499999999,12.019375,11.992701523906558,12.077605947227973,12.727686383917515,12.002098507471842,6.39625,6.587499999999996,6.8421012815872,6.9702946235930865,9.777552282751875,7.655321893788442,34.540104166666666,32.67375,31.3082314215424,32.30111850602983,25.531896864385438,27.799539164461507,4.811874999999999,4.389708333333331,5.19610108510208,5.836955488622539,5.758276012120336,5.511955229565784,21.641458333333333,21.486041666666665,21.9464325731328,21.619538175221034,20.831028617131267,20.124978611981547,43.84291666666667,43.84291666666668,42.94429897761083,41.026784010702606,35.3700218164227,36.23,5.445833333333334,6.774583333333334,5.8919114528768,6.499060110627695,7.254910688734053,8.466466949123538
1999-02-28,POMRB,7.744,7.901999999999999,10.852,6.105,38.56,4.739999999999998,20.4625,35.77,6.8,9.024750000000001,8.513375000000003,8.328581942259714,8.696214504727198,8.03910428991689,8.74410468802781,7.921,7.821500000000003,8.000509820030977,8.053481706409347,8.122686779296822,8.345387979348308,11.54475,11.995375000000001,11.536420914343935,11.819444945118542,11.687923190488547,12.357181732232835,6.315625,6.447499999999996,6.54726076895232,6.776853997381183,7.891441359789562,6.535041513136395,35.100520833333334,34.02625,34.20893885292544,33.63921031269218,32.33695516883493,32.91348379217962,4.902625,4.803874999999998,5.013660651061247,5.77067347517478,5.148614559417524,5.451008013131674,21.4184375,21.954166666666666,21.35285954387968,21.32616344777964,19.83115144548458,22.18512388335204,43.84291666666667,43.84291666666668,40.0745793865665,37.000252657190345,36.78646563566797,35.769999999999996,6.0294791666666665,4.964583333333334,6.2551468717260805,6.497691820650004,6.720082478621477,7.6945977843049835
1999-05-31,PREMON,10.5075,8.267999999999999,11.786,6.41,38.26333333333333,5.037999999999999,20.755,54.57,7.45,8.9760625,8.928750000000004,9.200149165355828,9.100773352020349,8.938799592913766,8.555413716988248,8.0781875,7.746500000000002,8.107505892018587,7.998455220946527,8.618791156062304,8.428498470708838,11.249999999999998,12.052500000000002,11.636252548606361,11.825058122224952,12.32155422936144,12.071274331197904,6.323125,6.344999999999997,6.492356461371392,6.621239494366099,6.653657547433431,6.830048693111862,35.68052083333333,35.05395833333333,35.830696645088594,34.86763345378965,35.081692117137386,33.92088807737504,4.941937499999999,4.819874999999998,5.023396390636748,5.73589338369417,5.659842400222071,5.35542987010803,20.7271875,21.32875,21.113715726327808,21.197269804906323,22.21904638095141,19.803570992629332,43.842916666666675,43.84291666666668,45.8727476319399,45.887046257776625,54.38605477721561,54.57,5.940416666666667,5.927083333333333,6.733088123035649,6.55550043096,7.198279839750979,5.49479194623636
1999-08-31,MONSOON,9.214,7.9060000000000015,11.022,6.485,34.295,5.096000000000001,20.815,48.80166666666667,5.6425,9.137125,9.120750000000005,9.205689499213497,9.15661959776114,9.982397552564755,8.656844994827614,8.076125000000001,8.095500000000003,8.026903535211153,7.880953889875035,7.657556087773003,8.000834287289964,11.21275,11.037000000000003,11.390551529163817,11.66021144090138,12.453541985144774,12.029345544947637,6.438125000000001,6.286249999999997,6.4894138768228355,6.484583044033321,6.474427532200915,6.7858357117941335,35.693645833333335,35.14708333333333,35.216417987053156,34.688945249059664,34.53095891472141,33.27208938481276,4.91325,4.985374999999999,5.052437834382049,5.703502912462557,5.124893480951313,5.313402987259943,19.8684375,21.508125,20.994229435796683,21.117209954137135,21.584204659195443,21.98295220960648,43.84291666666666,43.84291666666668,47.04431524583061,49.24268710445803,47.72071020025739,48.80166666666667,5.654895833333333,6.131875,6.29685287382139,6.443607463179272,5.848463427855049,6.54286064894017
1999-11-30,POMKH,7.8599999999999985,8.1675,12.191999999999998,6.44,33.7375,4.7200000000000015,17.7525,36.23,3.103333333333333,9.6313125,8.831375000000005,8.667413699528097,8.921940440318451,8.89778602047054,9.399599076387117,8.052125,8.060875000000003,8.083142121126691,7.849495535524671,10.22454386114835,8.343507652672345,11.183250000000001,11.463000000000003,11.71113091749829,11.79084601057763,11.347225513902929,11.529765178916977,6.670625000000001,6.359999999999998,6.469648326093702,6.356950787704883,7.503930383060746,8.315945680402045,34.34291666666667,36.21395833333333,34.62485079223189,34.34543297834235,29.008280151747105,29.158140348973433,5.2429375,4.898499999999999,4.91946270062923,5.620470544606447,5.546224651044234,5.284952005493509,19.841250000000002,19.94625,19.69753766147801,20.0687591053206,21.923682028815964,19.917971755826787,43.84291666666667,43.84291666666668,42.71858914749836,43.59783095666784,35.22012847373492,36.23,5.370833333333334,5.7489583333333325,5.019445057626167,6.111713085419162,6.9253660771704,5.52465310795078
2000-02-29,POMRB,10.19,8.024000000000001,8.85,6.73,34.3975,4.8580000000000005,19.84,35.77,6.0475,9.771999999999998,9.442875000000004,9.276448219716858,9.21528654176117,8.063029114380454,8.657139385282166,8.0736875,8.091375000000003,8.059485272676016,7.803302410645536,7.959357492822193,8.260921765905772,11.56275,10.962500000000002,10.566678550498974,11.152450722768766,11.251450242509241,11.004388455639528,6.835625,6.516249999999997,6.573788995656221,6.264059318894773,6.716105982631635,5.692190657921907,33.82875,35.17333333333333,34.533910475339134,34.26981511933108,37.13294857515217,36.63045852601244,5.6255625,4.928,4.894877620377539,5.552628198202994,4.920151773786801,5.211671925922328,19.8321875,19.790625,19.754522596886805,19.96149009281563,19.552953049256086,20.694657678265585,43.84291666666667,43.84291666666668,39.93915348849902,38.87120344921821,35.21461070350013,35.77,5.351770833333333,5.560833333333332,5.4306670345757,6.078884871414205,6.231710564181413,5.488879535568028
2000-05-31,PREMON,12.015,7.953999999999999,13.552,7.645,31.620000000000005,7.557500000000001,21.16,54.57,5.93,10.1305,9.819750000000004,10.371868931830114,9.825522962530403,9.927714041696722,9.019843463444994,8.1328125,8.012875000000003,8.01729116360561,7.758733940243116,8.436371004520716,8.317105826506182,11.772749999999998,11.404000000000002,11.760807130299384,11.696226956832177,11.629089109555423,11.315794069111098,6.825,6.824999999999997,7.002273397393733,6.2535554608602375,6.381513790963425,6.570394267330827,33.93239583333334,33.5125,33.368346285203486,33.30591666582734,37.548752134807884,35.290676281997946,6.0673125,5.557875,5.959926572226523,5.8197011577992654,5.473358241416512,5.166107340473306,19.887812500000003,19.891875,20.316713558132083,20.309592602984484,21.395687263083943,19.99574363814552,43.842916666666675,43.84291666666668,45.79149209309941,47.00750025083152,54.15552773867476,54.57,5.754791666666667,5.180833333333332,5.63040022074542,6.038509999522825,6.675010677344027,6.715624474397081
2000-08-31,MONSOON,8.831999999999997,8.3925,12.291999999999998,6.569999999999999,36.825,5.6374999999999975,20.3375,48.80166666666667,7.009999999999999,10.232999999999999,9.724250000000005,9.755921359098068,9.655734026238752,10.446563252648069,9.73177806182684,8.171125,8.134500000000003,8.167374698163366,7.833283615243052,7.59117297624478,8.225249615793405,12.200499999999998,11.7215,11.97328427817963,11.841073494428882,12.069608269471132,11.663719309629492,6.818124999999999,6.846249999999996,6.82936403843624,6.167635255883754,6.416032962928281,6.795858902825545,33.422604166666666,34.144999999999996,34.75100777112209,34.20866702209633,34.373951539508994,33.50315788700547,6.671625000000001,5.69325,5.830955943335913,5.84075646980316,5.266275701764301,5.472603889678676,20.0496875,19.7725,20.325028134879247,20.30523748960541,20.982256924516367,20.99483259702344,43.84291666666666,43.84291666666668,46.99556192252631,49.6998235430984,48.31470885635974,48.80166666666667,5.875937499999999,5.522708333333332,6.182240132447252,6.100089279439788,5.193503752029237,5.995379806878744
2000-11-30,POMKH,11.11,8.154,12.602,6.2700000000000005,32.03666666666667,7.7125,18.675,36.23,4.96,9.9083125,10.536750000000005,10.29755281545884,9.990098095778189,9.126865004996166,10.058301377455951,8.299375,8.131125,8.16202481889802,7.858629194724314,9.69782459652397,8.181335124160231,12.490749999999998,11.824,12.224770566907779,12.022660393466914,11.805120898509509,11.525129587619224,6.6825,6.803749999999996,6.605618423061744,6.068210277581627,6.888572855431403,6.176695051403041,32.80541666666667,33.719791666666666,33.665271329339916,33.46636758800118,31.4695999763181,33.44275247602861,6.722187499999999,6.441375,6.583573566001548,6.116484998467733,5.736086522876674,5.493654487044033,19.930312500000003,20.003125,19.66501688092755,19.767781442068134,20.565835171599375,19.939034648933657,43.84291666666667,43.84291666666668,42.68933715351579,43.6124749243232,35.68761860172175,36.23,5.8549999999999995,5.9868749999999995,5.693344079468351,5.969578886663585,6.5376187148730915,5.887100077014349
2001-02-28,POMRB,7.7600000000000025,8.344,11.862,6.8450000000000015,32.02,6.7,20.2125,35.77,5.16,10.1443125,9.929250000000007,9.282531689275306,9.565902302633903,9.720250839602986,9.562556144855565,8.327062499999998,8.211125000000001,8.23481489133881,7.934953398981693,7.892180139039115,8.217149858281415,12.47425,12.577,12.079662340144669,12.000319766066474,10.984345771989975,11.093106600342773,6.44125,6.832499999999997,6.701371053837047,6.023716806500663,6.693715777757236,6.765969889427849,32.485416666666666,33.125416666666666,33.007162797603954,32.81930023374494,35.55769094088907,35.76135652345909,6.4396875,6.9018749999999995,6.6301441396009295,6.257235175259207,5.449590953739478,5.776055670040391,19.645625,20.096249999999998,19.88401012855653,19.8652800937239,19.346191104468748,20.283923512623474,43.84291666666667,43.84291666666668,39.921602292109476,38.65670377107671,35.269183714925184,35.77,5.98875,5.765,5.48000644768101,5.869668798690508,6.140500666815468,6.112254781636416
2001-05-31,PREMON,11.8475,8.66,12.862,6.444999999999999,29.06,6.12,19.8325,54.57,6.65,10.49625,9.887375000000006,10.308519013565183,10.070549920552638,10.786602995021347,10.16168661748287,8.30875,8.387625000000002,8.404888934803287,8.08653949841048,8.269426482707926,8.168563491498197,12.57,12.4045,12.3925974040868,12.204398623331487,12.989435521875262,12.481841468659415,6.313125,6.532499999999996,6.5988226323022285,5.956393983434181,7.026666785320307,6.782688185460841,32.49395833333334,32.485416666666666,31.428297678562373,31.323220549349205,34.30498084320805,33.4042202059292,6.0750625,6.5424999999999995,6.4260864837605585,6.316638320247438,6.161831820257918,5.893378085250871,19.690312499999997,19.764374999999998,19.863406077133916,19.818168254195466,21.118743245710256,20.11625202343042,43.842916666666675,43.84291666666668,45.78096137526569,46.670723723978554,54.13045564801341,54.57,5.953125000000001,5.945,5.948003868608605,5.914628809281074,6.478592986167404,5.76833621791402
2001-08-31,MONSOON,10.8875,7.907999999999999,12.85,5.84,36.825,4.815,19.3875,48.80166666666667,7.36,11.022083333333333,10.401250000000008,10.54011140813911,10.274974142252658,10.11815095656939,9.1554575029214,8.4145,8.266500000000002,8.20613336088197,8.053611772257732,7.725540811739343,8.25040210710267,12.798750000000002,12.544,12.575558442452081,12.360841760518744,12.633397624144612,12.228309266934872,6.171250000000001,6.349999999999996,6.295293579381337,5.850436422348911,6.377635990671475,6.606819055682623,32.513125,32.485416666666666,33.586978607137425,32.641558085190454,35.10766219900023,34.050587048128904,5.764187499999999,6.336875000000001,5.7816518902563345,6.204721232668623,5.697158984597805,5.922103739413321,20.055104166666666,19.526874999999997,19.673043646280348,19.642415477830845,20.4758599226722,20.137417593929204,43.84291666666666,43.84291666666668,46.98924349182609,49.341882952531506,48.39579039205633,48.80166666666667,6.07625,6.032500000000001,6.5128023211651636,6.019803040002649,5.1181654051504255,6.511747148452029
2001-11-30,POMKH,11.87,8.492,12.81,5.9750000000000005,32.105000000000004,5.6179999999999986,19.9825,36.23,4.325,11.352604166666667,10.591250000000008,11.072066844883466,10.6405755807157,10.219548696728001,11.046592733231549,8.46425,8.351000000000003,8.320480016529183,8.159094317750046,9.319461048832801,8.352425349277574,12.928,12.596,12.669335065471248,12.473945927339777,12.494278514994647,12.675725688595799,6.005625,6.2762499999999966,6.167176147628802,5.764406608147545,6.402780790343867,5.912576688593876,33.72,32.502500000000005,32.99418716428246,32.33507830090393,31.161662555681865,35.36266193923473,5.7635625,5.81325,5.716191134153799,6.187639561756686,6.015105561464778,5.7819610955937435,20.299270833333335,19.853749999999998,19.79682618776821,19.706135583327118,19.71274737062492,19.867985953952576,43.84291666666667,43.84291666666668,42.68554609509565,43.3138379064898,35.83723884195709,36.23,6.479583333333334,5.87375,5.637681392699098,5.839256590445392,6.518477109546355,6.258168340190373
2002-02-28,POMRB,11.206666666666667,8.852,13.484000000000002,6.005,32.105,6.307499999999999,21.82333333333333,35.77,6.78,11.265354166666667,11.452916666666674,11.125906773596746,10.795305584687267,9.694768654239095,10.021330792493357,8.571000000000002,8.478000000000003,8.53308800991751,8.342256064260852,7.957193804514245,8.261310677259385,12.7865,13.0015,12.99520103928275,12.71141073643232,11.5922826758321,11.90772752340189,5.98125,6.066249999999996,6.102305688577282,5.689511520880985,6.619286855746325,6.844035346740398,35.23354166666667,32.52375,32.638512298569474,32.09457684586169,33.277168333422054,32.234367922570364,5.992625,5.715125,5.95271468049228,6.251336299460443,5.441026234083751,5.761227475219158,20.362708333333334,20.256458333333327,20.60742904599426,20.35038090198079,19.28726152777422,20.16824434685236,43.84291666666667,43.84291666666668,39.919327657057394,38.44788379979634,35.39302774750639,35.77,6.754166666666667,6.2787500000000005,6.094608835619459,5.8989229129937355,6.039990345754314,5.554029702060115
2002-05-31,PREMON,11.045000000000002,8.55,12.274000000000001,5.96,38.63,6.5075,20.175,54.57,8.256666666666668,11.303666666666668,11.252291666666675,11.09354406415805,10.88534385679091,12.237842117558797,11.512650960876126,8.74325,8.450500000000005,8.539852805950506,8.43866277895903,8.340047581954906,8.334106040793461,12.725,12.8545,12.70672062356965,12.628529859649865,13.584630992638372,13.33213647709183,6.016875,5.944999999999996,6.045383413146369,5.61945152786058,6.520193784802864,6.725692794411955,36.31520833333333,34.91625,35.035107379141685,34.10007029774259,31.42312136610655,30.31873926890103,6.26125,5.811999999999999,6.174628808295368,6.334036635522936,6.106748176991835,5.830251732091873,20.44708333333333,20.342083333333328,20.434457427596556,20.299517933089973,20.787187388996088,20.558870197761134,45.828012820512825,43.84291666666668,45.779596594234434,46.55320519837272,54.215647561178415,54.57,7.253229166666667,6.680416666666668,6.959431968038342,6.087047225306056,6.605400692177764,6.498461377071407
2002-08-31,MONSOON,10.992,8.872,12.306,6.13,39.363333333333344,6.2600000000000025,19.5525,48.80166666666667,7.95,11.274583333333334,11.278416666666676,11.05292643849483,10.946207678900114,11.057100354633484,10.458865903939559,8.8215,8.691500000000005,8.672711683570302,8.597368487708032,7.746511592816295,8.296239328357261,12.621250000000002,12.718499999999999,12.546432374141789,12.571003300886103,13.060899665767423,13.299568447219876,6.024375,6.017499999999996,6.079230047887821,5.570729580229966,5.8895395568342135,6.129451728330757,37.953541666666666,35.55083333333333,36.76639776081835,36.16739886593333,36.93081294481439,36.006741719054446,6.3635625000000005,6.1732499999999995,6.208777284977222,6.379390962333358,5.6957003030018925,5.915773975790396,20.286354166666666,20.383333333333326,20.081674456557934,20.060740253448984,20.269163798919507,19.991970191851404,49.22685897435897,43.84291666666668,46.98842462320733,49.3014659492986,48.47037208233761,48.80166666666667,7.371041666666667,6.827916666666669,7.355659180823006,6.229393365868963,5.440495692549903,6.895471569014555
2002-11-30,POMKH,12.072,8.905999999999997,12.862,5.97,38.22,6.322,20.4925,52.110769230769215,7.727499999999999,11.270624999999999,11.328916666666677,11.460555863096896,11.217445219552845,11.233190113093453,11.377840106969156,8.9285,8.795000000000005,8.76602701014218,8.744831529521667,9.169526870623736,8.385150472425163,12.639999999999999,12.731499999999999,12.672659424485072,12.649306887842787,12.743695027374173,12.928663681704565,6.10375,6.016249999999995,6.035538028732692,5.516811512515019,6.0096830249759305,6.308645506615512,38.74,37.07958333333333,37.34783865649101,37.5603630379366,32.797736154311536,35.543129833664544,6.3225625,6.34925,6.254066370986333,6.426298174932559,6.1889048057733556,5.9592225339558675,20.0640625,20.510833333333327,20.246004673934763,20.18650098821814,19.84746094118323,20.268546006056898,50.640608974358976,47.81310897435899,49.03736246623208,52.928401226931335,35.9180172823392,36.23,7.153958333333334,7.678541666666669,7.504395508493802,6.337967834984672,6.876172573330025,6.270920339975022
2003-02-28,POMRB,10.772,9.064,12.602,6.07,39.09666666666666,6.4220000000000015,20.027500000000003,47.08,4.32,11.25025,11.22025000000001,11.185133517858137,11.165645944863712,10.514948794160853,10.807067212251003,8.905999999999999,8.848000000000006,8.885216206085307,8.908409066612622,8.190530956953912,8.55373022974346,12.758750000000001,12.510999999999997,12.644395654691044,12.652763934998932,12.148265694978377,12.72733473249043,6.041874999999999,6.032499999999995,6.049322817239615,5.47790721856309,6.145756962658623,6.144258346597529,38.29770833333333,38.8275,38.04736986056127,38.956700610733165,34.53652640129609,31.656295065316787,6.1762500000000005,6.3778749999999995,6.321239822591801,6.479516931035168,5.679066431789594,6.00499660866509,20.151562499999997,20.061874999999993,20.15860280436086,20.130778682628804,19.959122412500424,20.19198618168199,50.64060897435897,50.64060897435899,48.254417479739246,51.87263827905063,39.170045611103085,42.22528764055808,7.185625,7.063541666666669,6.230637305096282,6.1266595036806,6.799972823756072,7.0511485793738675
2003-05-31,PREMON,11.448,9.193999999999999,13.306,6.529999999999999,37.93,6.065,20.1925,54.57,8.98,10.8995,11.32100000000001,11.290280110714882,11.263741411186228,12.09321309433598,11.618744673087608,8.7295,9.009000000000007,9.008729723651184,9.078414548499898,8.433118845678583,8.543588408817161,12.669,12.768999999999997,12.909037392814625,12.811392072326163,13.13921961741944,12.75274400725779,5.811249999999999,6.174999999999995,6.241593690343769,5.481664962454434,6.102272141351316,5.975300346014391,37.916041666666665,38.6525,38.00042191633676,39.62497316965232,37.472318687994324,33.996467499188725,5.958000000000001,6.26725,6.2187438935550805,6.481985645605279,6.329819817979648,6.0575986323076565,20.2275,20.066249999999993,20.172161682616515,20.142915371169845,20.52968035893322,20.165840396768722,50.640608974358976,50.640608974359,50.780650487843545,54.988255691882884,60.110025043484086,59.167340478489045,7.0621875,7.244375000000003,7.33038238305777,6.358798353255852,6.939951218307964,6.397511035477814
2003-08-31,MONSOON,10.425999999999998,8.047999999999998,12.224,5.065,36.525,5.531999999999999,20.235,48.80166666666667,7.48,10.5785,11.179500000000008,10.944568066428928,11.13121193748292,11.31945517083226,10.796426187911507,8.584249999999999,8.803000000000008,8.62443783419071,8.949202841997852,8.055395653108167,8.65643635494725,12.6145,12.748499999999996,12.635022435688775,12.695401114271874,13.041946478969457,12.775032608182917,5.601875,5.908749999999996,5.770956214206262,5.375998003658582,5.946541910207604,5.972454691821045,37.61833333333333,37.94291666666667,37.41025314980206,39.53526319436655,40.15066307849042,38.05968788154375,5.70475,6.085249999999999,5.944046336133048,6.412825717242523,5.838128986935673,6.0585320712835875,20.171875,20.236874999999994,20.19729700956991,20.166135368285413,20.014837793626903,20.209047019022314,50.46060897435897,50.640608974359,49.989056959372796,53.25605875858281,53.52432748663713,48.80166666664186,7.4275,7.126875000000003,7.390229429834662,6.432562875127575,5.826413153019813,7.273560938087691
2003-11-30,POMKH,9.832,8.318,12.225999999999999,5.19,38.005,5.303999999999999,20.4175,52.110769230769215,7.210000000000001,10.50525,10.61950000000001,10.499540839857357,10.90304923967469,11.577508013158905,11.464582558519192,8.413499999999999,8.656000000000008,8.501862700514426,8.873793482740224,9.147258063474805,8.864941075020749,12.620249999999999,12.589499999999996,12.471413461413263,12.605416867720333,12.904134767551746,12.948567451786372,5.349375,5.7137499999999966,5.538573728523756,5.287601451026195,5.858611811312716,6.013114609403689,36.2075,37.88916666666667,37.648151889881234,39.75782776149192,36.87158309908986,35.966518908697864,5.464166666666666,5.830749999999999,5.688027801679828,6.312128250644344,6.225869346323726,5.992137760768126,20.129375,20.218124999999993,20.285378205741942,20.242666058556875,19.98503077900447,20.185380851409615,49.150608974358974,50.640608974359,50.83774186793136,53.44846258994235,52.73688931221486,52.110769230769215,7.7768749999999995,6.997500000000004,7.318137657900797,6.4747737185373495,7.149004127793814,7.134018181484243
2004-02-29,POMRB,10.444,8.489999999999998,12.801999999999998,5.175,36.93,5.414,19.6575,45.64,7.76,10.446250000000001,10.53750000000001,10.477324503914414,10.847322006415892,10.20569299497268,10.421357407681535,8.415375,8.512500000000008,8.497117620308655,8.832084144934525,8.383758405200822,8.757990263257275,12.54675,12.639499999999995,12.603648076847957,12.66284616385091,12.218704437206275,12.825645847537517,5.12875,5.489999999999997,5.393144237114253,5.205180251917715,5.939278884935462,5.561021191024932,35.82520833333333,37.347500000000004,37.36089113392874,39.441790240206004,37.77852566037704,34.950876779892184,5.341333333333333,5.5787499999999985,5.578416681007897,6.223849669929186,5.588207827695661,5.905375761572537,19.997916666666665,20.125624999999992,20.034226923445164,20.054735771219434,19.957167012001516,20.28694482398066,47.657900641025634,50.280608974359,48.758645120758814,49.4861352526319,45.84303844101889,47.08,7.220000000000001,7.8575000000000035,7.494882594740478,6.56292612384138,6.968383842351024,6.122136862494905
2004-05-31,PREMON,11.19,8.402000000000001,13.151999999999996,5.405,28.81,5.1483333333333325,20.2225,45.53,8.335,10.49075,10.47300000000001,10.762394702348647,10.956720194739692,11.539173819179048,10.801211318221304,8.444749999999999,8.31450000000001,8.459070572185194,8.764560534805407,8.572913021678255,8.713971356900698,12.589999999999998,12.600999999999994,12.822988846108773,12.785141893285944,13.17310426734575,12.542065332766311,4.960000000000001,5.208749999999997,5.397886542268552,5.147769256002374,6.119321749991927,5.5302050074377895,36.20479166666667,35.0675,33.940534680357246,36.35452177473916,38.16976905979657,37.99395653350645,5.234874999999999,5.349583333333332,5.406383341938071,6.102708433706284,6.127837197104052,5.8434276221402826,19.768958333333334,20.133124999999993,20.1095361540671,20.09738625798294,20.40377769393515,19.9577754842627,46.54009615384615,48.020608974359,47.46718707245529,46.50867056092729,54.21081192218234,53.984662220240985,6.700000000000001,7.696250000000004,7.830929556844287,6.694914820603291,7.54061256608619,7.549940589928663
2004-08-31,MONSOON,10.212,8.855,11.79,4.425,42.586666666666666,5.4659999999999975,19.15333333333333,45.9,3.67,10.584,10.41950000000001,10.542236821409189,10.842276319314177,10.756117259500758,10.505166874323297,8.33175,8.51625000000001,8.617442343311117,8.80292676912968,7.997523767125788,8.460222218700268,12.736749999999997,12.492499999999993,12.409793307665264,12.578807166837944,12.820231672266837,12.442192360912163,4.8187500000000005,5.0487499999999965,5.008731925361131,5.020031819864799,5.206004391415213,5.576075748426775,34.54666666666667,36.58291666666667,37.39898747488101,38.14195963978154,37.73975564282914,36.25631491990578,5.050749999999999,5.333083333333331,5.430230005162841,6.022868045656578,5.54955278054253,5.755802629963188,19.677708333333335,19.862708333333327,19.72705502577359,19.785329944192675,20.024583558321172,20.34913582657454,45.809374999999996,47.29519230769233,46.84031224347317,44.87930532440345,47.29377904900125,45.127046160404944,6.6325,6.743750000000003,6.166557734106572,6.390557945820082,6.262494680200655,7.186872834014268
2004-11-30,POMKH,10.402000000000001,7.745999999999999,13.005999999999998,4.48,34.980000000000004,4.5183333333333335,19.6675,46.07,6.86,10.56225,10.56200000000001,10.486142092845514,10.790203243037773,10.853747917813273,10.893963636150787,8.24825,8.37325000000001,8.26886540598667,8.57536319396198,8.95231510478503,8.408267917126825,12.934499999999998,12.687499999999993,12.64827598459916,12.687286214923098,12.669535183774144,12.64288324242747,4.708125,4.871249999999996,4.797239155216679,4.904584896227756,5.227322809997967,5.229357487389938,32.954166666666666,35.82666666666667,36.43139248492861,37.23958225828994,37.5599793342991,36.58301957624546,5.005041666666666,5.136666666666665,5.065471336431038,5.82869797106238,5.964261241255892,5.719271468758712,19.62364583333333,19.675208333333327,19.703233015464157,19.720080982253904,19.914396371620832,19.596517625921646,45.833749999999995,45.785000000000025,46.5321873460839,44.24056074777977,50.199634861072184,50.93128650560335,6.522500000000001,6.6562500000000036,6.443934640463944,6.404975784719182,7.024082989818748,6.082081512583452
2005-02-28,POMRB,10.62,8.158,13.195999999999998,4.755,26.69,4.726666666666667,19.6775,45.835,7.57,10.557,10.606000000000009,10.539685255707308,10.793636071426507,10.261541940551076,10.329095686287019,7.978375,8.290250000000011,8.224519243592002,8.45781299826469,8.367943777750822,8.626382306799064,13.3464375,12.785999999999992,12.867365590759494,12.813941314566538,12.470788439835177,12.53508391849179,4.646250000000001,4.766249999999996,4.780343493130007,4.818513764061648,5.245166668109128,5.195801632249834,30.744583333333335,33.266666666666666,32.534835490957164,33.7236135825589,37.04923024173419,38.01520171155264,5.0142500000000005,4.964833333333331,4.929949468525289,5.667021191460854,5.263102978664865,5.567892991112471,19.666979166666664,19.680208333333326,19.692939809278492,19.676699748881205,19.6431680299991,20.269943776008937,45.966249999999995,45.83375000000002,46.25331240765034,44.06334103080662,42.58293919786461,43.18452052113485,6.429166666666667,6.608750000000004,6.8943607842783665,6.482517223738892,6.813724735225355,7.0768482668053725
2005-05-31,PREMON,10.84,8.065999999999999,14.34,4.94,26.31,5.4700000000000015,19.770000000000003,45.53,7.645,10.59975,10.51850000000001,10.659811153424386,10.841739540370916,11.461148515927299,10.729588103682739,7.66825,8.206250000000011,8.161111546155201,8.330818093500747,8.485951518290694,8.452781565101112,13.595375,13.082999999999993,13.456419354455697,13.166073510248872,13.321243241947203,12.957655781382359,4.618125000000001,4.649999999999996,4.844206095878005,4.754150478575419,5.45835959449373,5.358689467205365,27.81875,32.641666666666666,30.0449012945743,30.617332479594666,32.214330522482584,35.43413229347753,5.053208333333334,5.0452499999999985,5.145969681115174,5.604335495741919,5.7588434947861735,5.461859547760633,19.6828125,19.56708333333333,19.723763885567095,19.67625909677576,20.135842923032353,19.557981179288426,46.106875,45.83375000000002,45.9639874445902,44.09536360571643,44.742415671014705,45.60926449102228,6.420208333333333,6.436250000000003,7.19461647056702,6.559485300719989,7.381284133851105,7.062673124845903
2005-08-31,MONSOON,10.52,7.032000000000001,13.8975,4.3950000000000005,27.41,5.218000000000001,19.9525,46.96,3.6133333333333333,10.581,10.595500000000008,10.603886692054632,10.814108052572683,10.57356716117275,10.473168246958513,7.5195,7.750500000000012,7.709466927693121,7.97901010294555,8.113156150101572,8.509280016762846,13.83970833333333,13.609874999999994,13.632851612673418,13.342585989896898,12.960048569568439,12.716267722140229,4.570625000000001,4.642499999999996,4.664523657526803,4.653848475389277,4.513232611595758,4.666913788087063,28.299166666666665,28.847499999999997,28.99094077674458,28.482531764575956,38.722440214713636,35.33394058019418,5.154083333333334,4.983249999999999,5.174781808669104,5.516502088077314,5.264241872149406,5.462885597091255,19.51,19.766875,19.815258331340257,19.736720780212302,19.57590080607694,20.20153840709661,46.090625,46.098750000000024,46.36239246675412,45.2227874844412,45.538768763799624,45.89999999999957,6.304270833333333,6.422083333333337,5.7621032156735446,6.262881494823342,6.033052623925893,6.108846392195551
2005-11-30,POMKH,10.436,7.088000000000001,12.889999999999995,4.285,26.75,5.077999999999999,18.995,46.13500000000001,6.845,10.63125,10.604000000000008,10.53673201523278,10.774754128073372,10.790430815319663,10.770085508784266,7.4460000000000015,7.586000000000012,7.460880156615873,7.677340657927416,8.558321785765251,8.338629600213642,14.224791666666665,13.580874999999992,13.335710967604049,13.257039203897557,13.515357019766945,13.338923473349919,4.54375,4.593749999999996,4.512714194516081,4.552432388815071,4.581969541540422,4.6074210865647505,32.34708333333333,26.789999999999996,28.094564466046748,26.698618686506656,32.98954058330486,33.26850212889815,5.175750000000001,5.123166666666665,5.136069085201463,5.418353485818475,5.6834710512917095,5.432019971547406,19.323000000000004,19.59875,19.487154998804154,19.47509951291801,19.726273005115075,19.627120197168384,46.06625,46.11500000000003,46.271435480052475,45.690419377064174,46.90687334951349,46.500873643433714,6.115208333333334,6.4183333333333366,6.1952619294041265,6.28809889824458,6.817468440134007,6.177380832093997
2006-02-28,POMRB,10.436,7.626,15.266666666666666,4.57,38.763333333333335,4.974,18.9675,45.64,6.6575000000000015,10.711499999999997,10.558000000000009,10.496439209139668,10.743374860285858,10.433544822905485,10.449510384755653,7.518437500000001,7.453000000000012,7.526928093969524,7.540982982896724,8.165916721052056,8.17949386169233,14.464270833333332,14.098541666666659,14.108093247229096,13.716767971311594,13.20432179613532,13.662566962672399,4.535625,4.547499999999996,4.535628516709648,4.480846494779952,4.754917695063865,4.669999068902738,37.37422619047619,29.80833333333333,32.362072012961384,29.348612448347662,28.033978751453073,32.70917505445472,5.1905,5.184999999999999,5.071241451120878,5.315128950922339,5.084145442048798,5.3873995578152964,19.169576388888892,19.42125,19.279292999282493,19.273920195936224,19.455660460816272,19.82458524250234,45.93375,46.06625000000003,46.01886128803149,45.743895894758744,45.92864074180474,45.86142149700069,6.431979166666668,6.190208333333336,6.3801571576424765,6.2938814858328245,6.632426767986726,6.745128459587405
2006-05-31,PREMON,11.425999999999998,8.010000000000002,15.35,4.91,46.62,5.396,18.984,45.53,7.045,10.73725,10.704500000000007,10.868263525483801,10.922502470543854,11.302695254327972,10.627558297804292,7.654375000000001,7.439000000000012,7.720156856381714,7.525508185311371,8.221928605750826,7.974935048273927,14.87,14.351041666666656,14.604855948337457,14.093633220411467,14.394607898051401,13.949566796210629,4.5600000000000005,4.539999999999996,4.685377110025789,4.442672844714806,4.966239693559525,4.713023009152904,42.26736904761905,34.88583333333333,38.06524320777683,34.65518116970082,27.388126811522497,29.546576120176965,5.274249999999999,5.166499999999998,5.201144870672527,5.271914902145379,5.631536831195336,5.335295535987958,19.206972222222223,19.22475,19.161175799569495,19.132692685913852,19.79569625960648,19.41771317871807,45.793125,46.06625000000003,45.82331677281889,45.69060722409173,45.42251416676567,45.450735508990824,6.8165625,6.040208333333337,6.646094294585486,6.334314070712151,7.103377967612845,6.73493681174651
2006-08-31,MONSOON,10.575999999999999,7.6675,14.803333333333333,4.359999999999999,47.31714285714286,5.41,19.511111111111113,45.9,6.7475,11.072125,10.718500000000006,10.75135811529028,10.890053005887982,10.710303234398566,10.576464723845648,7.743625000000001,7.597875000000012,7.6990941138290285,7.452306879019023,7.7147127621758145,7.670600687342857,15.188125,14.577499999999988,14.684246902335808,14.266355261822579,14.00246209669141,14.101488809566773,4.62625,4.531249999999996,4.555226266015474,4.367392475038276,4.254209789128603,4.377205996421363,45.73336904761905,39.86261904761905,41.76600306752324,39.82348235972358,34.11791509526138,33.95326964108875,5.421250000000001,5.214499999999998,5.284686922403516,5.2371140959515,5.143394027892081,5.342946538803453,19.280947916666666,19.11440277777778,19.30114992418614,19.20082173182085,19.32679306778219,19.62378536148223,45.833749999999995,45.80125000000003,45.853990063691334,45.85286985123131,46.58631187645961,46.96000000000043,6.938124999999999,6.823750000000003,6.686656576751291,6.343869980323463,5.712590633449704,6.104830661548276
2006-11-30,POMKH,10.586,7.54,15.23,4.5150000000000015,45.988,5.556,19.735555555555557,46.07,6.7875,11.070625000000001,10.756000000000006,10.685214869174168,10.866241185199728,10.831187310277066,10.933100536231308,7.67744642857143,7.710875000000012,7.635456468297417,7.372905832672388,8.115984392886842,7.712259263535367,15.379375,15.162499999999989,14.902548141401486,14.495515238756198,14.18537739072651,14.491472803374092,4.624375000000001,4.588749999999996,4.539135759609285,4.310841442489527,4.239467716907331,4.430368480988077,44.42461904761905,44.67211904761905,43.454801840513944,43.914874307493555,33.77723950783392,33.546778313015366,5.559,5.333999999999999,5.393212153442109,5.226492401410031,5.6005289315503,5.351397697461167,19.101020833333337,19.29954166666667,19.47491217673391,19.327097895489242,19.203225605938574,19.472412727648695,46.14874999999999,45.785000000000025,45.940394038214805,46.05729139877365,45.74299595090767,45.704126356566306,7.1271875,6.809375000000003,6.726993946050775,6.356149249498751,6.953440427991692,6.805767653420099
2007-02-28,POMRB,12.965,7.888,15.47166666666667,4.87,47.25333333333333,5.6720000000000015,18.81875,46.03,7.687500000000001,10.4206875,11.388250000000005,11.597128921504499,11.33782889200621,10.590749601061942,10.534732023560888,7.553205357142858,7.776375000000011,7.736473880978451,7.3973683434312845,7.949996509131292,7.832108563566121,15.633125,15.21374999999999,15.130195551507558,14.727697852159384,14.810101543191664,15.139059053327749,4.60875,4.663749999999996,4.671481455765571,4.288157432090545,4.50191047044162,4.5262127578996845,41.99397619047619,46.79461904761905,44.9742144376417,47.71187666088743,39.41524382061419,36.08383847496225,5.621,5.508499999999999,5.504727292065265,5.235392772198159,5.069169005468058,5.37718485810448,18.84173611111111,19.262354166666668,19.212447306040346,19.12857307474416,19.11034334068858,19.69001033536177,46.67999999999999,45.88250000000002,45.976236422928885,46.15419920983891,45.36562836703143,45.61357850299931,7.2634375,7.066875000000002,7.111196367630466,6.449015597927136,6.742836764128902,6.643433983684846
2007-05-31,PREMON,8.885,7.218571428571429,16.675,4.595,27.66,5.8,17.693333333333328,47.66,7.5275,9.999500000000001,10.753000000000004,10.5122773529027,10.872516294801283,11.949315699250608,11.167243069665332,7.546017857142857,7.5785178571428675,7.5293129000156425,7.27978505564852,8.09156605543591,7.8632563069904196,15.525250000000002,15.54499999999999,15.748117330904535,15.175242003456116,15.46826502680985,15.59635159161071,4.6312500000000005,4.5849999999999955,4.6408888734593425,4.249088717065457,4.81198352124645,4.600595262731766,42.09108333333333,42.05461904761905,38.048528662585014,43.88434886782376,43.07405230428743,36.809344021144966,5.5955,5.609499999999999,5.622836375239158,5.264310807108776,5.70294708030689,5.414341908523294,18.557048611111114,18.939687499999998,18.60480171695754,18.622288716811624,19.398673498003436,19.182956508060087,46.96125,46.41500000000002,46.649741853757334,47.16962794237991,45.382009857032784,45.688528982018205,7.475937500000001,7.187500000000002,7.27771782057828,6.51850116474697,7.335286441754687,6.969167836196768
2007-08-31,MONSOON,7.9175,7.465,15.508333333333333,4.55,46.832,5.5020000000000024,18.7275,48.02,7.355,9.5490625,10.088375000000005,9.47436641174162,10.301985906327234,10.673720158885985,11.134703456594712,7.594571428571428,7.527892857142867,7.503587740009385,7.241378530119423,7.590303621846723,7.878882512097916,15.121791666666667,15.721249999999989,15.652203731876053,15.265738375231356,15.09380109606509,15.540826519273734,4.600624999999999,4.632499999999996,4.6045333240756054,4.2117770952875855,4.178247183624667,4.604033820631077,42.17372916666666,41.93333333333333,41.56191719755101,46.40015203302219,43.496939106521964,37.347106535863716,5.526250000000001,5.632499999999999,5.574501825143496,5.259700373249621,5.255101999060575,5.462948223913287,18.37078125,18.743784722222216,18.653881030174524,18.582958859789073,19.031203759312174,19.065697569249203,47.061249999999994,46.94500000000002,47.1978451122544,48.068255713489265,46.43331563283608,46.76581213255934,7.616875,7.339375000000001,7.308630692346968,6.565697640936198,5.977607872218883,7.063379574296622
2007-11-30,POMKH,9.875,7.685,13.662,4.505,47.25,5.26,18.24166666666667,46.2,7.88,9.3925,9.910625000000005,9.634619847044972,10.250724139430517,10.259646650547436,9.78090887984404,7.701741071428572,7.564142857142867,7.576152644005631,7.2708063274545625,7.876042275915162,7.718853140618299,14.834125,15.329249999999988,14.856122239125632,14.927334909772986,15.250911702123243,15.619194712156663,4.628125,4.6299999999999955,4.564719994445364,4.176013737060361,4.269052685736905,4.568730118616587,44.599875000000004,42.24883333333333,43.837150318530604,48.501857620159775,41.73801750872231,38.03914512571257,5.51125,5.5584999999999996,5.448701095086098,5.228796094937088,5.709849016915541,5.467870093835273,18.552440476190476,18.370312499999997,18.488995284771384,18.402540211963483,18.90993781302899,19.156639905222246,47.1625,46.97750000000002,46.79870706735264,47.4898999005413,46.976124789930196,46.93174728686275,7.66,7.612500000000001,7.537178415408181,6.656089737086258,7.263707325909081,6.9065919932734925
2008-02-29,POMRB,10.0725,8.131428571428572,13.812000000000001,4.635,46.6525,5.414,18.822500000000005,46.7,7.7225,9.255729166666667,9.187500000000004,9.809771908226983,10.250576562694116,10.692494278918893,9.86094874151948,7.781785714285714,7.625000000000011,7.798263014974807,7.415077742629985,7.830103523858679,7.727610504660556,14.681833333333334,14.91433333333332,14.43847334347538,14.69673792478783,15.249303864385105,15.955761745207315,4.504375,4.571249999999995,4.592831996667218,4.15531923347228,4.580228316167795,4.64754264847909,47.140625,42.098625,44.96329019111836,49.817398816574766,44.61370608979501,41.56753287515838,5.427625000000001,5.493999999999999,5.434820657051659,5.220828738225365,5.129379110443007,5.44167133862658,18.691443452380952,18.371249999999996,18.622397170862833,18.46033263269698,18.484322458154153,18.77799517115554,47.24125,47.14500000000002,46.759224240411584,47.22537156923074,46.7160296173126,46.082842994001375,7.595625,7.62125,7.611307049244909,6.723563845602756,7.15645421060085,7.319380195788405
2008-05-31,PREMON,10.525,7.8325,16.03333333333333,5.05,47.67,5.9380000000000015,19.142857142857142,47.8,7.837499999999999,8.863333333333333,9.597500000000004,10.095863144936189,10.343769053492961,10.020280618916663,9.85336374324096,7.740892857142857,7.778482142857152,7.811957808984884,7.488293813900069,7.815898047837526,7.557500425734418,14.773666666666665,14.753916666666651,15.076417339418562,15.008979025747857,15.595650556366637,15.545746602140927,4.2543750000000005,4.684999999999995,4.775699198000331,4.171590233189287,4.567111808998966,4.713179455075458,47.376875000000005,47.101125,46.04597411467102,50.94839871339073,36.597715837620704,39.819666434454255,5.196000000000001,5.528499999999999,5.636092394230996,5.280739322110916,5.724601750751051,5.438183805976788,18.68244047619048,18.73363095238095,18.830581159660557,18.611220038554304,18.51539495563443,19.14880419452181,47.5125,47.180000000000014,47.17553454424695,47.638371806981695,47.931167176985284,47.93234466141537,7.353125,7.6987499999999995,7.701784229546945,6.795057218267076,7.69888002618216,7.221148070272583
2008-08-31,MONSOON,5.183333333333334,7.491428571428571,14.931666666666667,3.1050000000000004,47.148,4.695,18.39,48.51,6.530000000000001,8.710208333333334,8.913958333333337,8.130851220295046,9.31657036285532,9.514893252495904,10.047823890938997,7.524642857142857,7.785089285714295,7.683746113962359,7.480208212882027,7.5049852793598175,7.685350695320793,15.053374999999999,14.609749999999986,15.018517070317804,15.008389561214337,14.888404133539924,14.872498564633084,4.10875,4.323749999999995,4.1074195188001985,4.0387309476628825,4.28324479737805,4.705717773882086,47.7685625,47.180125000000004,46.48678446880261,51.40146217261018,48.933100225397034,46.0292328742813,4.922000000000001,5.326749999999999,5.259655436538598,5.188619048862721,5.290853471166663,5.501177638279265,18.670848214285716,18.649255952380948,18.654348695796333,18.485294293603665,18.688494511881405,18.87634856459943,47.894999999999996,47.30250000000001,47.70932072654817,48.33464196151783,47.94421478060897,48.07690783969733,7.0884374999999995,7.492500000000001,7.233070537728167,6.740965863295245,6.334120541335002,7.230224537675902
2008-11-30,POMKH,9.47,7.331428571428572,14.973333333333334,3.95,48.824,4.214,18.507142857142856,47.88,6.7650000000000015,8.630833333333332,8.812708333333337,8.666510732177027,9.38147746385262,9.43111671218761,9.353706142594822,7.254776785714285,7.696696428571438,7.542819096948843,7.436587349984633,7.781606708870045,7.796361137458349,15.039250000000001,14.93758333333332,15.000443575524017,15.017159000452548,14.527753731649327,14.85918282927879,3.9650000000000007,4.184999999999995,4.04445171128012,3.978487339512476,4.219874017853387,4.441531989919023,48.17075,47.57362500000001,47.42167068128157,52.01763148713931,47.85295788538228,46.51119796654616,4.67225,5.065249999999999,4.841393261923159,5.042256630450611,5.643489812143318,5.399571921467901,18.56267857142857,18.715624999999992,18.595466360334942,18.43330120289157,18.49101340291085,18.889735644062277,48.29875,47.72250000000001,47.7775924359289,48.392595245657375,46.39879890745029,46.399177438945465,7.072604166666666,7.213750000000002,7.045842322636901,6.713374734093537,7.464115654577056,7.115260706837975
2009-02-28,POMRB,9.2525,6.755,14.738333333333335,4.025,48.212,4.268,18.464285714285715,48.08,6.72,9.187916666666666,8.607708333333337,8.900906439306215,9.388381085921015,9.882683446268,8.167341061806516,7.199107142857142,7.352589285714295,7.227691458169306,7.262714833944641,7.8276779582906775,7.871673745734379,14.446312500000001,15.169166666666655,14.895599478647743,14.971944207690957,14.978214861688418,14.912682748373758,4.1025,4.032499999999995,4.036671026768072,3.929162466618994,4.406549831019788,4.45435002708527,49.025124999999996,47.9635,47.73780240876894,52.05300473931215,48.74171322039046,47.86731248219925,4.6591249999999995,4.778749999999999,4.612035957153895,4.909965688246951,4.944323245968333,5.250149742715518,18.568214285714284,18.626071428571418,18.54299410191525,18.384867362478392,18.356895061365876,18.780099280158144,48.378750000000004,48.06750000000001,47.898555461557336,48.45541357556546,47.25610597141339,47.38289407638444,7.274895833333333,6.9631250000000025,6.915505393582141,6.684324036305979,7.183067577154433,7.01358054136581
2009-05-31,PREMON,10.71,7.049999999999999,14.994000000000002,4.51,49.328,5.086,18.63571428571429,49.65,8.713333333333333,9.680000000000001,8.653958333333337,9.62454386358373,9.694437280403177,9.509136619297228,9.52578847945714,7.223258928571429,7.156964285714294,7.156614874901583,7.173323918930592,7.698083173442307,7.81063992397148,13.978125,14.909333333333322,14.934959687188645,14.99332356562427,15.984034016962205,15.60981950897699,4.3225,3.8974999999999946,4.2260026160608435,3.9226379309113173,4.592062817271013,4.311086566433793,49.6239375,48.378,48.37388144526136,52.18935703106267,44.84217065099736,44.64109884745072,4.820125,4.565749999999998,4.801621574292337,4.886053661615188,5.4231145783897,5.126365693357317,18.748541666666668,18.499285714285705,18.580082175434868,18.407951168122334,18.429589947764228,18.774549574992147,48.39874999999999,48.530000000000015,48.599133276934396,49.37048764909024,48.61788535349593,48.360948705598695,7.379895833333334,7.1820833333333365,7.634636569482617,6.83911676131941,7.589524420475466,7.042459802729375
2009-08-31,MONSOON,9.455,7.828571428571428,11.2275,4.745,52.325,5.4419999999999975,18.94142857142857,47.3,7.272500000000001,9.7740625,9.721875000000004,9.556726318150238,9.679680491172565,7.845201912309568,8.821339783906824,7.302299107142857,7.241250000000008,7.425397496369522,7.279605119781469,7.35149536053842,7.548093160580659,14.033166666666666,13.983291666666654,13.451975812313187,14.175727324715261,14.896092701772014,15.03151082149327,4.369375,4.307499999999995,4.433601569636506,3.938336168716268,3.3988853668337065,4.113557934405799,50.03637500000001,49.67225,49.95432886715682,53.10284978996105,50.42871907991848,50.04533807161739,4.921749999999999,4.752499999999997,5.057772944575401,4.911151837494902,4.92266426466956,5.1212782538654125,18.819092261904764,18.637142857142848,18.72462073383235,18.52721704166962,18.36374505062785,18.75477659277998,48.807500000000005,48.22750000000002,48.07947996616063,48.54330388421741,49.51255293343178,49.26199645315959,7.448020833333334,7.367708333333336,7.489781941689571,6.848277731032452,6.354930505211833,7.2111303472890995
2009-11-30,POMKH,9.135,7.1875,14.932,4.07,48.4375,4.755,19.398333333333333,49.25,6.8625000000000025,10.181249999999999,9.638125000000004,9.388035790890143,9.601926711898653,10.074694494875793,10.05574306451623,7.554017857142856,7.205267857142865,7.330238497821713,7.23557321509937,7.553946146407807,7.353365982202081,14.3675625,13.972958333333318,14.04398548738791,14.358855430766967,13.860225102862852,14.10902189668441,4.5025,4.337499999999995,4.2881609417819035,3.9040839240118226,3.9481625243091836,4.317563276368065,51.366125,49.575625,49.347597320294085,52.42612146848448,51.11723762722768,51.73638830351668,4.976249999999999,4.887749999999997,4.936663766745241,4.855341651347265,5.410420778664994,5.161700006712633,18.886815476190478,18.85994047619047,18.994105773632743,18.76629910551397,18.334783328167404,18.851621865389333,49.195,48.57000000000002,48.54768797969638,49.01194604766874,48.129843650049715,47.38815367117066,6.948958333333334,7.392083333333337,7.238869165013743,6.819321293722623,7.580277069218511,7.030094349286063
2010-02-28,POMRB,10.34,7.53125,15.22,4.28,51.898,4.54,18.1375,49.98,7.1675,10.371875000000001,9.910000000000004,9.768821474534086,9.788412330518739,10.158822808961572,8.9657018478835,7.568133928571428,7.399330357142865,7.410643098693028,7.279123058841293,7.471375233781318,7.354899017250938,15.441645833333332,14.093374999999986,14.514391292432746,14.565413961014848,14.288541271733196,13.3338444417054,4.5443750000000005,4.401249999999996,4.284896565069142,3.8901162220602354,4.09946009186974,4.282414115711221,51.49825,50.497125,50.367758392176455,52.80564970639667,50.945970372788054,49.9413525083603,4.934749999999999,4.9557499999999965,4.777998260047145,4.7785692377170585,4.805043088066203,5.1104421038770855,19.038958333333333,18.77824404761904,18.651463464179646,18.54025067580017,18.35179192873631,18.970777969450445,49.723749999999995,49.045000000000016,49.12061278781783,49.766315917386144,48.40913681668826,48.63688385991227,5.939583333333335,7.503958333333337,7.210321499008247,6.820829645607313,7.296763400100953,6.95311211072998
2010-05-31,PREMON,12.88,8.287499999999998,17.1875,5.32,56.28,5.25,19.504285714285714,50.85,4.273333333333333,10.549375000000001,10.452500000000004,11.013292884720453,10.460882783010037,10.43107856646952,9.877478058533118,7.460062499999999,7.708705357142865,7.7613858592158165,7.502334572792528,7.473726656385842,7.3310621937041685,16.766604166666667,14.641749999999988,15.583634775459647,15.162241088690665,15.370147131407359,14.488581485219974,4.5075,4.603749999999996,4.698937939041485,3.961332969265447,4.476520631738234,4.4711525861126855,51.8891875,52.235125000000004,52.73265503530587,54.499867744271526,49.62975638137663,49.54670737643124,4.859625,4.996749999999997,4.966798956028287,4.795218465490611,5.333666543835933,5.038547190420789,18.878988095238096,18.995386904761897,18.992592364222073,18.814581597650662,18.429506443112743,18.52279725731195,50.29249999999999,49.34500000000001,49.8123676726907,50.77025026523947,50.12603304596266,50.42232068162346,5.106145833333334,6.393958333333337,6.035526232738281,6.559285721783818,7.747323266825663,7.483624692247732
2010-08-31,MONSOON,8.81,6.7040000000000015,17.626666666666665,4.27,46.43,4.9460000000000015,19.290000000000006,50.33,3.6375,10.845416666666667,10.291250000000005,10.131975730832272,10.157808270047223,9.11698683227548,10.000803080607144,7.4144375,7.427562500000008,7.338431515529491,7.33967782737772,7.419919836200322,7.462317741276928,17.372416666666666,16.241541666666656,16.400847531942453,15.724804600086195,14.269839852944372,14.153747125650103,4.418125,4.484999999999996,4.527362763424891,3.9514397999967534,4.090631238069516,4.003380580210881,53.70558333333333,50.761375,50.21159302118352,52.59174902876052,54.293064442028594,51.1008203662919,4.72525,4.872749999999998,4.9584793736169726,4.778070810692907,4.863924868686412,5.065197361742229,18.72165178571429,19.082529761904755,19.111555418533246,18.95147366883601,18.561041792050418,19.28838631705852,50.64,50.102500000000006,50.01942060361442,51.05786554291991,48.42089448606956,47.78778148312834,4.304479166666667,5.485208333333337,5.076315739642968,6.2648962481574175,5.905256934901725,6.391158150962854
2010-11-30,POMKH,11.2,7.4475,19.1325,4.25,57.46,4.65,17.77,50.77,3.83,10.444270833333334,10.807500000000006,10.559185438499362,10.408991229878284,10.2955926654086,10.850918211758234,7.255531250000001,7.492562500000007,7.382058909317695,7.359297681687512,7.399884452469366,7.63618753851837,17.266229166666665,17.291666666666654,17.493508519165474,16.49691811883237,15.724008441787186,15.704242139954307,4.18875,4.529999999999996,4.416417658054935,3.9425143005942385,3.937815304243587,4.2592523735126715,53.56135416666667,53.016999999999996,53.11095581271011,54.44132734362933,51.754113707776185,50.285932064531195,4.4725,4.846499999999998,4.835087624170184,4.728614479205638,5.298701378818073,5.05017448332852,18.675892857142856,18.67544642857142,18.574933251119948,18.564484491316144,18.679687474425485,18.650952876806503,50.95375000000001,50.48250000000001,50.319652362168654,51.36154279452349,50.65497446521729,50.48164824490696,4.146458333333333,4.727083333333336,4.577789443785781,6.016036533081681,6.709750388809494,6.03397968022235
2011-02-28,POMRB,10.643333333333334,6.90625,15.866,3.385,57.40666666666666,3.5700000000000003,18.50714285714286,51.24,3.786666666666666,10.036145833333334,10.88333333333334,10.59284459643295,10.494484215955044,11.034736078374763,9.62828113812536,7.24034375,7.336312500000007,7.191735345590617,7.251404086293778,7.422510400714544,7.472927733671741,17.035020833333334,17.453166666666654,16.842505111499285,16.375346548457312,16.60227642342023,16.701043568134605,4.064375,4.306249999999995,4.0038505948329615,3.867869679729139,4.134225426039101,4.269934742094727,52.53791666666666,54.394166666666656,54.82924015429273,56.01486932232258,54.246187976418156,50.192881608218904,4.2443125,4.603999999999998,4.329052574502111,4.551795737532134,4.69413783389484,4.999739036273776,18.463035714285713,18.767857142857135,18.547817093529112,18.51540589935137,18.22749945755062,18.777290725981327,51.4125,50.797500000000014,50.68779141730119,51.71666208662968,51.17419337989955,50.597856545294526,4.715416666666666,3.8818750000000026,4.2613403329381345,5.786946208882047,6.140591522697381,6.003693825879622
2011-05-31,PREMON,9.3675,7.6412499999999985,15.691999999999998,4.38,49.61750000000001,4.198,18.768571428571427,52.1,6.3900000000000015,9.731770833333332,10.00520833333334,10.102706757859771,10.299562972488426,11.802796396986537,11.100289241978084,7.2434375,7.1747500000000075,7.37154120735437,7.324221502021822,7.558489543888015,7.694354012787506,16.7048125,17.079291666666652,16.38230306689957,16.242028372759457,17.535848379483763,17.654497393979636,4.03375,4.071249999999995,4.154310356899777,3.8750695534365254,4.812889188831909,4.402515516452123,51.008541666666666,52.728541666666665,52.74454409257564,54.67586395045005,55.94640011676024,54.10000443462898,3.9911666666666665,4.340999999999998,4.276631544701266,4.461426969886681,5.1186704053378556,4.819543828963379,18.346785714285712,18.583928571428565,18.63611882754604,18.56521869764405,18.64159548795682,18.664386420651482,52.012499999999996,51.110000000000014,51.252674850380714,52.35757010050622,51.96799130677934,51.3621705572858,5.232916666666666,4.411041666666669,5.1128041997628815,5.816167567136784,6.29722368269837,5.033484153885673
2011-08-31,MONSOON,9.0575,7.22875,17.2725,4.215,44.905,4.1725,18.322857142857146,52.75,6.0725,8.993541666666667,10.067083333333338,9.684624054715862,10.080215263797909,8.81073431964717,9.800447190303862,7.251406249999999,7.305937500000008,7.314424724412621,7.297979453039256,7.156238397404327,7.222331546742212,17.836875,16.990749999999984,16.738381840139745,16.488166754590598,16.021263565701304,16.31195845844686,4.149375,4.057499999999995,4.178586214139866,3.871437268188611,4.008377692822727,4.519560345076747,50.50520833333334,52.34729166666666,49.60872645554538,51.786056933917216,52.309748236632885,47.73576175788295,3.8597083333333337,4.147624999999998,4.23497892682076,4.375778704315152,4.547514453647073,4.741208404008384,18.14397321428571,18.34214285714285,18.51081415367048,18.460671707635317,18.60306056799901,18.808946523720273,52.555,51.71500000000002,51.85160491022843,53.07870223177338,51.12310546889106,50.8381057115936,5.970833333333333,5.019791666666669,5.496682519857729,5.813763389642214,4.926407221949677,5.6470028252380065
2011-11-30,POMKH,8.5175,6.9475,16.845,4.06,46.75,3.398333333333333,17.807142857142857,53.15,5.535,8.588125,9.396458333333339,9.217774432829517,9.793962484824874,10.419864051956777,10.26846254477492,7.138861607142857,7.180937500000008,7.167654834647572,7.2082917661840265,7.325399273175729,7.397122892746229,19.518375,16.418874999999986,16.781029104083846,16.585368265187082,17.05351296704598,17.172721838207654,4.320625,4.0099999999999945,4.131151728483919,3.8577502351938238,3.9250618619737456,4.160625809027065,51.96927083333333,49.66979166666666,48.46523587332723,49.814545972730095,56.19250791201626,49.061237963899735,3.8714166666666667,3.834708333333331,3.900320689425789,4.203821394797232,4.926908412149702,4.669532021471395,17.933125,18.351428571428567,18.22934563505943,18.21897493578648,18.261821762408918,18.51303850472933,53.082499999999996,52.31000000000001,52.370962946137055,53.683603218322496,51.924379504222074,51.75369265764781,6.548125,5.44604166666667,5.512009511914638,5.762761265723328,6.181946840456033,5.705067939243526
2012-02-29,POMRB,7.42,7.4700000000000015,27.21,4.5,64.09,3.7700000000000014,16.8475,53.2,7.9849999999999985,9.002265625,8.590625000000006,8.49866465969771,9.339399996061104,10.271698059231497,9.255958358887913,6.978590401785715,7.3218750000000075,7.288592900788544,7.249001621293639,7.212955119987436,7.3248188333158035,19.50559895833333,19.254874999999988,20.952617462450306,18.956950512110968,16.274359369488387,16.9397463766523,4.277447916666667,4.288749999999995,4.2786910370903515,3.880991999850584,3.551177906462644,4.112761471444126,51.975416666666675,51.340624999999996,54.71514152399634,53.934720670493746,55.66251461833262,49.31254646467394,3.8329739583333335,3.8847083333333314,3.8481924136554744,4.089001400174488,4.215736333099885,4.509318244343306,18.02139136904762,17.936517857142853,17.67660738103566,17.73383503810525,18.10427756850525,18.503905033231817,53.21375000000001,52.80000000000001,52.70257776768223,53.972545320474424,52.70614819472941,52.20743327487416,6.51421875,6.495625000000003,6.501205707148782,5.93917760253382,5.907791434210957,5.558218610212306
2012-05-31,PREMON,9.3475,6.177142857142856,17.8,4.635,54.64666666666667,4.091666666666667,18.74142857142857,54.36,6.8100000000000005,9.434531250000001,8.585625000000006,8.838198795818625,9.37442015099659,10.019265717753262,9.268175244946304,6.980895089285714,6.955848214285721,6.844012883330269,6.987764026622747,7.503860581686871,7.3468873435979996,18.90369791666667,19.78187499999999,19.691570477470187,18.721575142094213,19.36584975296644,18.209441853837234,4.341562499999999,4.352499999999995,4.421214622254211,3.916455139630339,4.488080675602345,4.573899423885191,52.00000000000001,52.59791666666666,54.687751581064475,54.539099177273386,53.25875943108593,52.682179805423246,3.81865625,3.8581249999999976,3.9455821148599513,4.023959780250434,4.722466371689793,4.416139288461581,18.140751488095237,17.92973214285714,18.102535857192823,17.9866749314703,18.303843240176825,17.951349807474326,53.15624999999999,53.365000000000016,53.36554666060934,54.7038200564209,53.719408806138894,52.896709755777884,6.55875,6.600625000000003,6.624723424289269,5.992050895447046,6.649875767795807,6.974344063203194
2012-08-31,MONSOON,12.390625,7.410687500000001,15.062291666666667,3.614583333333333,39.925,3.9712916666666667,19.056130952380954,51.54,5.38125,10.322447916666667,9.418906250000006,10.259169277491175,10.029867573900917,8.083989081343656,8.561844202330269,7.180874255952381,7.001332589285722,7.070682729998162,7.0365223111471895,7.042129936967197,7.438850574529475,17.451822916666668,19.229322916666653,17.839858953148777,17.931684368570412,18.59032067118247,20.974768460400742,4.543229166666666,4.202395833333328,4.0985621066858595,3.87244316521635,4.054651860635393,4.398314628503217,52.229375,51.352916666666665,48.78265094863868,50.13594821168337,49.84687540903373,44.67785822834567,3.6269895833333337,3.807822916666664,3.9558659355826373,3.953253536318352,4.18643215445574,4.375244829326041,18.162514880952383,18.113050595238093,18.483973895268075,18.28016469379001,18.19506241101146,18.794331609563407,53.1275,53.062500000000014,52.635327996365604,53.378820238318724,54.25011963876303,53.668655126561916,7.1215625,6.4278125000000035,6.127334054573561,5.910098714039049,5.287957478104635,6.554890108074679
2012-11-30,POMKH,8.6425,6.783999999999999,14.24,5.173333333333333,51.92666666666667,3.4850000000000008,18.02875,53.9,6.5825,11.597552083333333,9.450156250000006,9.612501566494705,9.779593509991098,9.901120484114653,9.87531537195403,7.465523065476191,6.960457589285722,6.956009637998896,6.943282921090412,7.127571182000917,7.0641017277938865,16.11932291666667,18.578072916666653,16.399915371889268,17.133746738715505,18.317481398716488,19.956645428521792,4.617604166666666,4.480729166666661,4.528470597344849,3.9537567794247885,3.9017612182486228,4.1875301536809,47.39958333333334,52.64708333333333,50.04025723584988,50.17460141696821,52.39361375517334,47.08645231422949,3.4005312500000002,3.8294895833333307,3.767519561349583,3.832542732516883,4.585196994421421,4.32433315038918,18.11664880952381,18.16845238095238,18.301884337160846,18.170213882320667,17.932651826566502,18.21634977844913,53.130625,53.25000000000001,53.14119679781936,53.698219356678365,53.81378529146126,52.65815367116976,7.648437499999999,6.689687500000004,6.309400432744137,5.945075701808649,6.404398554626119,6.084705053355734
2013-02-28,POMRB,14.398333333333332,9.233333333333333,18.2,5.0,60.74833333333334,2.15,16.8,52.22,11.44,12.612161458333333,11.19473958333334,11.526834273230156,10.766946981830063,9.623269955091097,9.890466080317374,7.572169270833332,7.401290922619055,7.866939116132671,7.44089996061109,7.146906452670451,7.267318337232778,16.167786458333335,16.32557291666665,17.11994922313356,17.388792976672327,19.19720665886005,19.307168615634957,4.7755729166666665,4.605729166666661,4.717082358406909,4.021818621019541,4.021398709044828,4.106888307456609,41.551875,51.81166666666666,54.323487674843264,53.27074193770824,61.26679620939026,54.00016103951821,3.332244791666667,3.42448958333333,3.1205117368097497,3.561734658945806,3.925928682502487,4.218548956797661,18.12657886904762,18.15657738095238,17.70113060229651,17.695656065368844,17.66575009386672,18.537186665678245,53.4075,53.00500000000001,52.77271807869162,52.9152798200464,53.74495948869017,53.504863426960476,8.17140625,7.553437500000005,8.361640259646482,6.41798034369335,6.239250543615917,6.946655995520908
2013-05-31,PREMON,12.57,6.691,16.15,4.73,19.35,3.9,18.422,55.365,7.57,13.619895833333334,12.00036458333334,11.944100563938093,11.177202538938483,11.42341938121791,10.110420614105207,7.598895833333334,7.529755208333341,7.396563469679602,7.311761478324387,7.181360944403297,6.722789516571503,16.106875,15.913072916666653,16.731969533880136,17.13356226208966,17.079004936474405,16.455909043776654,4.8375,4.629479166666661,4.722249415044146,4.068700045605336,4.543235835019793,4.496668065798722,40.4625,42.98749999999999,40.33409260490596,42.63978182323086,54.48134736749978,49.96037952696121,3.3051041666666663,3.3765729166666634,3.4323070420858497,3.5214467678607857,4.271488025256751,3.9578422493672827,18.38898958333333,18.076720238095238,17.989478361377905,17.868225938338963,18.26904604871433,17.670637249005562,53.746249999999996,53.25625000000001,53.80963084721497,54.225001289347674,54.37130841480008,53.96164512210681,8.420937499999999,7.743437500000004,8.04498415578789,6.494282997074788,7.39402473092355,7.548288107011995
2013-08-31,MONSOON,17.285,7.75,17.1,4.783333333333333,28.44,3.616666666666666,19.455,52.75,8.805,14.717291666666668,13.22395833333334,14.080460338362856,12.476605729525462,11.169293313754132,12.02155908662303,7.850291666666666,7.614583333333341,7.537938081807761,7.4335988260413375,7.107433735134982,7.512611796997609,16.354374999999997,16.42249999999999,16.87918172032808,17.145003840594892,16.002261275704967,16.30965844067742,4.797083333333334,4.921666666666661,4.746682982359821,4.119946272427398,3.808494635542705,4.339990511429427,41.22645833333334,40.116249999999994,35.57645556294358,36.54499029395153,41.35794246425499,39.03155818198917,3.7047916666666665,3.2879166666666633,3.506050891918176,3.4566462621113474,3.7668729060839867,3.9505521814822995,19.170291666666667,18.1764375,18.57568701682674,18.333246883017033,18.222166088854028,18.731809162683867,54.05625,53.55875000000001,53.38577850832898,53.620605857435756,52.26113741854376,51.948516992125626,7.28125,8.599375000000004,8.348990493472733,6.675505691790915,6.0342007189502915,6.617796667425505
2013-11-30,POMKH,11.81,6.658500000000001,11.715,4.5,54.69666666666668,3.6225,19.729166666666668,55.4,5.155,15.45875,14.01583333333334,13.172276203017713,12.383697186364941,11.847518282763334,11.955836186214785,8.049333333333333,7.583208333333342,7.186162849084656,7.286905543181653,7.058434279900544,7.2260085001828935,16.5375,15.79124999999999,14.813509032196848,15.961169188357198,16.56029563150819,16.067837347076377,4.844166666666667,4.753333333333328,4.648009789415893,4.148537080323692,4.6403871942613595,4.6634173975578,45.406041666666674,40.808749999999996,43.224540004432825,40.15233040086222,47.524634814622985,43.69121078192854,4.125791666666666,3.3222916666666626,3.5526305351509055,3.4029272794327823,4.17350540368455,3.9084713826285435,19.884000000000004,18.601541666666666,19.037078876762713,18.770325097705072,17.844669299025036,18.174129424266155,54.35812500000001,53.93375000000001,54.191467104997386,54.70668784398165,54.706876236919854,54.39184632882307,6.15375,8.242500000000003,7.07139429608364,6.507896367241124,7.504400530023404,7.366559915209778
2014-02-28,POMRB,20.01,11.37,22.705,5.3500000000000005,64.09,5.21,21.35,53.2,3.75,15.139375000000001,15.418750000000008,15.907365721810628,14.000540071948633,13.417784088850826,14.023201010137424,8.007541666666667,8.117375000000008,8.859697709450794,8.271030508204356,7.5837100404480555,7.8801993917691835,15.05125,16.917499999999986,17.97010541931811,17.472482893003612,17.960600360190654,18.96553876227814,4.398333333333333,4.840833333333328,4.9288058736495355,4.244574637410636,4.537055525770244,4.81361705115838,49.16791666666667,41.64416666666666,51.5707240026597,47.00065667434377,56.71883975262591,54.66913633123813,4.105958333333334,4.087291666666663,4.215578321090543,3.5524179128601814,3.580779040278474,3.872429375214824,19.991666666666667,19.73904166666667,19.96224732605763,19.62147507015611,17.590168789621423,19.093979480241575,54.04395833333334,54.178750000000015,53.79488026299843,54.14166103199592,53.50826148529356,52.82972685391298,5.263125,6.320000000000004,5.742836577650184,6.2286217272383535,7.005312782974706,7.519249648101992
2014-05-31,PREMON,12.89,6.1466666666666665,13.11,4.756666666666667,49.445,4.208,19.581666666666667,56.8,6.2399999999999975,15.012500000000001,15.498750000000006,14.700419433086378,13.82152947539547,14.598274995639901,12.917427167372708,8.03058630952381,7.981291666666675,7.774485292337143,7.950039423733809,7.154364591263685,6.850819834372488,14.1325,16.157499999999985,16.026063251590863,16.525460358735504,17.038965445106996,15.7130578090377,3.9854166666666666,4.847499999999995,4.859950190856388,4.292551654595778,4.638498265844137,4.764185604224398,47.840833333333336,49.16791666666666,50.720434401595824,48.380553375337364,33.99704199030414,37.31046790296426,4.150812500000001,4.164291666666664,4.212546992654326,3.581187115383078,4.338918065593843,4.041008237337165,19.901770833333334,20.028958333333335,19.810015062301243,19.681997883815743,18.972728076199534,19.141627650399254,53.76916666666666,54.53750000000001,54.996928157799054,55.81349933009212,56.42054929193634,55.763354877888254,4.530625,5.987500000000003,5.9417019465901095,6.202143919414316,7.042851367848162,6.020800903544556
2014-08-31,MONSOON,14.41,7.96,8.25,1.19,28.44,3.1500000000000004,19.156666666666666,48.80166666666667,3.01,15.183750000000002,14.780000000000008,14.584251659851827,13.992233146008859,15.122159758061388,16.283950963191167,7.64029761904762,8.033791666666675,7.848691175402286,8.050172352379192,7.3003989588302165,8.083879313108014,13.150624999999998,13.944999999999984,12.915637950954517,14.710686671111944,15.791363879813659,16.131321586561096,4.171666666666666,3.949166666666662,3.391970114513833,4.056686010632985,4.3198135929420225,4.4898328928134505,43.51520833333334,49.16791666666666,41.8082606409575,42.54976231460915,36.90909047588963,39.54027546222518,4.204000000000001,4.0476249999999965,3.787528195592596,3.4847440047668727,3.863451232992894,4.062054812950379,19.667916666666667,19.954375000000002,19.54867570404741,19.584806137858134,19.284138137272226,19.06952920181535,53.22291666666667,53.55041666666668,52.5188235613461,52.20058019891053,53.81028641703499,53.33330535691047,4.384999999999999,4.538750000000004,4.769021167954065,5.884772346468499,5.553702389190882,6.9939853894754584
2014-11-30,POMKH,13.67,6.632857142857143,13.215,4.79,44.08000000000001,4.448,19.308333333333334,57.15,5.09,14.896875000000001,15.245000000000008,14.218550995911096,13.975749897477995,12.839730898148238,12.735306191145895,7.2927559523809515,8.027380952380959,7.362357562384228,7.81401617119762,7.039942090426503,7.462780030543555,12.156785714285714,14.319999999999983,13.03538277057271,14.395604716077576,13.262341109233379,13.313912061870687,4.326833333333334,4.021666666666662,3.9511820687082997,4.108389519094999,4.342231356851954,4.404431547192037,40.194541666666666,46.513749999999995,42.7169563845745,42.477149874513906,53.298858233952515,48.6961477096351,4.17909375,4.253999999999997,4.051716917355558,3.5549650170496334,4.201839023291324,3.9471052474528863,19.510458333333332,19.84916666666667,19.45253875576178,19.55680872876881,18.968519466497636,19.11439223949978,52.63291666666667,53.98791666666667,54.37129413680766,54.507277605835306,55.165862701970646,53.79506342563448,4.080833333333333,4.5225000000000035,4.897412700772439,5.786581882374351,6.321737255503734,5.1348293861206535
2015-02-28,POMRB,19.52,8.273333333333332,13.35,6.55,40.10166666666667,4.81,19.9,47.08,2.6500000000000004,15.296249999999999,15.122500000000006,16.339130597546657,15.168937084806279,16.349340513353308,15.579370752413642,7.347922619047618,7.253214285714293,7.7267478707638695,7.965504402512686,8.440130787835932,8.58062200961535,12.382321428571428,11.981249999999982,13.161229662343626,14.179866882636093,17.76260841375863,14.594486030783223,4.543666666666666,4.321666666666662,4.99070924122498,4.3002039152202896,4.766758541129118,4.586322015021163,39.872416666666666,40.51666666666666,41.67084049741136,41.22860090451035,60.9188853617686,55.289835078829476,4.2479375,4.153999999999996,4.355030150413334,3.672387531904051,3.7057000897276002,4.010234824119673,19.432166666666664,19.48666666666667,19.63152325345707,19.72340343801078,18.996988064589,19.147246586320495,52.807916666666664,52.45791666666668,51.4547764820846,50.34452304094932,53.383026030768406,53.91134799624357,3.726666666666667,4.247500000000004,3.9984476204634634,5.476093123422564,5.97031791089589,5.096562211574337
2015-05-31,PREMON,11.085,6.462999999999999,14.514285714285714,4.798,46.868,4.40875,19.772,58.2,4.906666666666666,15.864999999999998,14.671250000000004,14.237478358527994,14.380953587869318,14.651717593613423,13.81950058297588,7.752912698412698,7.332297619047626,7.221248722458322,7.673233464170101,6.857526515510589,7.299430465889912,12.666904761904762,12.33232142857141,13.70245208312046,14.269560718680287,13.045846548724763,12.667451402832953,4.633583333333334,4.331999999999995,4.9136255447349875,4.351187932456732,4.551435501897492,4.721164286884342,42.59272916666667,39.87241666666666,43.749704298446815,42.474982692362246,38.80025984310872,33.094365031343486,4.30271875,4.204187499999996,4.376518090248001,3.7407000436307807,4.400237869075432,4.111032120816075,19.337541666666667,19.534250000000004,19.68771395207424,19.80242280666774,19.434589456780394,19.38919728676966,52.935416666666676,52.80791666666667,54.15286588925076,54.02506823717882,55.37789391345098,54.31231443602037,3.5034166666666664,3.914166666666671,4.361735238944744,5.400178383829319,5.999267859451569,5.3769575119118365
2015-08-31,MONSOON,19.41,8.085,8.65,2.8833333333333333,28.44,3.5,18.34,48.80166666666667,1.51,15.712083333333332,15.921250000000004,16.306487015116797,15.46934739808085,15.083683851730555,16.602203429763115,8.18647048611111,7.363547619047626,7.566749233474994,7.77334813206871,7.373836214641971,7.729299496528071,12.580550595238096,12.43232142857141,11.681471249872278,13.040572244724006,12.113143305000325,11.811503068797032,4.282111111111111,4.755333333333328,4.101508660174326,4.248692070144702,2.5282375548686025,4.446869937288497,44.28158333333334,39.87241666666666,37.625822579068085,37.683272263087396,29.269058249929927,36.495930616250014,4.242421875000001,4.2916874999999965,4.0259108541488,3.6972737051237394,3.9416648802884735,4.148554581539492,19.5290625,19.330083333333338,19.148628371244545,19.39442301569568,19.578481038801872,19.291567145130585,53.06291666666667,52.80791666666667,52.01238620021713,51.29151118944867,48.883970398492316,49.37074506366802,3.4868333333333332,3.5391666666666715,3.2210411433668464,5.022938988733483,4.471836426023361,4.752911945527415
2015-11-30,POMKH,13.22,9.747777777777776,15.091666666666667,3.816,65.8425,4.53625,19.368,58.17,4.8039999999999985,16.176041666666666,15.808750000000003,15.071892209070079,15.060747926947716,14.184598065157756,13.310156281927112,8.273760416666665,8.142277777777785,8.439160651196106,8.261916973849043,6.8931843962692385,7.209562108023496,12.099702380952381,12.901488095238076,13.045549416590035,13.509247292597324,12.074295091694477,11.666064764956232,4.014722222222222,4.511833333333328,3.9873051961045958,4.220339611797928,4.62485635282958,4.320820272578433,44.058499999999995,45.313041666666656,48.91249354744085,46.08402267581502,45.85528406303255,47.79118976812422,4.24025,4.313749999999996,4.23004651248928,3.7843671850864324,4.312983243074165,4.066814902755291,19.624541666666666,19.345000000000002,19.236377022746726,19.41899923576428,19.24807661534233,18.96938469727899,53.24916666666666,53.06291666666667,54.475431720130274,54.90417137605357,56.76226991106911,57.14999999999693,3.6232916666666664,3.4676666666666707,3.8542246860201073,4.980864385241393,5.18462640182862,4.792486465135289
2016-02-29,POMRB,18.746666666666666,8.626875,10.7825,4.712222222222222,31.85,4.239375,21.3725,47.08,2.803333333333333,16.199166666666667,15.615416666666672,16.541801992108713,15.8746024333112,17.97386030351616,17.548742145300732,8.204982638888888,8.230663194444451,8.514246390717663,8.45064612820183,8.47577855857466,7.448073783337967,11.967291666666668,12.259613095238075,12.14032964995402,12.920167064983785,16.243568378646838,13.71283877950961,3.9566388888888886,4.052388888888884,4.277272006551646,4.26309061262265,5.6904915854346445,4.6602554250679935,46.21707457983193,43.25012499999999,42.08749612846451,42.34263223920804,51.12668486462623,48.61598612594874,4.38640625,4.171093749999996,4.233777907493568,3.8341589797506668,3.814070366828639,4.125979505320782,19.59627083333333,19.713125000000005,20.090826213648036,20.084023565879644,19.373317164089936,19.43633687490792,53.43541666666667,53.06291666666668,51.517259032078165,50.97103297809481,48.26781981799496,47.49461426066263,3.7280833333333336,3.5060000000000033,3.4338681449453974,4.76105543213815,4.945657902593939,4.809788596990484
2016-05-31,PREMON,15.57,6.807777777777778,13.235,4.496666666666667,53.335,4.962,19.063333333333336,59.69,5.8450000000000015,15.719999999999999,16.73666666666667,16.153081195265226,15.868476529010234,14.013233471556635,13.619183080341774,7.669357638888888,8.316857638888896,7.831658945541708,8.179921302482992,6.863377785670216,7.586475683864903,11.653645833333332,11.939791666666647,12.578197789972412,13.004134938841577,12.606643589213139,12.419862475505157,3.951722222222222,3.9770555555555505,4.365029870597654,4.2880639585172045,4.517764685801223,4.333088889876696,45.77446165966387,44.86687499999999,46.58649767707871,46.05340199519242,42.94064965390575,42.99713475746099,4.356875,4.309406249999996,4.52506674449614,3.9731529484163683,4.426338735043083,4.140271149500756,20.1585,19.53595833333334,19.679829061522156,19.83001956312749,19.820727230276788,19.79312564024245,53.65291666666667,53.43541666666668,54.7863554192469,55.602462906227444,58.609214090183144,58.199999999997765,3.9460208333333338,3.740583333333337,4.398320886967239,4.838492616166125,5.130247209452773,4.743185835763701
2016-08-31,MONSOON,15.11,7.19,8.87,2.72,39.241596638655466,4.1160000000000005,18.8225,48.80166666666667,1.41,15.52375,15.661666666666672,15.735848717159136,15.768735234495077,17.542412623223722,18.173103758692452,7.068081597222222,8.093107638888895,7.574995367325025,7.999049114874648,7.628524350460166,8.15427688996784,11.0271875,11.994791666666647,11.094918673983447,12.102767873699559,10.414634960259201,9.379618809954078,3.861944444444445,3.9362222222222174,3.7070179223585926,4.171291057373462,2.533575679172904,2.9813340480503605,43.981649159663874,47.56727415966386,43.648537261709414,44.59967055567091,29.553941003378778,37.49821620408328,4.0329218749999995,4.463406249999996,4.361440046697684,4.00412178429194,4.0316369546413675,4.243836607519849,21.17510416666667,19.65658333333334,19.336897436913294,19.55844954524871,19.518975034402033,19.088058135467204,53.870416666666664,53.43541666666668,52.39247991821481,52.50212155670238,49.48274212071752,49.40732867488953,4.0772916666666665,3.715583333333337,3.2029925321803434,4.50567408372609,3.8416077999268152,4.6959347621956
2016-11-30,POMKH,13.686666666666667,6.357777777777778,12.3625,3.940000000000001,51.5,3.6839999999999997,23.383333333333336,59.91,6.6475,15.307083333333333,15.77833333333334,14.91617589696215,15.395699459045565,13.926489363873628,14.055278728109347,6.971302083333334,7.245607638888895,7.088108331506126,7.628658840954323,7.55240703342488,8.350660297924982,10.721562500000001,11.312499999999979,11.601951204390069,12.173630651455923,12.198246953498774,12.067444386145441,3.719583333333334,3.967222222222218,3.800210753415156,4.152092258452952,4.0042181279499935,4.135302272635793,44.16914915966387,43.98164915966386,46.78912235702565,47.272017285522296,57.337917957235284,52.276786028605585,3.75375,4.250343749999996,4.09046402801861,3.979491612831684,4.466690676334815,4.2277248976761985,21.8671875,20.660416666666677,20.95547179548131,20.831328033695495,19.53897480348268,19.560193625708322,54.13041666666666,53.870416666666685,55.39948795092889,56.75651820324798,58.42505812592621,58.16999999999673,3.990625,4.176458333333337,4.580795519308206,4.68033812377075,4.624452877236358,4.3971460288015685
2017-02-28,POMRB,16.71,7.206666666666666,8.5,3.87,31.85,2.5,25.49,47.08,2.01,15.332500000000001,15.26916666666667,15.63370553817729,15.721697925888176,18.319836549981954,16.784645721137018,6.983298611111111,6.8905555555555615,7.135531665570342,7.482717477668173,8.411753265999742,8.116161057329158,10.705000000000002,10.741874999999979,10.361170722634043,11.373348386481489,13.912587271629228,11.128434974567677,3.6975000000000002,3.756666666666663,3.8281264520490934,4.127615923695592,5.017450294379164,4.750696776616022,44.356649159663874,43.98164915966386,40.813473414215395,43.0166482325457,41.236430912806306,35.2851932692289,3.5116666666666667,3.8154999999999966,3.454278416811166,3.8077899097607175,3.8458925256983547,4.15919728296484,21.986770833333335,21.689791666666675,22.769283077288783,22.469320461930998,20.500533755416367,20.68260875984342,54.39041666666667,53.870416666666685,52.071692770557334,52.13263869579629,47.91318706967132,47.78728315054213,4.134375,3.9781250000000044,3.5524773115849237,4.417089556777068,4.703063596589187,5.007705175046003
2017-05-31,PREMON,15.873333333333333,7.4537499999999985,13.072500000000002,4.2,54.835,4.468,20.4825,61.77,5.945,14.771666666666667,15.345000000000004,15.729556656239708,15.809106962314921,14.109554700753907,14.001549344147412,6.853993055555556,7.0520486111111165,7.262818999342205,7.413493481407378,6.698777182089242,7.3554617368215975,10.7221875,10.70124999999998,11.445702433580426,11.762232875433751,11.62714015049152,11.709013262838461,3.6750000000000003,3.6824999999999966,3.9768758712294563,4.129740736422423,4.336695072202779,4.049153186044181,44.85508665966387,44.35664915966386,46.422084048529236,46.79013995074888,48.200000410251135,55.07900377453309,3.360333333333333,3.6919999999999966,3.8597670500867,3.8828311385948373,4.243556533358965,3.9500826505044024,21.42129166666667,22.044583333333343,21.854569846373273,22.058268198580645,20.764150916354144,21.33966854958318,54.46166666666667,54.39041666666668,55.9510156623344,57.42666370497134,60.14354655897948,59.68999999999618,4.3434375,4.003125000000003,4.509486386950954,4.5363762584738465,4.814887917623117,4.678371203216862
2017-08-31,MONSOON,15.01,6.6400000000000015,8.9,2.84,39.241596638655466,2.6733333333333333,18.360000000000007,48.80166666666667,2.46,14.223333333333333,15.320000000000004,15.441733993743824,15.700775252353433,16.612342543111517,16.948486486440334,6.849791666666666,6.914548611111116,7.013691399605324,7.170734306722163,7.41285974219757,7.300646426667448,11.30625,10.70874999999998,10.427421460148256,11.141218540241235,9.124549124829421,9.054980771086473,3.618333333333333,3.7124999999999964,3.5221255227376735,4.024357658228735,2.452425626268955,3.4419983444351185,45.35352415966387,44.35664915966386,43.54988908457973,44.940293832713714,34.09499010080175,41.92465410402132,3.6315208333333335,3.3313333333333297,3.3851935633853536,3.735041026672174,3.8111465304332404,4.015357646610426,20.071125000000002,21.928958333333345,20.456741907823968,21.04882320853597,20.61234570693439,20.112308327534357,54.532916666666665,54.39041666666668,53.09127606406731,53.51467545609657,49.77640230696583,49.64715457076302,4.42125,4.2656250000000036,3.6896918321705723,4.327719569305595,3.58112679251588,4.444307369982463
2017-11-30,POMKH,9.3,5.873333333333332,12.47,3.64,55.4875,3.9160000000000004,19.322000000000006,60.48,7.27,12.575416666666667,14.223333333333336,12.985040396246294,14.436934980800068,13.742466456069515,14.525307590724923,6.741427083333333,6.793437500000005,6.557548173096527,6.781576159597171,7.162692818396885,7.24690552490618,11.88703125,10.735624999999981,11.244452876088953,11.447811887155671,11.55628446016934,11.644015817455788,3.7366666666666664,3.6374999999999957,3.5692753136426045,3.98392542918851,3.799076375923405,3.61053475113315,48.72789915966386,45.35352415966386,48.324933450747835,48.639258957823145,54.00859608238299,52.04974688711253,3.8239583333333336,3.38933333333333,3.5975161380312124,3.744536438668184,4.098117160595376,3.8462174702701923,19.807895833333337,20.91362500000001,20.002845144694383,20.59636526127437,21.494338766684173,20.411904428938357,54.751666666666665,54.53291666666669,56.046765638440384,57.44894138324812,60.39579461467214,59.909999999995435,4.3377083333333335,4.421250000000003,5.121815099302343,4.575883600658987,4.537115822217183,4.945626663253661
2018-02-28,POMRB,16.71,7.6575,13.064999999999998,3.7166666666666655,31.85,4.4375,18.75,47.08,2.01,10.93375,14.223333333333338,14.475024237747778,14.95721693216796,16.959645169633593,15.29099349160207,6.682680555555556,6.906145833333338,6.997528903857916,6.85289692955743,8.0122935731093,7.3692955853291675,11.946354166666667,11.87687499999998,11.97267172565337,11.818623843615402,12.196275113579274,9.87174359715408,3.832916666666666,3.5991666666666617,3.628231854852229,3.950796844567351,4.234269579189663,3.700502941158023,52.102274159663864,45.35352415966386,41.7349600704487,43.99925387242566,37.03935234092185,29.983854627932793,4.138791666666666,3.8737083333333295,3.9335096828187277,3.8195429514182826,3.550086569835242,3.855012414793325,20.588208333333334,19.22862500000001,19.50170708681663,20.06843634414873,22.066773653437327,19.944978646241974,54.970416666666665,54.532916666666694,52.46005938306423,52.296180598624524,47.75677443603214,47.31169620448794,4.188541666666667,4.421250000000004,3.8770890595814054,4.322585141419082,4.709511947512648,4.755398242249695
2018-05-31,PREMON,2.69,6.136,13.15375,5.3,81.83,4.07,25.116666666666664,63.52,5.276666666666666,11.755833333333333,10.927500000000004,9.761014542648667,12.481000781531998,13.913262513204987,12.764324392984468,6.818930555555554,6.576708333333338,6.652917342314749,6.587904476419034,6.737687572593876,7.079747544457536,13.661145833333334,11.89718749999998,12.445103035392023,12.127368788752875,12.714240330656922,11.803345321385262,3.8454166666666665,3.874166666666662,4.296939112911337,4.044419074744436,4.117461150591842,3.8477236285605274,51.30633665966386,52.10227415966386,57.77297604226922,56.880643452580124,52.12324935217759,58.8002441299041,4.488875,3.7742083333333296,3.9881058096912367,3.848243455361291,4.218345634730993,3.928425431162062,20.904,20.387166666666676,21.747690918756646,21.73615137001643,20.257442181328823,19.92915425481616,55.33041666666667,54.97041666666669,56.884035629838536,58.31418791465262,61.96319513227628,61.76999999999875,3.878541666666667,4.254166666666671,4.43692010241551,4.39016214973188,4.820484296668326,4.590607375166842
2018-08-31,MONSOON,15.06,7.487777777777778,9.293333333333333,2.51,39.241596638655466,5.59,19.968333333333334,48.80166666666667,1.935,,10.940000000000005,11.880608725589202,13.05738511634074,13.013325920404549,14.159711028170713,,6.7886527777777825,6.98686151649996,6.674768883987501,7.076250102669358,7.150981498404926,,11.995520833333314,11.184395154568547,11.513002320162022,9.636778333724312,10.853419448629007,,3.7916666666666616,3.582163467746802,3.916893216089777,2.581031242532609,3.8910195198711888,,52.10227415966386,50.36042428082372,53.88897368328062,40.08688991082296,49.711944337978956,,4.503374999999997,4.628863485814742,4.065618044903426,3.740767217707069,3.946268585940732,,20.78925000000001,21.035947884587323,21.309182923681437,20.199962530394735,21.998677278934036,,54.97041666666668,53.65108804456979,53.93343193244282,49.52758501230445,49.51301466290158,,4.12291666666667,3.4361520614493055,4.147742042139624,3.4976819314549115,4.4697141834134895
2018-11-30,POMKH,15.826666666666664,6.115555555555555,25.795,4.07,49.12,3.8,20.24,63.36,5.315,,12.571666666666673,13.459031902020186,,10.087568757842215,9.07738679955248,,6.849208333333338,6.638339132122198,,6.762273625454693,6.6797554097421825,,15.326770833333313,17.02863709274113,,12.29480639550587,12.29080235723806,,3.8991666666666616,3.777298080648081,,3.6170384441955754,3.700536156086036,,50.51039915966385,49.86425456849423,,57.9111183161386,51.21453085396902,,4.474374999999997,4.297318091488846,,4.38965864767535,4.153433999025586,,21.018750000000008,20.717568730752394,,21.30196026135452,19.281872548657944,,55.690416666666685,57.534652826741876,,61.04064725482798,60.47999999999615,,3.6341666666666708,4.1876912368695836,,4.3953316174172,4.68858252023425
