Date,Season,Barhani,Chandauli,Naugarh,Dhanapur,Sakaldiha,Chahniya,Chakiya,Niyamatabad,Barhani_Trend,Barhani_SMA,Barhani_EWMA,Barhani_DES,Barhani_TES,Barhani_ARIMA,Chandauli_Trend,Chandauli_SMA,Chandauli_EWMA,Chandauli_TES,Chandauli_ARIMA,Naugarh_Trend,Naugarh_SMA,Naugarh_EWMA,Naugarh_DES,Naugarh_TES,Naugarh_ARIMA,Dhanapur_Trend,Dhanapur_SMA,Dhanapur_EWMA,Dhanapur_DES,Dhanapur_TES,Dhanapur_ARIMA,Sakaldiha_Trend,Sakaldiha_SMA,Sakaldiha_EWMA,Sakaldiha_DES,Sakaldiha_TES,Sakaldiha_ARIMA,Chahniya_Trend,Chahniya_SMA,Chahniya_EWMA,Chahniya_DES,Chahniya_TES,Chahniya_ARIMA,Chakiya_Trend,Chakiya_SMA,Chakiya_EWMA,Chakiya_DES,Chakiya_TES,Chakiya_ARIMA,Niyamatabad_Trend,Niyamatabad_SMA,Niyamatabad_EWMA,Niyamatabad_DES,Niyamatabad_TES,Niyamatabad_ARIMA
1996-02-29,POMRB,4.39,3.31,5.3500000000000005,2.17,1.56,7.9,3.92,1.09,,,4.39,3.5280721472687735,4.8527226806424535,0.0,,,3.31,3.3078336043207415,0.0,,,5.3500000000000005,12.411457905167996,6.138605563439464,0.0,,,2.17,1.8211351067163561,2.2459374999999997,0.0,,,1.56,7.747180459138469,2.3891089167143624,0.0,,,7.9,6.242581204983126,6.778889755246723,0.0,,,3.92,3.074515311478274,3.683960649646375,0.0,,,1.09,2.3341991441974037,1.7549338959572982,0.0
1996-05-31,PREMON,8.556666666666667,5.305,9.676666666666668,3.595,5.14,9.36,5.3,3.03,,,6.056666666666667,4.078879234185729,7.788181264260189,1.2095563489082364,,,4.108,5.084707560318357,1.6470277575062156,,,7.0806666666666676,17.194410433184665,8.801191066838083,5.349973117308679,,,2.74,2.6723725601051247,3.7380401662049865,0.657419475324893,,,2.992,13.977464062305732,4.620021944103098,-6.898121424186577e-11,,,8.484,6.268864971163551,8.67902787181539,7.899958830733587,,,4.4719999999999995,3.1865742687833154,5.8479905360779245,3.919987908650878,,,1.866,4.964916746408453,3.7888761943691915,1.0899972604482369
1996-08-31,MONSOON,3.733333333333333,1.545,2.23,0.14,0.3,6.675,2.52,0.61,5.989166666666667,,5.127333333333333,3.730330984394106,4.343236850893515,2.4733853180352408,3.175,,3.0827999999999998,2.127606562555238,2.7225102635144585,5.62875,,5.1404000000000005,12.579510337144375,3.073047999235941,8.061487445302856,1.9087499999999997,,1.7000000000000002,2.1710346633678568,0.34149446127255034,1.1609574986542879,2.33625,,1.9152,9.123765123476483,1.0279377157413732,-2.6994104959111064e-10,7.535625,,7.7604,6.2899449221989805,6.442600069365643,8.6316585256188,3.6912499999999997,,3.6912,3.0056625065724076,2.533032406447649,4.69599285375989,1.6349999999999998,,1.3636,5.312197183699932,1.3400135518174165,2.0601624239609833
1996-11-30,POMKH,7.156666666666666,2.455,5.073333333333333,1.73,2.02,6.59,3.08,1.38,5.856249999999999,5.9591666666666665,5.939066666666666,4.1099447851069035,3.6884232704773363,1.8860903372841444,3.205,3.15375,2.83168,1.984411915918027,1.55717190219154,6.030833333333333,5.5825000000000005,5.113573333333333,9.728736342706364,4.511193414695001,4.42731027747074,1.918125,1.90875,1.7120000000000002,2.211067635845839,1.9815630470391232,0.5472429097041434,2.4524999999999997,2.255,1.95712,5.576591740484763,1.0116174500207216,-2.0255110007832667e-10,7.45625,7.63125,7.29224,6.3108861643508884,6.298191107335026,7.974435041358975,3.725,3.7049999999999996,3.44672,2.9043345442315993,2.3172176859337466,3.676383116364309,1.815,1.5275,1.3701599999999998,6.05569546603077,1.5552493759005943,1.5764993192544399
1997-02-28,POMRB,4.63,3.48,5.72,2.17,2.21,7.135,3.81,1.95,5.748541666666666,6.019166666666666,5.415439999999999,4.014561666874315,5.227022144906272,4.270942655781109,3.26375,3.1962499999999996,3.091008,3.3308120148642204,2.830741139363143,6.532916666666666,5.675,5.356144,7.660939055665575,5.995010413989051,5.339005366933628,2.03,1.90875,1.8952,2.3677465155033572,2.4515837215943774,2.01285887031115,2.56875,2.4175,2.058272,3.220041521677408,2.384845419010945,1.4411459134171893,7.599375,7.4399999999999995,7.229343999999999,6.332917454519914,7.109092528125319,7.678778869716991,3.745,3.6774999999999998,3.592032,2.8969467019356765,3.7476614991981703,3.8372353624179514,1.8562499999999997,1.7425000000000002,1.602096,6.964511480147939,1.658347357147901,1.30985438265123
1997-05-31,PREMON,7.253333333333334,5.375,12.523333333333332,3.67,5.42,9.49,5.68,3.61,5.3687499999999995,5.693333333333333,6.150597333333334,4.468497831424633,8.14659369075266,7.870048245958565,3.2675,3.213749999999999,4.0046048,5.1648799408548225,4.512239367900921,6.58375,6.386666666666665,8.223019733333333,11.137612914712069,8.974206874274344,8.444186116067815,2.1725,1.9274999999999998,2.60512,3.029332194922976,3.9017192576644195,3.281685321448306,2.565,2.4875,3.4029632000000003,4.902390446055169,4.712999195778664,4.748391022481523,7.671250000000001,7.4725,8.1336064,6.359570944440782,8.879101313137225,7.910732014695416,3.6512499999999997,3.7725,4.4272192,3.103618427234004,5.911535778046341,4.944722031623761,1.7862500000000001,1.8875000000000002,2.4052575999999997,8.845667532357814,3.72623319563591,2.3242474085798346
1997-08-31,MONSOON,4.175,1.945,3.4000000000000004,0.96,0.95,7.69,2.3,0.36,4.877916666666666,5.80375,5.3603584,4.315553695624525,4.505072040109235,3.246786393255809,3.136875,3.3137499999999993,3.18076288,2.1064469970762563,1.803032383974362,6.362083333333333,6.6791666666666645,6.29381184,7.050438346876744,3.33758774938239,4.8072845121320915,2.12875,2.1324999999999994,1.947072,2.6324560881338046,0.4759016905586,0.2622358560371887,2.4262500000000005,2.6499999999999995,2.42177792,2.0812480176667014,1.1487114627428239,0.27714344486496606,7.49125,7.726249999999999,7.95616384,6.382747455906006,6.634347554704861,7.545095975425416,3.5974999999999997,3.7175000000000002,3.5763315199999997,2.9431337530305024,2.5966838256265357,2.898297351598163,1.6300000000000001,1.8250000000000002,1.5871545599999997,7.695547894198244,1.3004444205966679,1.2155919942930309
1997-11-30,POMKH,3.6766666666666654,2.085,4.31,2.05,1.34,6.15,2.55,1.07,4.7212499999999995,4.93375,4.686881706666666,4.09104383220971,3.883361296523008,6.664338483259437,2.9325,3.221249999999999,2.7424577279999998,2.1800356317416822,2.3095263605516787,5.6795833333333325,6.488333333333331,5.500287104,4.954137203600851,5.104706197944204,5.359939191724727,2.02625,2.2124999999999995,1.9882431999999999,2.600071646254531,2.1771213705938974,1.8074884500500341,2.26375,2.4799999999999995,1.9890667519999998,1.1582940843313883,1.211048126056897,1.8660991955923552,6.766249999999999,7.61625,7.233698304000001,6.4029496986176015,6.587755455531364,7.544323919135231,3.4575,3.5850000000000004,3.1657989119999996,2.8234716666071007,2.3810230746919796,3.1591521841290495,1.38625,1.7475000000000003,1.380292736,6.932133034889686,1.5064663449332976,1.5397101786842577
1998-02-28,POMRB,4.183333333333334,2.805,4.71,1.5,1.78,6.135,3.91,1.01,4.620972222222221,4.8220833333333335,4.485462357333333,3.9964700968374522,4.987231115648647,3.6137716112945624,2.870833333333333,3.052499999999999,2.7674746368,3.370396710540635,2.9700849003520107,4.935833333333332,6.235833333333331,5.1841722624,4.121023737236254,6.285769921472803,5.399227690953192,2.008333333333333,2.0449999999999995,1.79294592,2.3539902840335385,2.6537689179846744,2.1527752816229926,2.208333333333333,2.3724999999999996,1.9054400511999998,1.2559312294938572,2.4535695859022666,1.8247038348625482,6.044166666666667,7.366250000000001,6.7942189824,6.42314865244459,7.311971813692685,7.488693367834328,3.3558333333333334,3.61,3.4634793472,2.863938525893514,3.8113278625775497,3.756780743875647,1.3224999999999998,1.5125000000000004,1.2321756416,6.015258881399601,1.5980784915904653,1.563249340602043
1998-05-31,PREMON,6.446666666666666,4.415,8.073333333333332,3.52,4.55,4.69,4.46,2.6,4.716944444444445,4.620416666666666,5.269944081066667,4.371807641017701,7.882330180658977,7.2522219284293685,2.827916666666666,2.812499999999999,3.42648478208,5.065050825016001,4.563893390055544,4.7924999999999995,5.123333333333331,6.339836690773333,6.202918365869506,9.668496958996322,9.916200603331959,2.006666666666667,2.0074999999999994,2.4837675519999998,2.8139235358638865,4.008572576032472,3.270193683820783,2.339166666666667,2.155,2.96326403072,4.916816687530024,4.707599845383818,5.0669342063861995,5.382083333333334,6.16625,5.952531389440001,6.440554825275883,8.939057405620435,7.796112586215884,3.404166666666667,3.3049999999999997,3.8620876083199995,2.970558663328356,5.9751438174347085,5.2754412781570705,1.5175,1.2600000000000007,1.77930538496,6.173920365489441,3.6300458724363276,2.7339911853758103
1998-08-31,MONSOON,4.179444444444445,2.411666666666666,1.9,0.9666666666666668,1.3766666666666667,6.713333333333334,2.706666666666667,0.86,4.801111111111112,4.621527777777778,4.833744226417778,4.292147804213027,4.176644614820438,3.535082644578198,2.7091666666666665,2.9291666666666654,3.0205575359146666,1.7838082747284036,1.4534317777874033,4.975,4.748333333333331,4.5639020144639995,3.6395343218131857,2.837130811335014,3.0874310508029197,2.0441666666666665,2.0091666666666663,1.8769271978666666,2.3389486270312854,0.6544993773653434,0.5727989318746364,2.5566666666666666,2.2616666666666667,2.3286250850986665,3.3814233329195007,1.0148097346621505,0.6174648010174059,4.920208333333334,5.922083333333333,6.256852166997334,6.461930272804085,6.116855476518805,7.200158779604748,3.389166666666666,3.4066666666666663,3.3999192316586666,2.887768749957109,2.660278914011129,2.437094068018982,1.665,1.3850000000000007,1.4115832309760001,4.967215660208801,1.1657753760900469,0.8513912256383813
1998-11-30,POMKH,4.44,1.275,4.663333333333333,2.03,1.96,1.83,2.53,2.13,4.828611111111112,4.8123611111111115,4.676246535850667,4.274956128183563,3.5943111539096106,4.846398929927545,2.7372916666666667,2.7266666666666657,2.3223345215488,2.027916006791198,2.3996045251213927,5.268749999999999,4.836666666666665,4.603674542011733,3.831900803201075,4.345170506168787,4.188262485435335,1.9566666666666666,2.0041666666666664,1.93815631872,2.2594602111083026,2.2249653653547297,1.9399907505682046,2.6691666666666665,2.416666666666667,2.1811750510592,2.5921650133494625,1.1604615926872055,1.5901560107597381,5.372708333333334,4.842083333333333,4.4861113001984,6.473807326511895,6.015705368776606,6.811953404738435,3.401666666666667,3.4016666666666664,3.0519515389952,2.793706480779458,2.4447105874262767,2.925253793341838,2.79875,1.6500000000000006,1.6989499385856002,4.739050057877726,1.3922790389943123,1.3408499677369812
1999-02-28,POMRB,4.093333333333334,2.665,5.816666666666666,1.82,2.9,6.76,3.81,1.13,4.856805555555556,4.789861111111112,4.443081254843734,4.197168326279892,4.822673323946376,4.066428486487046,2.7395833333333335,2.6916666666666655,2.4594007129292796,3.024854756942333,2.539160723240032,5.346666666666667,5.1133333333333315,5.088871391873706,4.94877884241423,5.554470159797722,5.064369528729947,1.8429166666666665,2.0841666666666665,1.890893791232,2.1179389488004174,2.5154701418799443,1.8890258884882998,2.6416666666666666,2.696666666666667,2.46870503063552,2.918570231959486,2.502649833926991,1.7989232944936864,5.788541666666667,4.998333333333333,5.39566678011904,6.4953165548294445,6.294599427727795,6.33192388343426,3.40625,3.376666666666666,3.35517092339712,2.8483323002397327,3.8750014206899577,3.7968062967561282,3.91,1.6800000000000006,1.47136996315136,3.8381944633810012,1.5262571661428423,1.4242259995184516
1999-05-31,PREMON,6.756666666666668,4.779999999999999,9.316666666666666,2.5,4.33,7.685,4.66,11.55,4.642083333333334,4.867361111111112,5.368515419572908,4.663201362348166,7.726592248808086,6.867028399180231,2.768125,2.782916666666665,3.3876404277575674,4.7513124915435,4.402868714618414,5.027083333333334,5.424166666666665,6.77998950179089,8.7189356317973,9.174353018785542,8.49651359091839,1.7354166666666666,1.8291666666666666,2.1345362747392,2.2226216400979313,4.011725827095033,3.4377843959138676,2.547916666666667,2.6416666666666675,3.2132230183813117,4.573459968783843,4.915846911680973,4.844641314087952,6.238124999999999,5.747083333333332,6.311400068071423,6.518657823866715,8.116827714730015,5.942487797979153,3.348333333333333,3.426666666666666,3.877102554038272,3.0005219321847667,6.038497082286199,4.956049327109404,3.7525000000000004,3.917500000000001,5.502821977890816,10.085723186702085,3.5640197787631296,2.7003332179333706
1999-08-31,MONSOON,4.095,2.065,1.28,1.0766666666666664,1.3766666666666667,7.044999999999999,2.543333333333333,0.8000000000000002,4.560833333333333,4.84625,4.859109251743744,4.579669766415155,4.076001438227315,3.834613093242787,2.8649999999999993,2.6962499999999983,2.8585842566545403,1.7675962112773347,1.958954239180414,4.78625,5.269166666666665,4.5799937010745335,5.218943335557341,2.668597252905377,3.1945955189012274,1.6541666666666668,1.8566666666666665,1.7113884315101866,1.8516260049967048,0.6532270677728778,0.4295768721802005,2.459166666666667,2.6416666666666675,2.4786004776954536,2.5523180813210113,1.159408033045252,0.905826264776088,6.477499999999999,5.829999999999998,6.604840040842854,6.540780657702943,5.748179739631468,6.605123219395824,3.2658333333333336,3.3858333333333324,3.3435948657562964,2.9193024181783844,2.7239420949083426,2.5613195589480924,3.6,3.9025000000000007,3.6216931867344897,7.603214962251003,1.449148018604453,1.0662964994979998
1999-11-30,POMKH,2.806666666666666,1.85,2.7266666666666666,1.06,1.21,5.095,2.23,0.93,4.63375,4.437916666666666,4.0381322177129135,4.241825769630444,3.4955842163045183,4.858139319289055,2.95,2.839999999999998,2.4551505539927243,1.773083375205697,1.8388612334344416,4.812083333333334,4.784999999999998,3.8386628873113864,3.6221367126954274,4.305899952967402,4.389033807299363,2.0529166666666665,1.6141666666666667,1.4508330589061118,1.541937770681152,2.133407458829785,1.9958625732149236,2.5104166666666665,2.4541666666666675,1.9711602866172722,1.3707616069257655,1.2835687841158958,1.7245334042684715,6.257499999999999,6.646249999999998,6.0009040245057115,6.55912808496581,5.730242614080391,5.621705498163138,3.204583333333334,3.3108333333333326,2.8981569194537777,2.8090574040546694,2.5083814853004833,2.762838434851291,2.5825,3.602500000000001,2.5450159120406934,5.674692438029453,1.6735729788301847,1.7456644456616215
2000-02-29,POMRB,5.076666666666667,2.865,5.826666666666667,2.14,2.94,5.41,3.45,1.11,4.650625,4.68375,4.453545997294414,4.372234092835954,4.542409178380476,3.6090005157454743,3.22,2.889999999999998,2.6190903323956345,2.9892497911580143,2.804117460482556,5.40625,4.787499999999999,4.633864399053499,4.756968725151912,5.258981238511849,4.913088002810914,2.5020833333333337,1.6941666666666668,1.7264998353436671,1.6432467885625892,2.2207592516164034,1.5927969840141625,2.7445833333333334,2.4641666666666673,2.3586961719703634,2.4353365052260583,2.495990352128999,2.157569827566344,6.0475,6.308749999999998,5.764542414703427,6.578113566814566,6.430994028059738,6.690524047991321,3.2829166666666665,3.2208333333333328,3.118894151672267,2.83970367162611,3.9386424846583514,3.7440810191494274,1.6687500000000002,3.597500000000001,1.971009547224416,4.298960162567034,1.7607150548365547,1.511310149661716
2000-05-31,PREMON,6.3566666666666665,5.26,9.513333333333334,5.37,4.7,7.275,4.53,3.43,4.923749999999999,4.583749999999999,5.214794265043315,4.759506426649631,7.595806144611111,7.158803909178989,3.5525,3.0099999999999985,3.6754541994373806,4.812181357086866,4.56009446547232,6.238333333333333,4.836666666666665,6.585651972765433,8.749262195871896,8.900788799282346,9.106343938123823,2.78125,2.411666666666667,3.1838999012062006,2.9254405609798075,3.627991745746076,3.2206249619012244,3.01875,2.556666666666667,3.2952177031822183,5.2506804946440315,4.91612225505311,4.650123778686188,5.926875,6.206249999999998,6.368725448822056,6.600761494297846,8.076612521368201,6.894371619869914,3.43375,3.1883333333333326,3.6833364910033604,2.9929679899737134,6.101877452615604,4.789397390533378,1.8112500000000002,1.5675000000000008,2.55460572833465,4.63827165263825,3.7972923497450433,4.701153792658649
2000-08-31,MONSOON,4.63,3.745,5.836666666666668,1.8,2.88,5.775,3.3,1.61,5.018854166666666,4.717499999999999,4.9808765590259885,4.783121201017584,3.913368510555359,3.7522342383118428,3.70796875,3.4299999999999984,3.7032725196624283,1.9478679427170995,2.2064173604603505,6.714479166666668,5.975833333333332,6.286057850325927,8.51107363766577,2.2268922258595447,2.637334384128118,2.958125,2.5925000000000007,2.6303399407237205,2.8237916843003235,0.9287490776799581,1.4478653233489278,3.0996875000000004,2.9325000000000006,3.129130621909331,4.61274932162254,1.2146341765189208,1.0585441730013312,6.0179687500000005,5.888749999999999,6.131235269293233,6.620512501126769,5.6640276143156845,6.663979761835266,3.565625,3.3774999999999995,3.530001894602016,3.0092676336030557,2.7875602043418377,2.5305809422254693,1.865625,1.770000000000001,2.17676343700079,3.740267747861329,1.3657672853900513,0.9841985572732175
2000-11-30,POMKH,4.456666666666666,2.83,4.826666666666667,2.57,1.9,5.4,2.68,1.26,5.196875,5.13,4.77119260208226,4.763629995129335,3.4154782051263464,4.217880300915265,3.8459375000000002,3.6749999999999985,3.353963511797457,2.234502228291733,2.573236440653385,6.637708333333334,6.500833333333333,5.702301376862223,7.054806529460577,4.488465776146109,4.975894869542501,2.8325,2.9700000000000006,2.6062039644342323,2.950757877470093,2.2358904600511726,1.8981500941058593,3.119375,3.1050000000000004,2.6374783731455986,2.905174874833206,1.5540217113808492,1.544806984859164,6.0984375,5.965,5.83874116157594,6.639557390276155,5.505190926526203,6.388731053351803,3.8412499999999996,3.4899999999999993,3.1900011367612096,2.9580928527832917,2.571980201446114,2.714441192843244,1.85375,1.852500000000001,1.810058062200474,2.899267549119912,1.621561726582405,1.5587456809019191
2001-02-28,POMRB,4.1875,3.12875,7.5358333333333345,2.045,2.8975,5.83375,4.055,1.215,5.342291666666666,4.907708333333333,4.537715561249356,4.684624061661066,4.66696712248085,4.586165205189614,3.5459375000000004,3.740937499999998,3.263878107078474,3.532443565712553,3.222478334836378,5.881875000000001,6.928125,6.435714159450667,7.709890270964877,6.0139201592888245,5.874783228484322,2.5524999999999998,2.9462500000000005,2.3817223786605393,2.841501485278041,2.6598988501352303,2.167937502889446,2.821875,3.0943750000000008,2.741487023887359,2.7676161909673174,2.8287990000835883,2.390465724600498,6.3628125,6.0709375,5.836744696945564,6.659472875186029,6.2689217937173,6.137575084954891,3.8825000000000003,3.6412499999999994,3.5360006820567254,3.062242945850123,4.002199477144346,3.72238384437426,1.68125,1.8787500000000008,1.5720348373202844,2.3023440670123954,1.7214332375042225,1.4340304365908694
2001-05-31,PREMON,8.67,6.1000000000000005,7.19,4.46,4.9,7.494999999999999,6.13,3.23,4.911458333333334,5.486041666666666,6.1906293367496135,5.518629239519632,7.600444912046986,6.6447604623040775,3.0503125000000004,3.950937499999998,4.3983268642470845,5.368620061154658,4.827097793551193,5.313958333333334,6.347291666666665,6.7374284956704,7.781921589176443,9.787089699536676,9.622063901003841,2.2737499999999997,2.71875,3.2130334271963235,3.5673507536518527,4.324556060487739,3.7941677540585577,2.4618750000000005,3.144375000000001,3.6048922143324154,4.804614407250679,5.193150175363837,4.643629550090907,6.597812500000001,6.125937500000001,6.500046818167338,6.682654548062119,7.9841462610552725,6.466041890444496,3.7299999999999995,4.041249999999999,4.573600409234035,3.399532184010914,6.165219466751843,4.798441561658745,1.5262499999999999,1.8287500000000008,2.2352209023921707,3.012265036478719,3.7620275908435588,4.44268473745066
2001-08-31,MONSOON,3.4800000000000004,0.505,2.1133333333333337,0.47,0.3,7.67,2.03,0.43,4.5921875000000005,5.198541666666666,5.106377602049768,5.263694363258775,4.191115722406667,4.6428740242827695,2.9698437500000003,3.140937499999998,2.8409961185482504,2.7293955607225113,3.014052728976674,5.281979166666667,5.416458333333331,4.887790430735573,4.445598559004009,3.1434038257909203,3.8376486742846523,2.176875,2.38625,2.1158200563177942,2.807297788239501,1.3267566343223662,1.2901889619264046,2.3996875,2.4993750000000015,2.282935328599449,1.8084078594907445,1.4802137238871584,1.6194601462095886,6.356718749999999,6.599687500000002,6.968028090900402,6.706207393588709,5.608687835596348,6.26118809730114,3.864375,3.723749999999999,3.5561602455404207,3.2732783322680716,2.851315913800221,2.9943035107477773,1.558125,1.5337500000000006,1.5131325414353023,1.9329695143882024,1.322699205227993,1.0969653931644263
2001-11-30,POMKH,2.16,2.105,4.006666666666667,1.67,1.6,5.385,2.73,1.2,4.411250000000001,4.624375,3.9278265612298613,4.73702181936219,3.5243291819334117,4.256382316441556,2.8818750000000004,2.959687499999998,2.54659767112895,2.040529701076044,1.1932813338684016,5.203125,5.211458333333331,4.535340925108011,3.614362638330543,4.308378140626094,4.0459229725500165,2.15625,2.16125,1.9374920337906767,2.5035622177142547,2.356087063874864,1.7048236464242037,2.31,2.4243750000000013,2.0097611971596696,1.3357637532266797,1.3966733582575641,1.6478591241035527,6.078750000000001,6.595937500000002,6.334816854540241,6.7253331895006445,5.681585779966742,6.323560267743858,3.8962499999999998,3.736249999999999,3.2256961473242525,3.225045138303712,2.6356556245032436,2.540854137774984,1.495,1.5187500000000007,1.3878795248611813,1.6580837685016805,1.5326322470951999,1.4770453739397087
2002-02-28,POMRB,3.93,3.21,8.100000000000001,2.17,2.7,3.92,5.08,1.53,4.2865625000000005,4.56,3.928695936737917,4.578828204687192,4.491255909326852,3.673120476416988,3.1550000000000002,2.9799999999999978,2.81195860267737,3.105769765705805,2.8464810508927063,5.0808333333333335,5.352499999999997,5.961204555064807,6.258044697085294,5.927748282850899,6.1600483574349445,2.2925,2.1925,2.030495220274406,2.3961604774848135,2.5004551669357293,1.8715959055905116,2.5375,2.375000000000001,2.285856718295802,2.2581736375122756,2.6502488632931827,2.5312035757132993,5.9875,6.1175000000000015,5.368890112724145,6.741625810976434,6.4225755758618615,6.395202677627256,3.9912499999999995,3.9924999999999997,3.9674176883945513,3.4400115401918634,4.065863940725473,3.81829551795708,1.4412500000000001,1.5975000000000008,1.4447277149167088,1.6547464723198462,1.6304049741928615,1.3708846796386382
2002-05-31,PREMON,7.48,5.315,5.995,4.17,4.38,7.1850000000000005,5.36,2.41,4.3656250000000005,4.262499999999999,5.3492175620427505,5.1431582614700835,7.415058444021214,7.400211608590846,3.339375,2.7837499999999977,3.8131751616064222,5.186691902938753,5.158119875316773,4.892083333333334,5.053749999999997,5.974722733038885,6.624926266152558,9.168218209952226,8.54623894054124,2.685,2.12,2.8862971321646436,2.989122430506171,4.294272984681604,3.9941665556433095,2.82375,2.2450000000000006,3.123514030977481,4.8706574191665615,5.011783590742731,4.698546461526046,6.09375,6.040000000000003,6.095334067634488,6.764308383373655,7.89215615067983,6.517338015679552,4.1537500000000005,3.8,4.524450613036731,3.6841381542050318,6.228866477082618,5.28682042039707,1.4812500000000002,1.392500000000001,1.8308366289500253,2.1168289285974087,3.6836134556425533,4.20074267432601
2002-08-31,MONSOON,3.6725,3.475,2.33,1.85,2.64,7.25,3.56,0.82,4.385625,4.310624999999999,4.67853053722565,4.918983653918863,3.8868878783890386,3.7997078254495067,3.2231249999999996,3.5262499999999974,3.6779050969638534,2.0581129182435984,1.9821382548045352,4.96375,5.1079166666666636,4.51683363982333,4.2370764056881205,2.6842558718875793,2.1309455847715273,2.89,2.465,2.4717782792987864,2.7202487303271248,1.0903379263079245,0.9841799381351655,2.8612500000000005,2.8300000000000005,2.9301084185864887,4.2325164798775425,1.2485173145020434,1.2161400620263254,6.668124999999999,5.935000000000002,6.557200440580693,6.787146910799783,5.490794320013903,6.665172968418908,3.975,4.182499999999999,4.138670367822038,3.720574774610613,2.9148068954960475,2.670944877840496,1.4175,1.490000000000001,1.4265019773700152,1.5612663151797261,1.2128186418386122,0.9538025437373003
2002-11-30,POMKH,2.6,0.61,2.28,3.43,1.55,6.654999999999999,2.5,1.13,4.3149999999999995,4.420624999999999,3.84711832233539,4.486052832079856,3.2788620639041306,3.5734383247300125,3.319375,3.152499999999997,2.450743058178312,2.400938988151432,2.7440987564541537,5.4725,4.676249999999997,3.622100183893998,2.738571980009317,4.0467180920053,4.123539138544578,2.86,2.905,2.8550669675792717,3.0029774522097235,2.3125422169486654,2.078663593807433,3.0862499999999997,2.817500000000001,2.3780650511518933,2.495444459411361,1.5471986176186163,1.625714986001089,7.245000000000001,6.252500000000003,6.596320264348416,6.808854137800555,5.527796706182764,6.2008314522179955,3.9400000000000004,4.124999999999999,3.4832022206932227,3.6328545924363556,2.699328359547274,2.8477586613704178,1.38625,1.472500000000001,1.3079011864220091,1.3801240137097852,1.438545521283092,1.4019444664000182
2003-02-28,POMRB,3.65,3.775,10.4,2.05,3.05,7.245,3.88,1.09,4.0484375,4.350624999999999,3.768270993401234,4.283983528346966,4.326876545852983,3.8933906318120233,3.0706250000000006,3.2937499999999966,2.980445834906987,3.0895524107831154,2.2533573063435606,5.621875,5.251249999999997,6.333260110336399,8.575315458703537,5.845707854398649,6.101492364071788,2.79375,2.8749999999999996,2.533040180547563,2.7743196208991816,2.7186701236916098,2.441561072644203,3.06375,2.905000000000001,2.646839030691136,2.818436806073971,2.770970799579468,2.5689589052093935,7.191875,7.083750000000002,6.855792158609049,6.8317401786358705,6.437957659271384,5.872182773084374,3.7887500000000003,3.824999999999999,3.6419213324159334,3.6968733342613995,4.129719219979215,4.118336004170131,1.3925,1.362500000000001,1.2207407118532054,1.249432868779255,1.5343028230709852,1.3630485139291224
2003-05-31,PREMON,7.195,5.5200000000000005,7.765,4.05,5.83,8.475,6.28,2.6,3.7775,4.279374999999999,5.138962596040741,4.807305706961849,7.237001666197951,7.115784869555825,2.9337500000000003,3.344999999999996,3.9962675009441924,5.292970500822381,5.3973158318085215,5.748749999999999,5.693749999999997,6.905956066201838,10.79754518730572,8.595754198035761,8.560588511005173,2.485,2.8449999999999993,3.139824108328538,3.243617415220162,4.521454487213779,3.9890245069538404,2.82875,3.267500000000001,3.9201034184146817,6.200086670941322,5.166582272690312,4.582486654015379,6.598125,7.406250000000002,7.50347529516543,6.857054990887585,8.300778990833068,6.632087991648594,3.4825,4.054999999999999,4.69715279944956,4.029015572989294,6.292348020017062,5.134503224520083,1.375,1.410000000000001,1.7724444271119233,1.971636387410681,3.571212144077684,3.871402590579823
2003-08-31,MONSOON,1.825,1.28,1.755,1.4400000000000002,1.01,5.535,1.43,0.6799999999999999,3.7137499999999997,3.817499999999999,3.8133775576244444,4.245953323490519,3.6961801862868184,3.803454017645868,2.996875,2.796249999999996,2.9097605005665153,2.343963570479462,2.473320621379303,5.455,5.549999999999997,4.845573639721103,6.9731913342090825,2.8404524215493723,3.2071121948113026,2.1887499999999998,2.7424999999999993,2.459894464997123,2.7654389267455524,1.4287088532568013,1.1807495612021222,2.7425,2.8600000000000008,2.7560620510488087,3.1242067895081314,1.595816949515734,1.6298418281980696,6.16,6.977500000000003,6.716085177099258,6.8766673161713845,6.004140252092017,6.748396392487171,3.47125,3.5224999999999986,3.390291679669736,3.8079760380239795,2.9785889447095517,3.05568689677109,1.34625,1.3750000000000009,1.335466656267154,1.4077469030646568,1.1087808511160075,0.8999011848137082
2003-11-30,POMKH,2.28,1.71,3.87,1.37,1.3,3.62,2.18,1.13,3.6631250000000004,3.7374999999999994,3.2000265345746666,3.8106600064197917,2.8921631061692805,3.0241949373423735,2.9299999999999997,3.0712499999999965,2.429856300339909,1.7801400729336874,1.1859789431451362,5.334791666666667,5.947499999999997,4.455344183832661,5.302763610488237,3.895612085317424,3.1466128258320314,2.18875,2.227499999999999,2.0239366789982736,2.3191778595717043,2.6285052698947085,2.3124249198495224,2.62125,2.7975000000000008,2.1736372306292853,1.626334229026005,1.6006195650314414,1.5957221312342076,5.755625000000001,6.2187500000000036,5.477651106259555,6.892569281616277,5.776375990659682,6.64636142023973,3.4437499999999996,3.442499999999999,2.906175007801842,3.667831658038965,2.7629427621627443,2.465704023277284,1.3175,1.3750000000000009,1.2532799937602923,1.2946788411827204,1.3301314262060813,1.3215361602036768
2004-02-29,POMRB,3.46,3.18,6.460000000000001,1.74,2.61,6.775,4.11,0.86,4.0025,3.689999999999999,3.3040159207448,3.6449169099522973,3.948067782369105,3.7010085149351317,3.1156249999999996,2.9224999999999963,2.7299137802039457,3.128700627161174,3.1128333570016893,5.901458333333334,4.962499999999997,5.257206510299597,5.9138277165719835,6.86984740662529,8.061126689359064,2.41875,2.1499999999999995,1.9103620073989642,2.066414130825694,2.476059100093263,1.746613710770338,2.82875,2.687500000000001,2.348182338377571,2.0768564862722845,2.7792954205493667,2.6972683735314993,5.358125,6.101250000000003,5.996590663755733,6.9146461197743685,6.296390033984874,6.656329660738534,3.5125,3.499999999999999,3.3877050046811052,3.742300128386328,4.193323615290471,4.00075619248862,1.32375,1.317500000000001,1.0959679962561755,1.0893992255006684,1.4270792671090426,1.2841040838609683
2004-05-31,PREMON,6.98,5.58,10.743333333333332,4.36,5.3,5.71,5.83,2.6,5.243125,3.6362499999999986,4.77440955244688,4.202793886958813,6.880528151581018,7.031069716559542,3.518125,2.9374999999999964,3.869948268122368,5.145052782127655,5.111782140507829,6.6800000000000015,5.70708333333333,7.451657239513091,9.808624287280455,8.16402273558382,7.415089320569598,2.8850000000000002,2.227499999999999,2.890217204439379,2.7475202685294104,4.2756899991670645,3.8990558550948973,3.2399999999999993,2.555000000000001,3.5289094030265424,5.669141761254147,5.108274073308973,4.925074702227694,5.5425,5.410000000000004,5.88195439825344,6.93467385361038,8.120187829045758,6.790685890778831,3.81875,3.3874999999999993,4.364623002808663,4.007901211052082,6.355999528625826,5.415588860104102,1.3925,1.3175000000000012,1.6975807977537052,1.8931209935452653,3.4563363929636344,3.628781417564914
2004-08-31,MONSOON,4.755,2.705,3.3100000000000005,2.97,3.2,5.12,2.43,0.73,6.353750000000001,4.368749999999999,4.766645731468127,4.302681845392798,3.3564423681425786,3.1346993243205166,3.975625,3.2937499999999966,3.4039689608734207,2.079231802957843,2.1874749733594725,7.814166666666667,6.0958333333333306,5.794994343707854,6.852598043104271,2.8159308059730703,3.5639192988211033,3.37625,2.6099999999999994,2.9221303226636275,2.8871405627977134,1.2966277413643128,1.3365071216094275,3.51375,3.1025000000000014,3.397345641815926,5.205920897635069,1.4674029527503658,1.441147899869712,5.659375,5.306250000000004,5.577172638952064,6.9535764269920355,5.516475913615697,6.060558686095144,4.1525,3.6374999999999993,3.5907738016851978,3.885360467736832,3.041935550422102,2.607566039173876,1.52625,1.3300000000000014,1.310548478652223,1.4001113110794705,0.9953268518455207,0.8268364546101161
2004-11-30,POMKH,9.275,3.505,8.543333333333335,3.57,2.4,5.51,3.63,1.63,6.626250000000001,6.117499999999998,6.569987438880877,5.329761941733287,2.939220935379351,3.718104328336201,4.3825,3.742499999999996,3.4443813765240523,1.9857187385701187,1.9475075583529025,8.512916666666667,7.2641666666666636,6.894329939558046,8.22390841908024,4.236320530711617,4.35237748658075,3.6562500000000004,3.1599999999999993,3.1812781935981764,3.206167074855827,2.468261160942598,2.4909923207783202,3.78125,3.3775000000000013,2.998407385089555,3.603229504668708,1.8167828144948233,1.5018285954802957,6.091875,5.778750000000003,5.550303583371239,6.973264070453037,5.297345452268456,5.572668030267123,4.5475,3.999999999999999,3.6064642810111187,3.8942006139049914,2.8264810330594496,2.552471806821303,1.61375,1.4550000000000014,1.4383290871913337,1.5633765530349018,1.220150825848471,1.250870447431418
2005-02-28,POMRB,5.35,5.045,10.86,3.47,3.7,5.82,5.33,1.43,6.535625,6.589999999999998,6.081992463328525,5.520151764058042,4.817036706351989,5.459470674134575,4.5600000000000005,4.208749999999997,4.084628825914431,3.676133539805136,3.8938632303172915,8.662291666666667,8.364166666666664,8.480597963734828,10.910665389184354,7.7188408022675805,7.9470436142756515,3.4074999999999998,3.592499999999999,3.296766916158906,3.439051635920111,2.670280796716203,2.362390332893453,3.6375,3.6500000000000012,3.279044431053733,3.714657337274513,3.126820038007116,2.6591440171755405,6.26625,5.540000000000003,5.658182150022744,6.993581737992876,6.098841946179633,6.228734022208449,4.9525,4.305,4.295878568606671,4.091148074840514,4.256961067428411,4.254087567129775,1.6312499999999999,1.5975000000000013,1.4349974523148001,1.5532748988179736,1.3381754765421365,1.1948030855863578
2005-05-31,PREMON,7.27,6.9700000000000015,11.933333333333332,4.87,6.35,10.125,7.77,2.73,5.694375000000001,6.662499999999999,6.557195477997115,6.077632859764574,7.870280575031469,7.480413059809997,4.492500000000001,4.556249999999997,5.23877729554866,6.010846161165324,6.009684353832391,8.280416666666666,8.661666666666664,9.861692111574229,13.40106773299692,9.925049884849717,10.397586161861815,2.9987500000000002,3.719999999999999,3.926060149695344,4.12055906652386,4.801649024012611,4.492421146162763,3.35875,3.9125000000000005,4.50742665863224,6.584709477195561,5.566150044714474,5.010774299522163,6.20375,6.6437500000000025,7.444909290013646,7.022323249409033,7.8326411460384175,5.934207734251724,5.175,4.789999999999999,5.685527141164003,4.561948496963168,6.419549142943474,5.716704272617412,1.6175,1.6300000000000012,1.9529984713888802,2.2444714663104897,3.3912707727417724,3.4549202620009067
2005-08-31,MONSOON,3.74,2.735,3.315,0.47,1.0,2.1,3.73,0.74,5.0125,6.408749999999999,5.430317286798269,5.86629257412657,4.263417148041816,3.992777701459434,4.367500000000001,4.563749999999997,4.237266377329196,3.0764074356133833,2.9438892217001413,6.856666666666666,8.662916666666662,7.243015266944537,8.428892553905014,4.1896927721644115,4.250922240707161,2.8275,3.094999999999999,2.5436360898172063,3.1861643548122918,2.1121790954577353,1.9045101899955652,3.31375,3.3625000000000007,3.104455995179344,3.0140613064152735,2.0132841158735646,1.945629625648446,6.904375,5.888750000000003,5.3069455740081874,7.035447416275974,5.787674397830882,6.227361709511174,5.23625,5.114999999999999,4.903316284698402,4.56794688800259,3.1054681402124578,2.936279797338482,1.5587499999999999,1.6325000000000012,1.467799082833328,1.611599950367939,0.9369789551843946,0.8009184705694223
2005-11-30,POMKH,3.56,2.935,5.4833333333333325,2.8,2.37,8.030000000000001,4.11,1.51,5.165000000000001,4.979999999999999,4.682190372078962,5.58900043917212,3.6188345259304744,5.358587881897394,4.239375000000001,4.421249999999997,3.716359826397518,2.8944473692210115,2.3546629961995036,4.842499999999999,7.897916666666662,6.539142493500055,6.335865538506782,6.003052584596626,6.075335291831896,2.665,2.902499999999999,2.6461816538903236,3.1079727677702285,2.848179449440372,2.051385821952084,2.91125,3.355000000000001,2.8106735971076064,2.2051665722247193,1.9545538772977775,1.7558241297142752,7.251250000000001,6.5187500000000025,6.396167344404914,7.060156051836159,5.177491731925971,6.13695849045296,5.272500000000001,5.234999999999999,4.585989770819041,4.607981388454384,2.890294565474143,3.0971346317819406,1.62,1.6025000000000011,1.4846794496999969,1.6181720513788638,1.1638646281279013,1.2851206394672554
2006-02-28,POMRB,5.61,4.615,2.53,2.87,3.37,8.905000000000003,5.34,1.08,5.172499999999999,5.044999999999998,5.053314223247377,5.711359821708845,4.740195547041336,3.969817847318139,4.0287500000000005,4.313749999999997,4.075815895838511,4.262189035220299,3.905515368483183,3.6777083333333334,5.815416666666662,4.935485496100033,3.533029116339114,8.680315440525264,8.537712028884275,2.5637499999999998,2.752499999999999,2.735708992334194,3.054477186714788,2.87235651550617,2.4225897164749925,2.545,3.272500000000001,3.034404158264564,2.8298413976410215,3.2396559120911057,2.94847838193871,7.996250000000002,7.290000000000003,7.39970040664295,7.086603306649439,6.292649228660521,6.183599728949218,5.211250000000001,5.237499999999999,4.887593862491425,4.779255713725072,4.320828097764336,4.674155367009807,1.6362499999999998,1.5150000000000012,1.3228076698199982,1.3948084632794115,1.2789088188839808,1.2068963268958153
2006-05-31,PREMON,8.23,6.375,4.15,4.17,3.46,9.815,8.05,3.57,4.94875,5.284999999999998,6.323988533948427,6.35115288432575,7.833286247949427,7.479103315125039,3.7787499999999996,4.1649999999999965,4.995489537503107,6.337321506568035,6.013641923751701,3.6779166666666665,3.869583333333329,4.6212912976600204,3.098190730719449,9.503054836816771,7.689692280494522,2.41625,2.577499999999999,3.309425395400517,3.445911101426531,4.785818031978252,4.401075485366528,2.4250000000000003,2.550000000000001,3.2046424949587387,3.3738597274022872,5.613168870573272,5.375532499581185,8.819375,7.212500000000002,8.36582024398577,7.114859690018463,8.369972920101905,7.3896390789373445,4.9575000000000005,5.307499999999999,6.152556317494856,5.252745840344091,6.483471229732865,6.281158895592965,1.4787499999999998,1.725000000000001,2.2216846018919987,2.6193633029540018,3.3201011341911877,3.3190874874603082
2006-08-31,MONSOON,2.84,1.645,1.78,0.36,0.96,8.370000000000001,2.96,0.03,4.68625,5.059999999999999,4.930393120369056,5.854852076416242,4.344362878420144,3.9990284792630195,3.9262500000000005,3.8924999999999965,3.655293722501864,3.052640920672662,2.6273715582175066,3.97125,3.485833333333329,3.4847747785960124,1.8123077786658264,2.373903737436856,1.5034742533115395,2.19125,2.5499999999999985,2.12965523724031,2.5298808150497822,1.7286673035768483,1.3323279464596756,2.3987499999999997,2.540000000000001,2.3067854969752433,1.5866858668942938,1.6237847612865972,1.662140330843518,8.859375,8.780000000000003,8.367492146391463,7.140333650813649,6.2243282699605205,5.745376854764736,4.6937500000000005,5.114999999999999,4.875533790496913,5.137627798410769,3.1692461590019274,3.282975503448098,1.4974999999999998,1.547500000000001,1.3450107611351991,1.4905079587793864,0.9002613178355456,0.7915130446393692
2006-11-30,POMKH,2.67,2.025,7.02,1.73,1.45,8.344999999999999,2.85,0.96,4.31375,4.8374999999999995,4.0262358722214335,5.320980161908241,3.58373867747161,3.8461208546957955,4.255625,3.664999999999996,3.0031762335011183,2.6986347749711324,2.004145740783157,4.09,3.869999999999996,4.898864867157608,5.156123179670129,4.277166629457279,4.457019240428599,2.0075,2.282499999999999,1.969793142344186,2.1953152260319233,2.7225938146577033,2.203346210277522,2.6499999999999995,2.3100000000000005,1.964071298185146,1.1753635325947274,1.6169993110554086,1.9256679562470105,8.848749999999999,8.858750000000002,8.358495287834877,7.165791592999613,6.3072496128819795,7.20837765719298,4.415,4.8,4.0653202742981485,4.997604241274623,2.9541906932951556,3.3225895774627188,1.41875,1.410000000000001,1.1910064566811194,1.2766275903324964,1.101232276982823,1.290746270648337
2007-02-28,POMRB,4.4,6.705,3.34,2.14,4.08,8.91,4.49,1.78,3.99125,4.535,4.17574152333286,5.146583692404392,4.603968285878281,4.263071267497354,4.889375,4.1874999999999964,4.4839057401006714,3.958108819356993,3.647533456572957,4.57,4.072499999999996,4.2753189202945645,4.7672096559693715,6.53625843332771,5.76824510610558,1.94625,2.0999999999999988,2.0378758854065113,2.06528061975515,2.621580904804152,2.2253894346228966,2.78,2.4875000000000007,2.8104427789110877,4.072503437916989,2.8155346477839447,3.0566667136170755,8.210625,8.860000000000003,8.579097172700926,7.1923844035713325,7.325599558490357,7.497356385716317,4.1762500000000005,4.5874999999999995,4.235192164578889,5.0333094358130435,4.384684404251973,4.712356101702659,1.25,1.585000000000001,1.4266038740086717,1.5731627400283343,1.1966484838656946,1.155323744171141
2007-05-31,PREMON,6.46,6.92,4.29,3.43,4.76,9.725,6.67,2.24,3.8674999999999997,4.0925,5.089444913999716,5.391815784524865,7.570036379858955,7.417243993748987,6.039999999999999,4.323749999999997,5.458343444060403,6.486602015732984,6.979621777855268,4.3875,4.107499999999996,4.281191352176739,4.926245312799362,7.864387544683622,6.0234469166359315,1.9287500000000002,1.9149999999999987,2.594725531243907,2.4023777736430665,4.349412300909753,4.115317676462675,2.7249999999999996,2.812500000000001,3.590265667346652,6.733090258138237,5.357607829722195,4.795104302341722,7.564374999999999,8.837500000000004,9.037458303620555,7.220601214192903,9.280784690199683,7.564406641046923,4.1850000000000005,4.242499999999999,5.209115298747333,5.308038732585567,6.5474361538505494,6.6007816280440155,1.25375,1.2525000000000013,1.7519623244052032,2.0012920358780324,3.266926316573517,3.3166804771522163
2007-08-31,MONSOON,2.03,6.17,5.48,0.61,0.7,3.355,2.43,0.01,3.8875,3.8900000000000006,3.8656669483998294,4.750748763215479,3.9028710762397045,3.1817557740306683,6.630625,5.454999999999997,5.743006066436242,3.1046513162586633,2.6182539595439662,3.6012500000000003,5.032499999999996,4.760714811306043,5.770492424705768,1.6811878717720408,1.9311762610462115,1.8625,1.9774999999999985,1.8008353187463442,1.8036906133509938,1.0997463149008397,0.8707187854527624,2.61375,2.7475000000000005,2.434159400407991,3.414484441325729,1.5994209700106732,1.4508416075526476,7.03,7.583750000000003,6.764474982172333,7.23642839904268,7.016226018032631,7.787430716803443,4.26,4.1099999999999985,4.0974691792484,5.093659584591215,3.232858625054828,3.0560088525774196,1.15625,1.2475000000000012,1.0551773946431218,1.1017241609895765,0.7971568849197848,0.6508615633522985
2007-11-30,POMKH,2.49,6.705,1.86,1.34,1.27,8.19,3.45,1.01,4.05625,3.845000000000001,3.3154001690398975,4.244259437706461,3.098653971254637,3.3727359933985204,6.7006250000000005,6.624999999999998,6.127803639861746,3.761182775228219,4.002618945486274,3.3925,3.742499999999996,3.600428886783626,3.6950200900776866,4.6585427660502265,6.838830312934517,2.0125,1.8799999999999986,1.6165011912478064,1.5521945728225237,2.2136225575523043,2.141454015881888,2.5949999999999998,2.7025000000000006,1.9684956402447946,1.8077588418404846,1.5576137867720938,1.778741183860792,6.609999999999999,7.5450000000000035,7.334684989303399,7.261707521059466,6.409185884332442,7.200438123477857,4.305,4.259999999999998,3.83848150754904,4.986430272376846,3.0178239996691465,3.165147709739932,1.7075,1.2600000000000011,1.037106436785873,1.0694604609220089,0.9993149457192203,1.1993040177221692
2008-02-29,POMRB,4.74,6.75,2.21,2.0,3.37,4.79,4.49,0.95,4.235,3.930000000000001,3.8852401014239386,4.22269541513034,4.154973762728668,4.039285148302591,6.163749999999999,6.636249999999999,6.3766821839170476,6.187324023083281,6.47915604005497,3.1983333333333337,3.4599999999999964,3.0442573320701753,2.5668144136645523,5.303289557104897,4.263397383765426,2.24875,1.8449999999999984,1.7699007147486838,1.5756455316436127,2.1751891361170066,2.083566886972966,2.585,2.525000000000001,2.529097384146877,2.909987986072756,2.738222642682502,3.3385502210250593,6.570625,6.515000000000003,6.31681099358204,7.28038679244536,7.397007286656853,7.3443577652336485,4.325,4.259999999999998,4.099088904529424,4.990377478492358,4.448359299748829,4.768865439351966,2.365,1.052500000000001,1.0022638620715238,1.0184831642408885,1.098712513005442,1.1819337343817622
2008-05-31,PREMON,7.47,7.435,3.75,4.77,5.32,10.485,7.03,7.48,4.43375,4.182500000000001,5.319144060854363,4.762961279691773,7.214376449362971,7.114459945887087,4.855624999999999,6.764999999999999,6.800009310350228,7.980708476711614,6.927075416827922,3.442291666666667,3.3249999999999966,3.326554399242105,2.960750213820865,6.58816752141303,5.565882297894256,2.47125,2.1799999999999984,2.96994042884921,2.592869393579818,3.8389058961953846,3.8808189424475272,2.68375,2.665000000000001,3.6454584304881266,5.901445658217673,5.186261761872378,4.762262469398273,5.984375,6.705000000000004,7.984086596149224,7.31019926167798,8.854179539422232,7.364999553790938,4.31125,4.349999999999998,5.271453342717654,5.275763617688836,6.611114471518052,6.622111578533492,2.37,2.362500000000001,3.593358317242915,5.23399616304879,3.1387912508610385,3.101361408896988
2008-08-31,MONSOON,2.45,1.36,4.466666666666668,1.16,0.06,2.28,2.23,0.03,4.718333333333334,4.2875000000000005,4.171486436512618,4.295599049181792,3.7087627276322763,3.251277088575919,3.6137499999999996,5.562499999999998,4.624005586210137,4.7227321647366205,3.772047978764741,4.179166666666667,3.0716666666666637,3.78259930621193,3.8754158248108053,1.6067367525285965,3.2935632839409434,2.6521875,2.3174999999999986,2.245964257309526,2.263479208527441,0.8451411538501614,1.184988567223831,2.92125,2.5050000000000012,2.211275058292876,2.307850831195477,1.5367721469872324,1.2265504985046007,5.629375,6.436250000000004,5.702451957689534,7.324044638807992,6.730610407198121,6.122589597945015,4.3100000000000005,4.299999999999998,4.0548720056305925,5.013248863398345,3.296353281026213,3.012751029057487,2.4050000000000002,2.367500000000001,2.168014990345749,3.55630127754571,0.875140819938695,0.6481655391723669
2008-11-30,POMKH,3.66,1.05,4.825,2.57,2.7,4.575,3.54,1.03,4.925416666666667,4.58,3.9668918619075706,4.099380710642635,2.977191947660543,3.3901163188327263,2.539375,4.148749999999998,3.194403351726082,4.0423898989017815,2.545049744684342,4.567916666666667,3.8129166666666636,4.199559583727158,4.813062621995361,3.472189866913263,3.8159139828545316,2.591875,2.6249999999999987,2.3755785543857155,2.4281064523497853,1.985285028950193,2.081224361426439,3.005,2.8625000000000016,2.4067650349757255,2.454131590501274,1.409155406373259,1.6230072824635005,5.601875000000001,5.532500000000004,5.25147117461372,7.342384650643309,6.0297775389947805,7.021140274439996,4.3637500000000005,4.322499999999998,3.848923203378355,4.894280102922986,3.081563765932578,3.239709597128512,1.8399999999999999,2.372500000000001,1.7128089942074491,2.892226292450018,1.0798469691773738,1.2448122774102135
2009-02-28,POMRB,5.846666666666668,2.47,5.14,2.2175,3.84,5.565,4.39,1.21,5.431666666666667,4.856666666666667,4.718801783811209,4.357993779592344,4.18628603396568,4.4905607954749165,2.51125,3.0787499999999977,2.9046420110356492,4.953512063960312,3.985369618206222,4.288333333333333,4.5454166666666636,4.575735750236294,5.612520633714453,4.614963742616653,4.7844594379415355,2.710625,2.6793749999999985,2.3123471326314293,2.4404255611539885,2.228983037565425,2.402703146833261,3.3975,2.9800000000000013,2.9800590209854354,3.749482532251353,2.8243646583434776,3.33186686070017,5.8375,5.726250000000005,5.376882704768232,7.362679423839835,6.633153805094962,6.079537488183741,4.8675,4.297499999999998,4.065353922027013,4.868157773967839,4.512021557751318,4.742133218160143,1.43,2.437500000000001,1.5116853965244694,2.486062142466426,1.1816119375148908,1.2244614220830103
2009-05-31,PREMON,8.02,3.12,3.93,4.07,5.52,9.49,7.56,2.7,6.055416666666667,4.9941666666666675,6.039281070286725,5.058052454371935,7.372898430567368,7.614924231588966,3.351875,1.999999999999998,2.99078520662139,5.983488303161083,5.099623774795125,3.8977083333333336,4.5904166666666635,4.317441450141777,5.074419160017754,6.410700675743641,6.016708325853724,2.879375,2.5043749999999987,3.0154082795788577,3.090617630422511,4.104765492807925,4.153971994745511,3.6649999999999996,3.030000000000001,3.9960354125912607,6.367427023556242,5.329455161628099,4.901208049566581,6.769375,5.4775000000000045,7.022129622860939,7.390656748965947,8.273168888318938,7.281447485303387,5.40375,4.429999999999997,5.463212353216208,5.196185380732593,6.674851597779729,6.706690332740843,1.6550000000000002,1.2425000000000006,1.9870112379146816,3.043214578583164,3.2332187986211434,3.6778525361011987
2009-08-31,MONSOON,5.95,5.45,2.0500000000000003,2.81,3.0,5.16,5.73,1.53,6.287083333333334,5.8691666666666675,6.003568642172035,5.31672576641204,3.913594841980917,3.3398939339349356,4.109375,3.022499999999998,3.974471123972834,1.9006998974368505,1.2238206968142502,4.264166666666667,3.9862499999999965,3.4104648700850664,3.3243764661777417,2.3303874794834525,3.1905596827290643,2.8671875,2.9168749999999988,2.9332449677473145,3.216208289600688,0.9214861432319714,0.9805211038987165,3.58,3.765000000000001,3.5976212475547564,4.84740109090057,1.6884085005145557,0.8830305304851743,7.920625000000001,6.197500000000004,6.2772777737165635,7.410223549731554,6.100410547869649,5.910134259912811,5.672499999999999,5.304999999999997,5.569927411929725,5.31249321856164,3.359795642864288,2.9617804148698728,1.7575,1.6175000000000006,1.804206742748809,2.698756139263436,0.7847997981316865,0.5276809388244317
2009-11-30,POMKH,5.15,3.685,4.116666666666667,2.27,1.9,9.15,4.33,1.33,6.49875,6.241666666666668,5.662141185303221,5.39172062609077,3.571827974848603,4.534039525475149,5.038125,3.681249999999998,3.8586826743837004,2.687503318815547,3.949183251163279,4.752916666666668,3.8091666666666635,3.6929455887177065,3.5578009978555296,3.559679588199276,4.487162737675573,2.96375,2.8418749999999986,2.667946980648389,3.099239841701333,2.2967785244609984,2.6666737357208454,3.9087500000000004,3.5650000000000013,2.9185727485328536,2.7440192131041465,1.9752158743133823,1.9271243388497616,8.098749999999999,7.341250000000005,7.426366664229938,7.437598761468095,5.816651095326645,6.117494932753658,5.93875,5.502499999999998,5.073956447157835,5.2649374236066295,3.145308806232104,3.905932920036525,1.92875,1.6925000000000006,1.6145240456492855,2.320456329030176,1.0494145803815507,1.2075182606164783
2010-02-28,POMRB,6.21,5.8950000000000005,8.78,2.42,3.96,10.2,5.75,1.73,6.621250000000001,6.332500000000001,5.881284711181932,5.664123021269992,4.886839693313642,5.17003085593804,5.271875,4.537499999999999,4.67320960463022,4.48199279746097,4.714918285761294,4.630416666666666,4.719166666666663,5.7277673532306235,7.710441779051878,4.474383574833827,5.115284475589239,3.01625,2.8924999999999987,2.568768188389033,3.0095846777394297,2.402088466281926,2.2610824108536858,4.16625,3.5950000000000015,3.335143649119712,3.4596229678600414,3.1873926420876217,3.463196243980817,8.250625,8.500000000000005,8.535819998537963,7.467057391433482,6.988940907807446,6.714210934708895,5.8687499999999995,5.842499999999998,5.344373868294701,5.371977987927364,4.575651407852013,4.8724181793378065,1.94125,1.8225000000000005,1.6607144273895713,2.2684837414585943,1.1643040131162106,1.219039714900323
2010-05-31,PREMON,9.35,7.125,4.2,4.64,8.03,6.28,8.33,3.55,6.33125,6.665000000000002,7.26877082670916,6.565084930321828,8.033560403928137,7.797132424181655,4.705625,5.5387499999999985,5.653925762778131,6.266272195455382,6.0535440646695715,4.178333333333334,4.786666666666663,5.1166604119383745,6.94129019467533,6.313207638466908,6.606958231708191,3.0275,3.0349999999999984,3.3972609130334197,3.6836307574749187,4.297730808651348,4.171498499346142,4.185,4.222500000000001,5.213086189471827,8.838839838812634,5.656362800709253,5.0571476195331,8.7975,7.697500000000005,7.6334919991227785,7.488907184604516,9.13740166675791,7.546837663710765,5.550000000000001,6.0349999999999975,6.538624320976821,5.765381589829185,6.738681360143127,7.195612886721859,1.7200000000000002,2.035,2.4164286564337427,3.2490494206523994,3.2375491936567142,3.55539269782009
2010-08-31,MONSOON,5.6,3.315,0.8,2.66,2.55,9.585,4.4,0.78,5.8825,6.5775000000000015,6.601262496025495,6.649859577950709,4.653436569105465,4.604653582441102,4.20125,5.004999999999999,4.718355457666879,3.7415447694979704,4.09849543526292,3.4381250000000003,4.474166666666663,3.3899962471630243,3.709367126024688,2.6108302177377487,2.597421331783921,3.0437499999999997,2.9974999999999983,3.102356547820052,3.5738180404526476,1.4824345758434678,1.6137411326478388,4.262499999999999,4.110000000000001,4.147851713683096,5.730285007390358,2.339781034999257,1.491639770663655,8.579374999999999,8.803750000000004,8.414095199473667,7.517232100485468,6.480552890095143,6.832168977432618,5.2025,5.702499999999998,5.683174592586092,5.706612917878223,3.423920152735258,3.855347650145551,1.60625,1.8475,1.7618571938602456,2.3171757329734017,0.8235219488257162,0.6825903708035188
2010-11-30,POMKH,3.18,1.29,1.75,2.51,2.5,9.1,3.11,0.31,5.584999999999999,6.085000000000001,5.232757497615297,6.199241381098006,4.182746204187591,4.614938931286186,4.0424999999999995,4.406249999999999,3.3470132746001275,3.395358165811629,2.910005322407251,3.035,3.882499999999996,2.733997748297815,2.2552934515248255,3.7657892668295494,3.7225340568638776,2.975,3.0574999999999983,2.865413928692031,3.3818194256727745,2.4972177169887217,2.512295978661339,4.06,4.260000000000002,3.4887110282098575,3.4513974535392187,2.4628955074224157,1.9101593766842102,9.78625,8.791250000000005,8.6884571196842,7.544647345090368,6.67739359332572,7.850910664513684,4.8725000000000005,5.397499999999997,4.653904755551656,5.495050953482877,3.2091980068357717,3.9294876682618676,1.4575,1.5924999999999998,1.1811143163161475,1.4643444930848573,1.0601265906475608,1.2344167482705939
2011-02-28,POMRB,4.59,4.255,5.225,2.31,3.98,8.505,4.19,1.84,5.37375,5.680000000000001,4.975654498569178,6.016846840299675,5.192446612447246,4.752985976047254,4.093125,3.996249999999999,3.7102079647600763,4.603143484533058,3.911176871344326,3.27625,2.9937499999999955,3.7303986489786887,3.8468322210205392,4.906558471076147,5.852070253581893,2.8950000000000005,3.0299999999999985,2.6432483572152186,3.1177228652859195,2.6309286497489603,2.361676511511839,3.6887499999999998,4.2650000000000015,3.6852266169259145,3.532044716880042,3.6917660338812888,3.5906153832542356,11.754375000000001,8.367500000000007,8.61507427181052,7.570937172978485,7.741471195776078,8.079442330875738,4.6475,5.007499999999998,4.468342853330993,5.400383320284988,4.639538534565385,4.982727286845028,1.42625,1.6199999999999997,1.4446685897896887,1.7386507828479725,1.1364812761333696,1.2634633695983668
2011-05-31,PREMON,8.59,7.495,4.53,4.2,6.39,17.63,7.25,2.25,5.141249999999999,5.49,6.4213926991415065,6.636603050735555,8.111376467567723,7.765191367867102,4.314375,4.088749999999999,5.224124778856046,5.956754708633886,5.5522625876454255,3.6169791666666664,3.0762499999999955,4.050239189387213,4.555506486541626,5.262102091806542,4.8372349825689795,2.7500000000000004,2.919999999999998,3.265949014329131,3.513857598151238,4.555543879952914,4.242426231954968,3.4100000000000006,3.8550000000000018,4.7671359701555485,6.1978331014347665,6.088745577934168,5.893705743903686,12.063125,11.205000000000005,12.221044563086313,7.6150608521843335,9.599122354691366,7.09220209863963,4.51,4.737499999999997,5.581005711998596,5.646240527104824,6.802651215163381,7.269297732540629,1.61375,1.2949999999999997,1.7668011538738133,2.1261772175301723,3.215207722762092,3.5255947905140803
2011-08-31,MONSOON,4.67,3.35,2.4,2.46,1.22,13.98,3.68,1.83,4.945,5.2575,5.7208356194849035,6.4228642886715415,4.6321426659149765,4.36866373652928,4.49375,4.097499999999999,4.474474867313628,3.4128987276283387,4.047268954823077,3.3045833333333334,3.4762499999999954,3.3901435136323275,3.450932340105868,1.7854575791461977,2.2000542388416005,2.5575,2.8699999999999983,2.9435694085974786,3.2641542260498126,1.8043764262875637,1.756063086705713,3.13,3.5225000000000017,3.348281582093329,2.895712517839723,2.464153271046677,1.7909215149839368,11.698125,12.303750000000006,12.924626737851789,7.652121234125078,8.235992461665097,8.667935439510659,4.39125,4.557499999999997,4.820603427199158,5.4848418391310565,3.4877678837409225,3.8808665421400406,1.5125,1.5574999999999997,1.792080692324288,2.1297742417040344,0.7517817734836671,0.6534998139095618
2011-11-30,POMKH,2.25,3.025,2.875833333333333,1.55,1.6,7.175,2.73,0.76,4.887499999999999,5.025,4.332501371690942,5.7121015889062585,4.053956354068327,3.8617312379465085,4.4025,4.531249999999999,3.8946849203881766,2.93398613544003,2.486534408336703,2.6664583333333334,3.757708333333329,3.1844194415127296,2.9873428951416416,3.2264703956613205,3.445062708701296,2.47125,2.6299999999999986,2.386141645158487,2.7367521870926645,2.580215811050358,2.4456790908683446,2.94625,3.2975000000000017,2.6489689492559974,1.5926521122802775,2.371109809342176,2.0718518404097224,10.540625,11.822500000000005,10.624776042711073,7.6759548088494505,8.746459319487723,8.72002097222665,4.165,4.462499999999998,3.984362056319495,5.2151486971841345,3.272832316822096,3.6763627497696354,1.25125,1.6699999999999997,1.3792484153945728,1.5559758154926293,1.0305471048809298,1.1120357143796542
2012-02-29,POMRB,3.95,3.955,1.6,1.73,2.64,7.5100000000000025,3.62,0.58,5.099375,4.865,4.179500823014565,5.363602611213962,4.968877114592845,4.276952671036469,4.175156250000001,4.45625,3.9188109522329055,4.81062281340672,4.723608537347925,2.5208333333333335,2.8514583333333294,2.5506516649076376,1.9618243551546963,4.934748546083587,5.160009027351501,2.4975,2.4849999999999985,2.1236849870950922,2.351595543944791,2.5398001238387553,2.066952424504364,3.0640625,2.9625000000000017,2.6453813695535984,1.992121916091602,3.4798584510971984,3.686336347509024,8.8,11.573750000000006,9.378865625626645,7.700472504824747,9.335971740028764,8.452124057413426,4.0653125,4.319999999999998,3.8386172337916973,5.046819070241487,4.703103305895037,4.765576517847689,1.0171875,1.3549999999999998,1.0595490492367436,1.1135149354553395,1.1256547402683517,1.3246766071209013
2012-05-31,PREMON,8.77,7.065,3.05,4.09,6.26,9.365,6.01,1.42,5.4575,4.91,6.015700493808739,5.999523758090923,7.838545067195735,7.608413307050801,4.0165625,4.34875,5.177286571339744,6.293039345093479,5.868473427611431,2.4382291666666664,2.481458333333329,2.7503909989445825,2.34524120398286,4.655606291571219,4.025282710947895,2.67875,2.4574999999999987,2.9102109922570554,2.8180400072257568,4.3904266307697,4.0479318028499724,3.225625,2.9300000000000015,4.091228821732159,6.946390106628948,5.709173816209212,6.009478573260018,8.228125,9.507500000000007,9.373319375375988,7.728640251596891,10.885944738119695,10.665961152583249,4.176875,4.009999999999998,4.7071703402750185,5.147321014413217,6.866393979306375,7.172109616859679,0.893125,1.1474999999999997,1.203729429542046,1.2773925258253658,3.156545966400211,3.3249942083851542
2012-08-31,MONSOON,6.185,1.96125,2.715,2.78,2.2925,8.32,4.1225,0.7875000000000001,5.8637500000000005,5.28875,6.083420296285244,6.092960889667029,4.412879234716937,4.301201659511674,3.9528125,4.0015624999999995,3.8908719428038463,3.393701772438021,3.665775321813233,2.78875,2.5602083333333288,2.7362345993667496,2.4704666068754317,1.2667988284706206,2.2246097221070174,2.9237499999999996,2.5374999999999988,2.858126595354233,2.802501939490462,1.7882667238082328,1.9027661833416933,3.3468750000000003,3.1981250000000014,3.3717372930392955,5.131879064652823,2.1216744313434184,1.6172080642228057,8.465,8.092500000000008,8.951991625225594,7.754805738177198,8.387890525427927,9.563085273290245,4.351875,4.120624999999998,4.473302204165011,5.036295519074382,3.551459993886775,3.665580493584828,0.968125,0.8868749999999999,1.0372376577252276,1.0519617720394674,0.6621197153395293,0.7343355802581177
2012-11-30,POMKH,3.6,3.145,1.9,2.68,1.82,8.26,3.18,0.81,6.03875,5.626250000000001,5.090052177771146,5.65833810805762,4.03984868270851,3.963429311369836,3.4196875,4.0315625,3.592523165682308,2.6521821521809708,1.9940296455301292,3.7475,2.3162499999999957,2.4017407596200497,2.0449227433194817,2.671970756883691,3.6917608533724318,2.98625,2.8199999999999985,2.7868759572125397,2.756528378068921,2.3205728304681656,2.2973028822740496,3.339375,3.2531250000000016,2.7510423758235776,3.040425273528942,2.2389340096320502,1.9254839899516316,8.581875,8.363750000000008,8.675194975135355,7.780887820976893,8.207801781271629,8.0208433762756,4.445625,4.233124999999998,3.9559813224990066,4.8232199425088345,3.3363785465823432,3.5335018760573966,1.090625,0.899375,0.9463425946351366,0.929884770606413,0.9017381480578817,0.9897257154268545
2013-02-28,POMRB,5.85,3.325,5.38,2.56,3.39,8.32,4.57,1.13,6.099375,6.101250000000001,5.394031306662688,5.686650615813855,5.11613739967183,4.517191012625531,2.74515625,3.8740624999999995,3.485513899409385,4.49443822463241,4.530148880528684,4.311875000000001,3.2612499999999955,3.59304445577203,4.601592508356452,3.877750553666406,3.407743179161404,2.88625,3.0274999999999985,2.6961255743275236,2.6786429147078277,2.4639074540533645,2.292988704226686,3.3415625,3.4406250000000016,3.0066254254941467,3.1854296077558475,3.40002523005367,3.3660632654704417,7.827500000000001,8.566250000000007,8.533116985081213,7.807120475673516,8.990233244164731,8.149079784925334,4.5028125,4.470624999999997,4.201588793499404,4.770133824969349,4.766542315628834,4.573009145992214,1.0946875,1.036875,1.019805556781082,1.0203717464869573,1.0003891775657787,1.1585924619981625
2013-05-31,PREMON,8.27,3.43,6.94,3.76,5.45,9.49,5.81,1.85,6.028749999999999,5.976250000000001,6.544418783997612,6.202834111205165,8.193146775466031,8.27820284298983,2.415,2.9653124999999996,3.4633083396456312,6.11349563860316,5.83878648481397,4.619583333333333,4.233749999999995,4.931826673463219,8.074398858399032,4.489671497867699,4.849121839888827,2.6625,2.9449999999999985,3.121675344596514,3.0190645804448843,4.503025695057392,4.276016055938429,3.3800000000000003,3.2381250000000015,3.983975255296488,5.469418717732332,5.752675619221602,6.053567674170853,6.919375,8.597500000000007,8.915870191048729,7.835669162656642,10.677528281283973,8.0658847720109,4.57875,4.420624999999998,4.844953276099642,4.858255227697588,6.92987799819967,7.038866785832981,0.9662499999999999,1.1443750000000001,1.3518833340686491,1.4546636728420332,3.05439148874157,3.0286991475162326
2013-08-31,MONSOON,7.17,0.2,3.34,2.31,3.12,2.16,4.78,0.39,5.410000000000001,6.222500000000001,6.7946512703985675,6.4758262705763245,4.666385307995888,4.636329893007419,2.2368750000000004,2.5249999999999995,2.157985003787379,2.2311175699925183,1.6020483063130564,4.441666666666666,4.389999999999995,4.295096004077931,7.162600795439319,2.0885425716005197,3.6798624429987132,2.39125,2.827499999999999,2.7970052067579085,2.8307557141871245,2.0661047339139937,2.030537417623329,3.0600000000000005,3.445000000000001,3.638385153177893,4.278701048745169,2.0383234369901047,1.8050093766899777,6.66,7.057500000000006,6.213522114629237,7.849955987325424,8.219089801616626,8.153231797384809,4.43,4.584999999999998,4.818971965659785,4.832487055439578,3.615227308156438,3.773324003012175,0.7875000000000001,1.045,0.9671300004411895,0.9670631978231577,0.5784577931176882,0.6930501465990628
2013-11-30,POMKH,2.05,2.265,3.7366666666666655,1.36,1.3,7.154999999999999,3.13,0.18,4.80125,5.835000000000001,4.8967907622391404,5.7035889135497575,4.379887280201405,4.368740145208063,2.0324999999999998,2.3049999999999997,2.2007910022724273,1.6044576926957475,1.492362388314783,3.686666666666667,4.849166666666662,4.0717242691134246,6.073756838140573,3.135103140813801,3.2476499654120383,2.26125,2.4974999999999987,2.222203124054745,2.3556555579396794,2.4193700225196144,2.2541907386406903,2.6987500000000004,3.3150000000000013,2.7030310919067357,2.038949148927949,2.2909594095402053,1.885848147397615,6.560624999999999,6.781250000000007,6.590113268777542,7.8740048794465896,7.327141321216699,8.073928337382778,4.365,4.572499999999998,4.1433831793958715,4.6263511746361505,3.400001501479398,3.585697290013287,0.5599999999999999,0.8874999999999998,0.6522780002647136,0.5824669162010868,0.8044011490553392,0.9112118768993169
2014-02-28,POMRB,2.45,2.78,2.12,1.71,1.35,7.35,3.43,0.33,4.63375,4.985000000000001,3.9180744573434843,5.0479056228833645,5.232592718167508,4.538804972490565,1.99375,2.1687499999999993,2.432474601363456,3.275745545301552,3.7829118420097654,3.4616666666666664,4.034166666666662,3.291034561468055,3.9331138212468386,4.861303975284721,5.554449521455919,2.41,2.284999999999999,2.017321874432847,2.0744923623796225,2.355574456452489,1.9784593246367441,2.4875000000000003,2.805000000000001,2.1618186551440415,1.1609614816559068,3.3670326231243903,3.357072928250177,7.256875,6.538750000000007,6.894067961266526,7.898465072909308,8.082917305235723,8.001785841855643,4.29875,4.287499999999998,3.8580299076375226,4.460801259035096,4.8301572974320175,4.592037417645178,0.4025,0.6874999999999999,0.5233668001588281,0.43917714326736795,0.8804216553036559,1.0805904247866263
2014-05-31,PREMON,6.8,2.34,4.16,3.57,4.6,9.665,6.43,0.83,4.6778125,4.6175000000000015,5.070844674406091,5.293980398052474,7.893620848076374,7.192211100089184,2.16671875,1.8962499999999993,2.395484760818073,4.84619828546971,4.912012570107113,3.451736111111111,3.339166666666662,3.638620736880833,3.83196199136844,5.061122081680677,4.909705647702776,2.65625,2.237499999999999,2.638393124659708,2.465180550275055,4.1597082501984275,3.8832894295796905,2.39125,2.592500000000001,3.137091193086425,4.4464887467312115,5.421388970786573,5.8502514657593485,7.934843749999999,6.582500000000007,8.002440776759915,7.927472561025679,9.762764374573178,8.242746967437911,4.2056249999999995,4.442499999999998,4.886817944582514,4.634898802480322,6.993309707680359,6.584277896735067,0.42333333333333334,0.4324999999999999,0.6460200800952969,0.6074721155988911,2.905310452832232,2.7882168729999366
2014-08-31,MONSOON,7.3,0.98,4.32,3.69,2.28,7.555,3.63,0.15,5.001458333333334,4.650000000000002,5.962506804643654,5.641854406082194,4.228397429891262,4.709408927213273,2.371770833333333,2.0912499999999996,1.8292908564908439,1.08091453755193,0.7542266043567383,3.2405555555555554,3.584166666666662,3.9111724421285,3.9634648166811686,2.0424769988277514,2.5996052246122168,2.8354166666666663,2.5824999999999987,3.059035874795825,2.869238992873508,1.872032518521722,2.0433213915946844,2.5758333333333336,2.382500000000001,2.7942547158518547,3.7677994535892356,1.629942352748156,2.1770668205580512,8.0665625,7.931250000000007,7.823464466055949,7.952401382768812,7.43380899360351,6.692503293172074,4.4054166666666665,4.154999999999998,4.384090766749509,4.4986719920977505,3.679112456507224,4.121573747395814,0.5258333333333334,0.37249999999999983,0.44761204805717814,0.37602561963285175,0.391879832014324,0.5464253869326623
2014-11-30,POMKH,2.2725,2.86875,2.677222222222221,1.95,1.37,7.18375,3.535,0.5866666666666667,4.722291666666667,4.705625000000002,4.486504082786192,4.9853513199630815,4.009089877670007,3.8292325437343893,2.5901041666666664,2.2421874999999996,2.2450745138945063,1.1838713208512668,2.018644454605491,3.1080555555555556,3.319305555555551,3.417592354165989,3.0336633353843947,3.125604626233429,4.144701981515547,2.6895833333333328,2.7299999999999986,2.615421524877495,2.63492726389766,2.179929058494702,2.408238660777155,2.4316666666666666,2.4000000000000012,2.2245528295111128,2.2095641089746048,1.818428411365711,1.7073697803136376,7.8890625,7.938437500000006,7.567578679633569,7.976638058387198,7.276186457490912,7.799613065221981,4.135833333333333,4.256249999999998,4.044454460049705,4.358100363636542,3.4636018732447944,3.3322966559206266,0.5275,0.47416666666666657,0.5032338955009736,0.4594092518806085,0.6109087592946156,0.7116152879817946
2015-02-28,POMRB,4.816666666666666,3.8166666666666655,1.49,2.553333333333333,2.7566666666666664,8.375,4.623333333333334,0.7433333333333333,3.509791666666666,5.297291666666669,4.6185691163383815,4.871179472362599,4.931979796976576,3.8144363280218743,2.9376041666666666,2.501354166666666,2.87371137500337,2.9228809901624366,3.7525967457964153,2.8743055555555554,3.161805555555551,2.6465554124995934,1.844673300028015,4.213406310922825,3.3227028996513694,2.172083333333333,2.940833333333332,2.59058624825983,2.6215216441792193,2.2726878601951768,2.0688195264274394,2.0816666666666666,2.751666666666668,2.437398364373334,2.540472477957356,2.9751359882012367,2.7602990766481437,7.5415625,8.194687500000006,7.890547207780141,8.003229652493374,8.041432779693206,7.805574425294036,3.6483333333333334,4.554583333333332,4.276006009363156,4.344776291568036,4.893533375266818,4.3915466223525375,0.5125,0.5774999999999999,0.5992736706339175,0.590364469072525,0.7053693566548478,0.8897485348136612
2015-05-31,PREMON,2.2,3.0500000000000003,3.73,1.56,2.04,7.2200000000000015,3.08,0.43,2.8694791666666664,4.147291666666669,3.6511414698030293,4.270889427123151,7.908535407142517,7.653838449410495,3.352135416666667,2.678854166666666,2.944226825002022,4.530576465812689,4.655981410788549,2.8865972222222225,3.054305555555551,3.0799332474997563,2.6963943721367345,4.691496644138196,3.9431331379723136,1.9295833333333334,2.438333333333332,2.1783517489558983,2.282156746932142,4.197310943870809,4.024680181430785,2.1054166666666667,2.1116666666666677,2.2784390186240007,2.113895322133792,5.296806107199677,5.460730693857877,7.579218750000001,7.583437500000006,7.622328324668086,8.027602384155841,9.847996948239418,8.298832651478959,3.766458333333334,3.7170833333333313,3.7976036056178937,4.165733390702416,7.056851891516039,6.723648453555439,0.5704166666666666,0.4774999999999999,0.5315642023803505,0.5104536175959703,2.7490841985591548,2.4620871007175573
2015-08-31,MONSOON,2.2,3.0500000000000003,2.88,1.56,2.04,7.2200000000000015,3.08,0.43,2.716666666666667,2.8722916666666682,3.0706848818818173,3.7359186204992794,3.6973878312303117,3.8515622314358136,3.4985416666666667,3.196354166666666,2.986536095001213,1.2734971496273402,1.1322578618594716,3.375451388888889,2.694305555555551,2.9999599484998534,2.7832316785133844,2.141602373355699,3.3118526479790753,1.9345833333333333,1.9058333333333324,1.931011049373539,1.998843457248399,2.0657407694102403,1.8898501242965442,2.0545833333333334,2.051666666666668,2.1830634111744005,1.9224114394085146,1.143392501376159,2.1965628592917645,7.593750000000001,7.499687500000006,7.461396994800852,8.052006448768237,7.218405482657563,8.123319915791411,3.880833333333334,3.579583333333331,3.5105621633707362,3.996131728319517,3.7427566355477544,3.52031397367133,0.5541666666666667,0.5475,0.49093852142821026,0.46416799948633186,0.22292929452868093,0.4058157291163932
2015-11-30,POMKH,2.25,4.115,4.215555555555556,2.14,1.8,7.82,5.03,0.77,3.372916666666667,2.866666666666668,2.74241092912909,3.282511941300493,2.9375887477814584,2.388006077277437,3.3929166666666672,3.507916666666666,3.437921657000728,1.9832487430612853,3.135833389900778,4.186180555555556,3.078888888888885,3.486198191322135,3.8612383701139508,2.614950453952704,2.9652160394903713,2.2158333333333333,1.9533333333333325,2.014606629624123,1.9595083896435141,1.771420252577752,1.678047302803276,2.42,2.1591666666666685,2.0298380467046404,1.6819241476031812,1.368522346622724,1.6016521305851483,7.866250000000001,7.658750000000006,7.604838196880511,8.077612301107743,7.046572782397569,7.744925139207469,4.6433333333333335,3.9533333333333314,4.118337298022442,4.05107158678763,3.5272699596190815,3.2831198461817697,0.79,0.5933333333333333,0.6025631128569262,0.6116127868780274,0.45584374673254635,0.60941802461424
2016-02-29,POMRB,3.6166666666666667,3.7416666666666663,3.8625000000000007,2.4033333333333333,1.92,7.854999999999999,4.043333333333334,0.43,4.072916666666667,2.566666666666668,3.0921132241441205,3.156737890855909,3.9845709012907466,4.3489136352662,3.1654166666666668,3.489166666666666,3.5594196608671034,3.716371132684501,4.28777852977054,4.584513888888889,3.6720138888888845,3.6367189147932812,4.307871475255991,3.629239386135041,3.71321117993352,2.4970833333333333,1.9158333333333326,2.1700973111078072,2.0291650835498953,1.9801645860151644,2.239392852100702,2.6725,1.950000000000002,1.9859028280227842,1.7314801662049724,2.6560070876228306,2.746194185725165,7.97875,7.528750000000006,7.7049029181283055,8.103319345844001,7.91469892197194,8.006787717040273,5.497083333333333,3.808333333333331,4.088335712146799,4.001106089271957,4.957133689045735,4.649577858934303,1.086875,0.515,0.5335378677141557,0.5266828062998862,0.5605198677344727,0.7898139758552
2016-05-31,PREMON,8.65,2.28,7.843333333333334,3.96,5.8,9.92,9.76,2.63,3.834166666666667,4.179166666666668,5.315267934486473,4.064133117611612,6.931246091330345,5.812237012064486,2.7635416666666663,3.296666666666666,3.047651796520262,4.851996265483288,4.165538568022517,4.2411111111111115,4.700347222222217,5.319364682209303,7.902442593777692,4.7577090695179525,4.7403084654231415,2.4133333333333336,2.5158333333333327,2.8860583866646845,2.6399310427319174,3.433006937766051,3.331466137078324,2.3,2.8900000000000023,3.51154169681367,6.951342689933452,4.900757493721229,4.444861991240515,7.463749999999999,8.203750000000007,8.590941750876983,8.133087615446668,9.674536163335281,7.6353002050509415,5.2370833333333335,5.478333333333332,6.357001427288079,4.594747313870199,7.119716543497315,5.773711182132958,1.10875,1.065,1.3721227206284934,1.7767916747125725,2.595204278135147,2.13386807543552
2016-08-31,MONSOON,1.35,2.0,1.9533333333333327,1.41,0.3,5.42,3.23,0.605,4.0183333333333335,3.9666666666666686,3.7291607606918835,3.5072955250624034,3.5987142756957695,4.617996047440533,2.693333333333333,3.034166666666666,2.628591077912157,1.7730628493718958,1.2885169983099614,4.086979166666667,4.468680555555551,3.9729521426589143,5.581652933064211,2.9913233747110377,4.122329903249951,2.4716666666666667,2.4783333333333326,2.2956350319988106,2.3179069736695963,1.980093426259747,2.4795835786910185,2.34625,2.4550000000000027,2.226925018088202,3.5823142505705743,1.3650419297756773,2.1408620220276338,7.373749999999999,7.753750000000006,7.3225650505261894,8.154116045639833,7.386362324200429,7.808833803964436,5.1866666666666665,5.515833333333331,5.106200856372848,4.453474099708119,3.8062791381840526,4.452958711345246,1.1512499999999999,1.1087500000000001,1.065273632377096,1.4277941606611795,0.1579225748208971,0.3795637970527843
2016-11-30,POMKH,1.19,1.95,2.395,1.62,0.56,5.5,2.8,0.77,4.235,3.701666666666669,2.71349645641513,2.9727713305550587,2.7500365681417067,2.4065158125080695,2.95125,2.4929166666666656,2.3571546467472944,2.2080756877402656,2.896563434558634,4.435,4.0135416666666615,3.3417712855953488,3.8977463329450814,3.361938263766637,3.5322944558612996,2.5700000000000003,2.3483333333333327,2.0253810191992865,2.0976709966918974,1.8253448236157053,1.7476626357198717,2.4974999999999996,2.1450000000000027,1.5601550108529212,1.5185520401103692,1.29861911928372,1.6514846574460214,7.545625,7.173750000000007,6.593539030315713,8.175327564702119,6.980701775194563,7.858213353056531,5.32375,4.958333333333331,4.183720513823708,4.266906728925132,3.5912222431334127,3.7921772332042334,1.18125,1.1087500000000001,0.9471641794262576,1.2684440429924615,0.4007736587127734,0.6016964798346124
2017-02-28,POMRB,6.15,5.345,4.45,3.39,3.53,9.455,5.87,0.77,4.1825,4.335000000000003,4.088097873849078,3.4604596374421854,3.693811969847688,3.769794828710587,3.055625,2.893749999999999,3.5522927880483763,3.189398222688831,3.1491605214550003,4.847291666666666,4.160416666666661,3.7850627713572096,4.107732238774483,3.8358376698061374,3.585509600546235,2.59625,2.5949999999999998,2.571228611519572,2.50467961306086,1.984231355206391,2.125205465433257,2.4850000000000003,2.5475000000000025,2.3480930065117525,3.210443892133352,2.4121967304095926,2.494086381271559,7.6175,7.5737500000000075,7.738123418189428,8.20428133496345,7.580997786559201,7.653533920838214,5.2825,5.414999999999998,4.858232308294225,4.426216913722452,5.020606331099765,4.241572198309898,1.2406249999999999,1.19375,0.8762985076557546,1.148941707789337,0.5085283981733549,0.7234348532739764
2017-05-31,PREMON,7.85,2.74,10.04,3.76,5.4,9.695,9.03,2.53,4.3075,4.135000000000003,5.592858724309447,4.2966735960986995,6.974564892261086,8.047374964628592,3.2118749999999996,3.008749999999999,3.2273756728290257,4.442062317178827,4.3555097513454255,5.5,4.7095833333333275,6.287037662814326,9.045724527871647,5.441769194540447,6.2911328401990865,2.6849999999999996,2.545,3.0467371669117433,3.004174028056824,3.5697221166051296,3.7595202794360927,2.535,2.4475000000000025,3.5688558039070513,6.583146943093017,4.93247207230595,4.816052318240739,7.80875,7.517500000000007,8.520874050913656,8.23374049323733,9.570592696925221,8.316416028602893,5.336249999999999,5.232499999999998,6.526939384976535,4.940730662161556,7.183894586002696,7.000816466573808,1.3124999999999998,1.16875,1.5377791045934526,2.085590015053309,2.559477872355557,2.161147919505221
2017-08-31,MONSOON,1.73,2.375,3.055,1.82,0.6,6.22,3.63,1.18,3.8975000000000004,4.230000000000003,4.0477152345856675,3.872084707700808,3.542272160102262,3.612246403779087,3.0406250000000004,3.102499999999999,2.8864254036974155,1.887974110627778,1.6728610473666592,6.3825,4.984999999999994,4.994222597688595,6.911389767283235,3.254616560559755,4.019840723350114,2.5625,2.6475,2.556042300147046,2.764808485113177,1.917233332171476,2.1408211441017944,2.2162499999999996,2.522500000000002,2.381313482344231,3.1886199422675987,1.3325923768307832,1.597947023102953,7.563124999999999,7.7175000000000065,7.6005244305481945,8.256458872814166,7.268035214699941,7.39176387798477,4.959999999999999,5.332499999999998,5.36816363098592,4.8425833052452925,3.8698187833560844,4.138130510051014,1.24,1.3125,1.3946674627560713,1.9120823149455115,0.12126006875558815,0.38859534313836175
2017-11-30,POMKH,1.81,2.825,6.5150000000000015,1.92,0.66,6.23,2.83,0.77,3.46,4.3850000000000025,3.1526291407514004,3.4777500966718176,2.7452236411935105,2.2279522605880557,2.73125,3.321249999999999,2.861855242218449,2.316522173162931,2.7900930600842155,6.612708333333334,6.014999999999994,5.602533558613158,7.38909508115799,3.7453888364221486,3.162394155418307,2.415,2.7225,2.3016253800882276,2.561729794539372,1.884183420429567,1.8243300517576027,1.9100000000000001,2.547500000000002,1.6927880894065384,1.2944305960141005,1.315580306436593,1.3277721945168484,7.240312499999999,7.900000000000006,7.052314658328918,8.27922596545719,6.971488060828827,7.286473827616423,4.625624999999999,5.339999999999997,4.352898178591552,4.652408826047854,3.6547192345731707,3.692172220550004,1.17375,1.3125,1.144800477653643,1.5429354214416457,0.3893841035360751,0.6165361812734478
2018-02-28,POMRB,2.25,3.1,7.3900000000000015,2.11,0.88,6.76,2.83,0.19,3.6,3.4100000000000024,2.79157748445084,3.1955626106847257,3.7629116725951146,4.6947534531299056,2.300625,2.76,2.9571131453310695,3.7538125568386222,4.072738451253531,6.649791666666668,6.749999999999995,6.317520135167896,8.121122775409992,4.944418812235587,5.255048728990503,2.2074999999999996,2.4025,2.2249752280529367,2.4361075554040257,2.3398459080389618,2.526753089672106,1.9787499999999998,1.8850000000000025,1.367672853643923,0.7065037170409878,2.4414996673740994,2.782110467824544,7.9243749999999995,7.226250000000006,6.935388794997351,8.303056193020828,7.659615649057751,8.11587470529608,4.633749999999999,4.579999999999997,3.743738907154931,4.463119565836812,5.084428931471589,4.68173857106059,1.115,1.1675,0.7628802865921858,0.9812010205032992,0.4999164803375119,0.724109649678472
2018-05-31,PREMON,8.25,2.51,8.941666666666666,3.86,5.6,9.8075,9.395,2.58,3.65125,3.510000000000002,4.974946490670504,4.148167788081399,6.57413750313626,6.723362555307047,1.8440625000000002,2.7024999999999997,2.7782678871986417,3.9519407430947044,2.9119390104390885,6.566666666666667,6.475416666666662,7.3671787477674044,9.564336316239391,7.3869685178252755,8.192417207853921,1.9687499999999998,2.4274999999999998,2.878985136831762,2.921243163487917,3.5601281777026688,3.3812502034611707,2.01625,1.9350000000000023,3.060603712186354,7.87707726887948,4.5635601825057,4.962285725904767,8.548749999999998,7.254375000000005,8.084233276998411,8.332861786401311,9.319656026346294,7.958476230418581,4.594374999999999,4.671249999999997,6.004243344292959,5.01277711982916,7.247914950303782,7.033186213667837,1.0888157894736843,1.1800000000000002,1.4897281719553115,1.9702319385702425,2.530984793156715,2.1727936171094706
2018-08-31,MONSOON,2.45,-0.84,4.45,0.06,0.95,11.58,3.33,0.66,,3.690000000000002,3.9649678944023026,3.8989595626735394,3.23653182154725,3.6564920924717788,,1.8987499999999997,1.330960732319185,1.7219194306582504,1.7454861828289023,,6.824166666666662,6.200307248660443,7.063704049366934,4.082853013091288,3.7695680424515023,,1.9874999999999998,1.7513910820990573,2.0865322608586876,1.8738744820159436,2.081192888247723,,2.022500000000002,2.216362227311812,6.068606442797259,1.0482357441475612,1.301559984072786,,8.594375000000005,9.482539966199047,8.366163296568768,7.060281205977538,7.527861226417605,,4.596249999999997,4.934546006575776,4.8749127908223455,3.933425163774706,4.110687923522663,,1.0500000000000003,1.157836903173187,1.5214678433947253,0.09736794693403905,0.4627897596818973
2018-11-30,POMKH,1.5,2.3875,4.455000000000001,1.77,0.6100000000000001,5.865,2.815,1.0805263157894731,,3.612500000000002,2.9789807366413816,,2.5608238872160087,2.4774260050222523,,1.7893749999999995,1.753576439391511,1.526142604867345,1.3451258503389023,,6.309166666666663,5.502184349196266,,5.092886983988684,5.313794699013114,,1.9499999999999997,1.7588346492594344,,1.662207820474729,1.3418979970337876,,2.010000000000002,1.5738173363870873,,1.1255057395879298,1.1282234947807073,,8.503125000000004,8.035523979719429,,7.425281050863339,7.80258003578776,,4.592499999999998,4.086727603945465,,3.718209525057767,3.4822300879105916,,1.1276315789473688,1.1269126682197015,,0.34784665138620785,0.6062055486673719
