Date,Season,Limkheda,Devgad Baria,Dhanpur,Garbada,Jhalod,Dohad,Fatepura,Limkheda_Trend,Limkheda_SMA,Limkheda_EWMA,Limkheda_DES,Limkheda_TES,Limkheda_ARIMA,Devgad Baria_Trend,Devgad Baria_SMA,Devgad Baria_EWMA,Devgad Baria_DES,Devgad Baria_TES,Devgad Baria_ARIMA,Dhanpur_Trend,Dhanpur_SMA,Dhanpur_EWMA,Dhanpur_DES,Dhanpur_TES,Dhanpur_ARIMA,Garbada_Trend,Garbada_SMA,Garbada_EWMA,Garbada_DES,Garbada_TES,Garbada_ARIMA,Jhalod_Trend,Jhalod_SMA,Jhalod_EWMA,Jhalod_DES,Jhalod_TES,Jhalod_ARIMA,Dohad_Trend,Dohad_SMA,Dohad_EWMA,Dohad_DES,Dohad_TES,Dohad_ARIMA,Fatepura_Trend,Fatepura_SMA,Fatepura_EWMA,Fatepura_DES,Fatepura_TES,Fatepura_ARIMA
1996-02-29,POMRB,5.17,8.295,6.5200000000000005,6.04,3.533333333333333,5.025,6.6,,,5.17,4.917978691741246,4.9715950966993665,0.0,,,8.295,7.868856565943355,8.206635838085115,0.0,,,6.5200000000000005,6.021012963786557,6.739670003384229,0.0,,,6.04,5.617284419117581,5.7266824257661355,0.0,,,3.533333333333333,12.082241300737863,4.19210395736154,0.0,,,5.025,4.296252360424962,4.532964704109628,0.0,,,6.6,8.259350607695266,6.3314628981112016,0.0
1996-05-31,PREMON,7.505000000000001,10.6575,8.576666666666666,7.92,9.125,5.9700000000000015,7.54,,,6.104000000000001,5.634350493448287,7.198246889955749,4.430476961718952,,,9.24,8.478260007745524,10.16832612830579,7.435221815058262,,,7.342666666666666,6.433659036077812,7.2724299184175845,3.7347705045466246,,,6.792,6.3035956890720595,6.89092874314689,4.687709487151264,,,5.77,19.534851604017536,6.557649377244852,2.8200123195354645,,,5.4030000000000005,4.299929099023816,5.407587084036097,2.1978207587788443,,,6.975999999999999,9.084694857578995,7.519399558206925,6.5999463392883255
1996-08-31,MONSOON,0.75,5.525,4.166666666666667,3.75,1.75,3.35,4.3,4.29,,3.9624000000000006,4.156866768526571,2.6135881244262977,5.748510164587719,7.4740625,,7.754,7.779307509678841,6.358910726546506,9.03363041759242,5.860833333333333,,6.072266666666667,6.048556768530208,4.939898918491682,5.177096960389023,4.848125,,5.5752,5.343639128350698,5.674551386373041,6.107436439725401,4.2491666666666665,,4.162,12.092291703301825,3.3444912132814864,5.7951148679530995,4.213125000000001,,4.5818,4.28795763079373,3.5178347665877445,3.508898685778041,6.0375,,5.905599999999999,8.488161039896768,4.405056961644307,6.917476012692666
1996-11-30,POMKH,4.215,6.2875000000000005,4.763333333333334,3.175,2.99,3.08,5.9,4.0600000000000005,4.41,4.06344,4.1390742899834185,2.933236624226992,4.620298845144943,7.0784375000000015,7.69125,7.1674,7.415096185183937,7.199794128871544,7.429998790889906,5.539583333333333,6.006666666666668,5.5486933333333335,5.82634343098773,5.518793399951434,3.9986246627987603,4.144375,5.22125,4.615119999999999,4.528550449494374,4.981101434024872,4.953565978699791,3.7247916666666665,4.349583333333333,3.6932,6.677078599563546,3.5914197269393506,4.041272386146835,3.9456250000000006,4.35625,3.9810800000000004,4.2744653136310715,4.181894180763678,3.4226781345998676,5.92875,6.085000000000001,5.903359999999999,8.289284306958766,5.914979823510984,6.680817931381837
1997-02-28,POMRB,4.21,6.557499999999999,5.3533333333333335,3.055,2.73,3.88,6.22,3.9787500000000002,4.17,4.122064,4.12517687698898,4.966703782902611,3.9248165758606373,6.6674999999999995,7.256874999999999,6.923439999999999,7.196343060338061,7.6594281458290014,7.673663153669445,5.037916666666667,5.715000000000001,5.4705493333333335,5.738731372662269,6.5593887680630925,5.984659705130243,3.548125,4.4750000000000005,3.991072,3.9604688114862707,4.745031296104793,4.868268019996001,3.2270833333333333,4.14875,3.30792,3.446633131891682,4.082075986739437,3.3637691559537615,3.57625,4.07,3.9406480000000004,4.26584297065854,4.539004940607387,4.047946270790618,5.6325,5.99,6.030016,8.08094600008075,6.496159198795875,6.3344356246541045
1997-05-31,PREMON,6.625,9.23,7.173333333333333,5.275,5.7333333333333325,4.975,7.05,4.04,3.9499999999999997,5.1232384,4.822654366387661,6.710363854647014,6.096989787092763,6.435312499999999,6.899999999999999,7.846063999999999,7.636113036282266,9.101065410820313,9.103359264319643,4.675833333333333,5.364166666666668,6.151662933333334,5.966548628302882,7.030381448122215,7.365495571703022,3.224375,3.813750000000001,4.5046432,4.340296381911808,5.147945405567508,5.3356257879511855,3.242083333333333,3.3008333333333333,4.278085333333333,4.576257919017121,6.166201794034178,6.525183131983951,3.26875,3.82125,4.3543888,4.263813263065294,5.114682250971806,4.583903254585511,5.358750000000001,5.867500000000001,6.4380096,8.076678878071187,7.64153461308011,7.1960528923771205
1997-08-31,MONSOON,0.98,3.665,1.5566666666666666,1.625,1.16,1.39,2.42,4.03875,4.007499999999999,3.46594304,3.6570107796016114,1.9274143076075374,1.6375686479484088,6.4728125,6.434999999999999,6.1736384,6.7082595334698,4.96098101626662,5.406978878710051,4.894583333333333,4.711666666666667,4.313664426666667,5.228028872340833,3.8739994054386324,3.5987861539043253,3.134375,3.2825000000000006,3.35278592,3.357040281651168,3.139580222522743,2.903574846046679,3.486458333333333,3.1533333333333333,3.0308512,1.8689197380239495,1.735224559906317,1.970724011209831,3.081875,3.3312500000000003,3.16863328,4.240424246166896,2.9552462907628723,2.8968375059339633,5.336250000000001,5.3975,4.83080576,6.482882492099648,4.505621442117757,4.631112505299633
1997-11-30,POMKH,4.475,6.289999999999999,4.476666666666667,2.71,3.7,2.58,5.59,3.9437499999999996,4.072499999999999,3.869565824,3.865914862483663,2.710365440278593,4.079532271647032,5.954375,6.435624999999998,6.22018304,6.591718058303078,5.571911257449454,5.541923690680383,4.686666666666667,4.640000000000001,4.378865322666666,5.095379915354444,3.8968280548058503,3.377023942511869,2.625,3.1662500000000007,3.095671552,3.085877966620171,2.638258207982421,2.279276591556588,3.686666666666667,3.330833333333333,3.2985107200000003,2.798527374415731,2.3958836490767426,2.624735699705468,2.6697916666666663,3.2062500000000003,2.933179968,4.224303974618928,3.141211648929275,2.457414235192424,5.625,5.32,5.134483456,6.089507147786958,6.031007090866817,5.79313699949536
1998-02-28,POMRB,3.94,6.855,7.3900000000000015,2.8,3.975,2.885,6.35,4.404166666666667,4.004999999999999,3.8977394944,3.8552304708246505,4.988017148596747,4.252158185399196,5.974625,6.51,6.474109824000001,6.630614195792767,6.7869907883985725,6.638265130471883,4.622708333333334,5.149166666666668,5.5833191936,5.466381436110482,5.3338560643521475,5.295122618109394,2.558125,3.102500000000001,2.9774029312,2.9406409547892434,3.223736530687174,2.8752503786257986,4.19125,3.642083333333333,3.569106432,3.793080660229996,3.6600161484274056,2.8859068034718964,2.5679166666666666,2.9575000000000005,2.9139079808,4.210121925315962,3.6925097711828663,3.4718355167611756,6.32125,5.352500000000001,5.6206900736000005,6.019710010172564,6.567351953369806,5.887008466302567
1998-05-31,PREMON,6.135,4.784999999999998,3.473333333333333,1.455,6.0900000000000025,2.6733333333333333,9.23,5.013958333333333,3.8824999999999985,4.792643696640001,4.490530190643816,6.584362107383444,6.2639788498033715,6.5992500000000005,5.398749999999999,5.7984658944,6.189564445805118,8.934709104176445,9.069330774726653,4.980729166666666,4.224166666666668,4.739324849493333,5.128122443149346,7.248648566111696,8.076656384690624,2.94625,2.147500000000001,2.36844175872,2.3936847684103495,4.419077818741323,4.512671494440587,4.449062500000001,3.7312500000000006,4.577463859200002,6.71778375138794,6.420818293591382,6.505031017898087,2.7158333333333333,2.382083333333334,2.8176781218133335,4.194783243175202,4.287254466955895,4.371579009641922,6.7875,5.897500000000001,7.06441404416,6.958127898776444,7.658589470808172,7.029664165728911
1998-08-31,MONSOON,5.153333333333333,8.272000000000002,4.745,4.91,4.84,2.8766666666666665,5.81,5.350416666666667,4.9258333333333315,4.936919551317334,4.647009726225136,1.6173412130117457,1.0982914956827714,6.703375,6.5504999999999995,6.78787953664,6.643641072962414,2.5814533679234195,2.7373200459750655,4.639583333333333,5.021250000000002,4.7415949096959995,5.056497401708418,2.1951362446391913,0.5630828847492555,2.945625,2.968750000000001,3.3850650552320003,3.2030784790107885,0.8594512140361346,0.8454674159375819,4.123333333333334,4.65125,4.682478315520001,6.691857525593668,2.031264247624681,1.9155543027520991,2.642708333333333,2.7537500000000006,2.841273539754667,4.180770822547424,1.573720419626806,1.4818270286439232,6.8225,6.745000000000001,6.562648426496,6.669655299081739,4.266198746004525,3.764124386558761
1998-11-30,POMKH,5.1800000000000015,6.68,4.1525,2.53,2.0825,2.276666666666667,5.93,5.746875,5.102083333333331,5.0341517307904,4.764165329539603,4.6675193326734,5.800949755151404,7.509124999999999,6.648,6.744727721984001,6.630741584626514,6.768727801047027,7.0416371114132446,4.790729166666666,4.940208333333335,4.5059569458176,4.898898844360384,4.543706288452771,5.484694764814826,3.373125,2.923750000000001,3.0430390331392,2.9255907902656193,2.963200710280853,3.221257475709305,4.176875000000001,4.246875,3.6424869893120007,3.6776246610141627,4.065506827312255,4.30777235522882,2.5366666666666666,2.6779166666666674,2.6154307905194667,4.163285198582088,2.6378296067427365,2.459435344387272,6.5424999999999995,6.830000000000001,6.309589055897599,6.438473999241771,6.073901804642844,6.364198772907965
1999-02-28,POMRB,5.926666666666668,7.297999999999999,4.985,2.975,2.9866666666666664,2.603333333333333,6.29,6.153333333333334,5.598749999999998,5.391157705140907,5.064680583474069,6.311965655230577,5.741147325473452,8.4075,6.75875,6.9660366331904005,6.761427216252272,7.520720454811519,7.318536794840851,5.503750000000001,4.338958333333335,4.69757416749056,4.9051975673391395,5.915290574146477,6.25555484541508,3.5612500000000002,2.967500000000001,3.01582341988352,2.895806182867172,3.264107868596866,3.2550161286724295,4.491458333333333,3.9997916666666673,3.380158860253867,2.807333116957268,3.9953630018102895,3.3700974774927737,2.6496875,2.607500000000001,2.6105918076450134,4.147877120650036,3.214643839258625,3.491913289773175,6.305,6.815000000000001,6.301753433538559,6.353131268208614,6.648639702567846,6.827664597428473
1999-05-31,PREMON,7.32,10.788,7.0875,4.7,7.506666666666668,2.106666666666667,7.05,6.7700000000000005,5.894999999999998,6.162694623084544,5.682690810787408,8.243442510121302,7.264976766491426,9.01975,8.259500000000001,8.49482197991424,7.656016956369146,9.023692505414783,8.145353607342924,6.1415625,5.242500000000002,5.653544500494336,5.257943313346306,5.6165614743739125,4.479016452685702,3.568125,3.778750000000001,3.689494051930112,3.457423195706399,4.168872824606405,3.2722643469181936,5.042395833333334,4.353958333333333,5.030761982818987,7.391458182607453,6.218870059736112,6.140891373953428,2.9860416666666665,2.465833333333334,2.409021751253675,4.129622299058744,3.770608291870479,3.7012488277730053,6.4799999999999995,6.2700000000000005,6.601052060123136,6.538549374701583,8.046939326839846,7.9149492444845
1999-08-31,MONSOON,7.22,9.456,6.835000000000001,3.17,5.94,4.3475,6.09,7.71125,6.411666666666664,6.585616773850726,6.0852686501092315,3.0366825021240773,3.4789152414954736,10.097687500000001,8.555499999999999,8.879293187948544,8.04115590554057,6.673731256170973,7.331390631503131,7.069999999999999,5.765000000000002,6.126126700296602,5.5100837458233265,3.6912167475981685,4.718378108134835,4.2875000000000005,3.343750000000001,3.481696431158067,3.3057701394670698,3.07061427545039,4.195804153192727,6.3637500000000005,4.628958333333333,5.394457189691392,8.182950717365948,2.48632806464922,3.061702913542597,3.3222916666666666,2.8335416666666675,3.1844130507522053,4.124863329758383,1.3732248822947546,1.7125482924701658,6.62375,6.340000000000001,6.3966312360738815,6.391993925816846,4.649809128829993,4.405699762310448
1999-11-30,POMKH,8.046666666666667,10.394000000000002,7.165,4.325,5.3900000000000015,3.4966666666666666,7.05,8.682916666666667,7.128333333333332,7.1700367309771025,6.608661420946384,6.414208496424937,6.8660395504293135,10.902624999999999,9.484,9.485175912769128,8.550855981699083,8.779550336015884,8.639516572377985,7.745520833333334,6.518125000000002,6.541676020177961,5.774684450725452,5.684395856557154,5.7084582132485,5.0725,3.792500000000001,3.8190178586948402,3.596542864826066,2.8644174848805504,2.762426503459159,7.717708333333334,5.4558333333333335,5.392674313814836,7.263224060416153,4.782356720888334,4.25347506818807,3.748958333333334,3.1385416666666672,3.30931449711799,4.115066900405769,2.6949737390596806,2.6938821075985286,6.68375,6.620000000000001,6.657978741644329,6.58258972332917,6.167798117165649,5.772648011448085
2000-02-29,POMRB,10.59,12.2075,9.4,6.9350000000000005,10.25,4.073333333333333,6.32,9.406666666666666,8.294166666666664,8.538022038586261,7.71917344480545,8.625019537469424,7.6189254656646686,11.203625,10.711375,10.574105547661476,9.355575940675282,10.328408970363537,9.665549091813691,8.003125,7.621875000000003,7.685005612106776,6.364521578079075,7.62965309476769,6.850161130791337,5.954375000000001,4.782500000000001,5.065410715216904,4.6637083700150725,3.9975541943795347,3.7988705764098576,8.2721875,7.271666666666668,7.335604588288902,11.318381927017231,5.763783802696991,4.660911478138984,3.9326041666666667,3.506041666666667,3.6149220316041273,4.1087814361508395,3.5535766839427807,3.8566386896585985,6.78625,6.627500000000001,6.522787244986597,6.512744476127438,6.705673737198938,6.794794391936757
2000-05-31,PREMON,10.43,12.318,8.076666666666666,7.02,11.075,4.05,7.5,10.02375,9.071666666666664,9.294813223151756,8.448338024338652,11.745016122643815,10.193470524221286,11.575375,11.093875,11.271663328596887,9.999780553981218,13.072966517852356,12.017054669073897,8.403958333333334,7.86916666666667,7.841670033930733,6.637197538624323,8.7753816102543,8.41010939599515,7.202500000000001,5.362500000000001,5.847246429130142,5.383192891191912,6.399047678119649,6.21127485026898,8.708125,8.163750000000002,8.831362752973341,13.967237360187367,10.217731066735448,9.624982703492009,4.176875,3.991875,3.7889532189624764,4.102403550089581,4.292206236773922,3.927673847903371,6.8525,6.740000000000001,6.913672346991959,6.842865094959693,7.994401727324902,7.893662805359169
2000-08-31,MONSOON,9.9,10.334,7.906666666666666,7.905,6.8075,3.873333333333333,6.46,10.34,9.741666666666664,9.536887933891053,8.802672019125724,6.340240102507004,7.24986720982662,12.0733125,11.313375,10.896597997158132,10.043955767842377,9.642655095387106,9.900263265113825,8.726666666666667,8.137083333333337,7.867668687025106,6.836267136309131,6.388401223319756,5.7514847575719665,8.2925,6.546250000000001,6.6703478574780855,6.146998459545872,5.280125011814311,4.820077120064435,9.014791666666666,8.380625000000002,8.021817651784005,10.16480041379767,6.310433563256334,6.5472935240242,4.905,3.873333333333333,3.822705264710819,4.095019729058526,2.79782122716455,3.179110794478029,6.86875,6.8325000000000005,6.732203408195176,6.785716594895952,5.015633580476603,5.021914208654032
2000-11-30,POMKH,10.303333333333333,12.49,9.3,9.575,8.01,5.9250000000000025,7.210000000000001,10.632916666666667,10.30583333333333,9.843466093667965,9.168386864467722,9.402437419322215,9.29278604242694,12.810125,11.837375000000002,11.53395879829488,10.568478471491503,10.610361843520254,10.306505062615363,8.845416666666667,8.670833333333336,8.440601212215064,7.232400657806245,7.469888732103582,7.006248991991894,8.700416666666666,7.8587500000000015,7.8322087144868515,7.203847654718781,6.34406326409742,6.149138636009232,8.89,9.035625000000001,8.017090591070403,8.572679655635206,7.40634634162217,6.245479978722131,5.532083333333334,4.480416666666668,4.663623158826493,4.09992315391679,3.3679010559313727,3.165085557660123,6.917083333333334,6.872500000000001,6.923322044917105,6.9720388873462635,6.437837199609341,6.342004276524684
2001-02-28,POMRB,10.863333333333335,14.095,9.846666666666666,10.405,10.083333333333334,7.4700000000000015,6.29,10.971666666666668,10.374166666666664,10.251412989534114,9.587931553554437,11.24330259071478,10.077901997216225,13.39425,12.309250000000002,12.558375278976929,11.337162833878162,12.317544800386251,11.706049833758831,8.953333333333333,8.782500000000002,9.003027393995705,7.652772695631996,9.598005321031877,9.111272779785692,8.894583333333333,8.72625,8.86132522869211,8.167534605805711,8.439227122302567,8.316926748725246,8.990104166666667,8.993958333333335,8.843587687975575,9.61861741147417,8.386153996293027,7.525020841941473,5.916666666666668,5.329583333333335,5.786173895295896,4.11400170703117,4.662689934355285,4.4104698562739975,7.061666666666667,6.865000000000002,6.669993226950263,6.8195741938727625,6.758067064373241,6.781507166135693
2001-05-31,PREMON,12.5,16.325,8.58,6.813333333333333,10.243333333333334,5.67,7.916666666666668,11.087916666666667,10.891666666666664,11.150847793720468,10.360374427332939,13.177474653040386,11.083582031481296,13.526,13.311000000000003,14.065025167386157,12.435880161954259,14.69759599062855,13.542057067537765,9.045208333333333,8.908333333333335,8.833816436397424,7.7936326937818725,9.713316014851374,8.25604181395194,9.173958333333333,8.674583333333334,8.0421284705486,7.581900720939915,10.106212773286495,9.088074801673594,9.251041666666667,8.78604166666667,9.403485946118678,10.38251802983132,11.708003176378718,10.772191959782955,6.056250000000001,5.734583333333334,5.739704337177537,4.117243758269315,5.925165184335292,5.336180421230464,7.13875,6.96916666666667,7.168662602836825,7.2160652603431235,8.028130616322132,7.833365105465452
2001-08-31,MONSOON,10.54,11.0,8.266666666666667,9.665,8.44,5.33,7.2,11.778749999999999,11.051666666666664,10.906508676232281,10.326201442461107,8.095098854361067,8.761283297505882,13.1154375,13.477500000000003,12.839015100431695,12.069554005668971,12.577916104630443,12.426568836154921,9.023333333333333,8.998333333333335,8.60695652850512,7.8591961813038775,7.59897487276341,6.576003887220332,8.919895833333333,9.114583333333334,8.691277082329158,8.163080986780871,7.582957374613983,7.382449083649299,9.18,9.19416666666667,9.018091567671206,9.027045713694562,6.858207394313714,6.752106063759532,5.909375000000001,6.098750000000001,5.5758226023065225,4.118434585240221,4.576173550984432,4.447028147863531,7.3308333333333335,7.15416666666667,7.1811975617020956,7.32006151707274,5.382174815338607,5.5224423994116325
2001-11-30,POMKH,10.593333333333334,12.878,9.675,10.05,8.465,5.585,7.086666666666666,12.287708333333335,11.124166666666664,10.781238539072703,10.317939309019474,10.593519968966035,10.444485230084933,12.3366875,13.574500000000002,12.854609060259016,12.215030607442067,12.605039793898722,12.095879443699207,9.174583333333334,9.092083333333335,9.034173917103073,8.1465846390583,8.432753694091856,8.02075774879792,8.697916666666666,9.233333333333334,9.234766249397495,8.668974782696434,8.497113488526978,8.412828908216081,8.690729166666667,9.307916666666669,8.796854940602724,8.307597489143772,8.394421423253482,7.185563612593922,5.86875,6.01375,5.579493561383913,4.121136919376548,5.227843296617246,4.452632794875431,7.5925,7.123333333333337,7.143385203687924,7.351300166005598,6.688986783634935,6.792852769537158
2002-02-28,POMRB,16.1,10.4225,9.296666666666667,7.897499999999999,9.06,6.6350000000000025,7.95,11.888333333333334,12.43333333333333,12.908743123443623,11.924693137234675,11.97871405478883,10.531364325275579,11.90575,12.656375000000004,11.881765436155408,11.768262150662276,13.533083960285886,12.92801455325877,9.361666666666666,8.954583333333336,9.139171016928511,8.323478208925412,10.041034652916027,9.263596572091947,8.78,8.606458333333334,8.699859749638497,8.271618938688388,9.698878971344438,9.243012463355198,8.185208333333332,9.052083333333336,8.902112964361635,8.600658561417887,9.15784854631066,8.405649329443873,5.766875000000001,5.805,6.001696136830349,4.130079458596858,5.964338593013052,5.1995286115875725,7.402916666666666,7.5383333333333375,7.466031122212755,7.647595511228051,6.796316610303123,6.853964347502382
2002-05-31,PREMON,11.335,13.767500000000002,10.339999999999998,7.544999999999999,7.3525,6.18,8.35,11.272291666666668,12.14208333333333,12.279245874066174,11.652137222439315,16.189139103471117,13.68677920107796,11.3900625,12.017000000000003,12.636059261693246,12.185631195352643,13.562033540398456,12.71456696211892,9.0975,9.394583333333335,9.619502610157106,8.643289319893247,9.528395990818469,8.098060240457931,8.664375,8.789375000000001,8.237915849783098,7.89567368213871,9.02860723466703,7.383070239374923,7.929791666666667,8.329375000000002,8.282267778616982,7.372644306696259,11.751077873307047,10.56096469446957,5.541875,5.932499999999999,6.073017682098209,4.136242774032443,6.311197110600008,5.086566793294264,7.354583333333333,7.646666666666671,7.8196186733276525,8.027899714354346,8.127595289361548,7.994604352806648
2002-08-31,MONSOON,8.51,10.11,8.003333333333332,9.59,7.286666666666666,4.005,5.25,9.968333333333334,11.63458333333333,10.771547524439704,10.634427188688477,8.994653570866287,10.341395027076285,11.1548125,11.794500000000003,11.625635557015947,11.674544593065553,10.37912506099262,10.37303304293154,8.992604166666666,9.328750000000001,8.973034899427596,8.523523675433383,8.468224048785189,7.7903963871216835,8.8109375,8.770625,8.778749509869858,8.34095453037401,8.018582252620675,7.645674441153991,7.894374999999999,8.04104166666667,7.884027333836855,6.826300203072201,5.7103793438238055,5.93456228093196,5.264375,5.6012499999999985,5.245810609258926,4.129392576273793,5.109233321564177,4.558926195479781,7.5062500000000005,7.159166666666672,6.791771203996591,7.299748077844828,5.812824649995822,6.4900128231074925
2002-11-30,POMKH,7.695,9.6425,7.825,9.2,7.575,5.11,8.65,9.022291666666668,10.909999999999997,9.540928514663822,9.684600914081376,10.011619541954456,9.151820987898306,11.6830625,10.985625000000002,10.832381334209568,11.17500366826988,11.252985728667433,11.091192994020549,9.236041666666667,8.86625,8.513820939656558,8.394271961288311,9.003075105601384,8.236540502703395,9.210625,8.558125,8.947249705921914,8.49788631760414,8.641111407280892,8.345038201181913,8.124583333333334,7.818541666666671,7.7604164003021125,7.016256427678233,7.244358723142836,6.405248785373557,5.313750000000001,5.482499999999998,5.191486365555355,4.129181470116219,5.220692324327839,4.406506517935531,7.568750000000001,7.550000000000006,7.535062722397955,7.756191302912632,6.875851967545261,6.9136883887216305
2003-02-28,POMRB,8.566666666666666,11.776,10.3075,9.92,9.666666666666666,4.8900000000000015,7.6,8.322916666666666,9.026666666666662,9.15122377546496,9.276121021372207,10.225409856304958,9.534509631383852,11.535375,11.324000000000002,11.209828800525742,11.276131499379424,10.876138957160043,10.446793706966758,9.230520833333332,9.118958333333333,9.231292563793936,8.696896200714686,9.348912617306397,8.156896314481317,8.601875,9.06375,9.33634982355315,8.841942824738316,8.95649059767002,7.97125761825165,7.889374999999999,7.970208333333337,8.522916506847935,9.310238564419596,8.113347909110141,7.654437336547153,5.244375000000001,5.046249999999998,5.070891819333213,4.1276602543529535,5.867861144264785,5.033379292002983,7.7675,7.462500000000007,7.561037633438772,7.806093399050765,7.112958692129294,6.8920132456111745
2003-05-31,PREMON,11.3,16.64,11.276666666666666,8.72,8.587499999999999,8.32,9.2,7.302291666666667,9.017916666666663,10.010734265278977,9.791085298487392,11.512914966581908,8.990994931356838,10.724562500000001,12.042125000000002,13.381897280315446,12.460599020650873,13.217116485184437,12.679006524357147,8.763229166666665,9.353125,10.049442204943027,9.109195654154588,9.755226105016542,9.480561754661462,7.105625000000001,9.3575,9.08980989413189,8.6605741635771,9.515985230678446,8.477268821386025,7.071666666666666,8.278958333333337,8.54874990410876,9.429733230768882,11.376802634562923,9.866366762346825,4.6816666666666675,5.581249999999998,6.370535091599928,4.146600591445919,5.684606716643564,4.703652292711308,7.473750000000001,7.675000000000006,8.216622580063262,8.371575535393374,8.284372434078318,8.479639080558876
2003-08-31,MONSOON,2.95,6.056,7.0225,3.545,4.17,1.3099999999999998,5.99,6.525416666666667,7.627916666666664,7.1864405591673854,7.705792680548499,6.665463722523815,7.421778393149038,9.933499999999999,11.028625000000002,10.451538368189267,10.963697312450506,11.512972870287673,11.550328220628316,7.915729166666667,9.107916666666668,8.838665322965817,8.749560533499727,8.704613050334277,8.008884408793376,5.66625,7.84625,6.871885936479133,6.8004630801442785,9.21987283868014,8.669115585573874,6.050208333333332,7.499791666666671,6.797249942465256,5.50500717177553,5.98932509340749,6.423242214110836,4.317708333333334,4.907499999999998,4.346321054959956,4.123605389299393,5.110368653323066,4.646219203335852,7.1312500000000005,7.8600000000000065,7.3259735480379575,7.77681374810985,5.834807948746835,6.217067390180237
2003-11-30,POMKH,5.09,7.210000000000001,5.0675,3.2750000000000004,4.15,3.3033333333333332,5.56,5.605833333333334,6.976666666666665,6.3478643355004305,6.875265604717993,6.048631802782911,6.456206002189508,8.73125,10.420500000000002,9.15492302091356,10.074706487398283,9.74971537038645,9.44853476461471,7.0225,8.418541666666668,7.33019919377949,8.126828028316433,8.660030570961343,7.240941904950134,4.739375,6.365000000000001,5.43313156188748,5.505342953205182,6.594757304563151,6.256579867966051,5.2115625,6.643541666666672,5.738349965479154,3.73438069238428,6.144991276136462,5.622702437393247,3.6470833333333332,4.455833333333332,3.929125966309307,4.112665618678171,4.615203142545993,4.2527748439183295,7.079999999999999,7.0875000000000075,6.619584128822774,7.0805452887585965,7.299004103910139,7.721674260042265
2004-02-29,POMRB,4.956666666666666,7.88,6.285,4.33,4.920000000000001,3.785,7.95,5.307083333333333,6.074166666666664,5.791385267966925,6.255855117139214,6.949146932236294,6.3260130531573555,8.02975,9.446500000000004,8.644953812548136,9.54325464285277,9.230493544513683,8.992298746870567,6.42375,7.4129166666666695,6.912119516267694,7.809254868357451,8.54551292444379,7.619132228630041,4.5859375,4.967500000000001,4.991878937132489,5.022183832653409,5.301600952701095,5.599224101402315,4.998046875,5.4568750000000055,5.411009979287493,3.869422954923768,6.069982842450645,6.21320907131355,3.2596354166666663,4.179583333333332,3.8714755797855847,4.104678900805387,4.844154512765422,3.946718063429185,6.8709375,7.175000000000008,7.151750477293664,7.255815376948223,7.315163806116052,7.105455854307138
2004-05-31,PREMON,7.553333333333334,10.918,8.153333333333334,6.895,6.625,4.06,8.44,5.249583333333333,5.1374999999999975,6.496164494113488,6.5834022865546045,8.067883558714085,6.887621431236203,7.88775,8.016000000000004,9.554172287528882,9.825628073126582,10.800033012235488,10.867980118873959,6.078541666666666,6.6320833333333375,7.40860504309395,7.853479475173131,7.894566533081569,7.888894101083544,4.545625,4.51125,5.753127362279493,5.573168244053209,4.78962995734908,4.7829913333450955,4.99984375,4.966250000000006,5.896605987572496,5.924907964322708,8.236140287498127,7.128819066473273,3.3530208333333333,3.1145833333333313,3.9468853478713504,4.098391114750229,5.047376018891807,4.632013667359176,6.719375,6.985000000000007,7.667050286376199,7.596921771909152,8.560149418414081,8.0364119858358
2004-08-31,MONSOON,4.306666666666667,6.166,5.355833333333333,4.1425,4.424375,2.4704166666666665,5.0775000000000015,5.061249999999999,5.476666666666664,5.620365363134759,5.861562468885737,3.0678974931987204,3.828336964164463,7.6785,8.043500000000005,8.198903372517329,8.961666945912468,6.453153847772594,6.833895137178677,5.887291666666667,6.215416666666671,6.5874963591897036,7.427956199651744,5.764890315774922,5.932206469773836,4.246875,4.660625,5.1088764173676955,5.0029513109035655,5.069258610533993,4.028188425453359,4.799843750000001,5.029843750000007,5.3077135925434975,5.016580386767512,3.3268906804010734,4.093659726269843,3.2888541666666664,3.404687499999998,3.356297875389477,4.0826726715204416,2.7802417870905662,2.7039208576255045,6.594374999999999,6.756875000000008,6.631230171825719,6.801058433033992,5.980047231089744,6.236172550237863
2004-11-30,POMKH,3.273333333333333,5.964,3.9725,2.355,3.91,2.89,5.26,5.052083333333334,5.022499999999997,4.681552551214189,5.054553183478402,4.956386182282319,5.536160899598413,7.539,7.732000000000005,7.304942023510397,8.25107033487267,7.507461715551902,7.508170165378649,5.901875,5.941666666666671,5.541497815513822,6.844816392207253,5.810964354435312,5.477256814141925,3.915,4.430624999999999,4.007325850420617,4.031858850140333,4.804116621055231,4.151030315268692,4.621302083333334,4.969843750000006,4.748628155526099,4.020655145486308,4.666519110011248,4.45006592783115,3.2605208333333335,3.301354166666665,3.1697787252336864,4.069572630894067,3.496837813443622,3.4838286469083015,6.373125,6.681875000000008,6.082738103095432,6.174540284172421,7.119082342371324,6.923254125983208
2005-02-28,POMRB,5.266666666666667,7.452000000000001,5.8500000000000005,2.86,3.56,3.685,7.25,5.095833333333332,5.099999999999997,4.91559819739518,5.074332474318294,5.490566701608615,5.7757582668430665,7.441250000000001,7.625000000000004,7.363765214106238,8.042969090159922,7.606424848948893,7.560242004564931,5.978541666666667,5.832916666666671,5.664898689308293,6.669311877288209,6.590469473851127,6.193326855455051,3.5659375,4.063124999999999,3.5483955102523703,3.573254274058199,4.2064648745583355,4.007791900542477,4.711380208333334,4.629843750000005,4.273176893315659,3.3167265074119885,5.094218971892889,5.450870088592609,3.3204687500000003,3.276354166666665,3.3758672351402117,4.061309839320879,3.9423141311382297,4.041239498759119,6.4759375,6.506875000000009,6.54964286185726,6.309636262880267,7.542739636354218,7.116252742040203
2005-05-31,PREMON,7.169999999999999,10.23,8.705,5.71,6.5566666666666675,3.933333333333333,7.37,5.420416666666666,5.004166666666663,5.817358918437108,5.645510705076172,7.503661868182597,6.4921468728722065,7.556,7.453000000000005,8.510259128463744,8.514937109662364,9.923021490161455,10.138762737517604,6.340000000000001,5.970833333333337,6.880939213584976,6.994969083730091,6.9790887171056815,7.43026107745932,3.551875,3.7668749999999998,4.4130373061514225,4.236109389128843,3.9555877513955604,4.537427508943461,5.135000000000002,4.6127604166666725,5.1865728026560625,6.089805005054094,7.104411111452824,6.264316458236184,3.420416666666666,3.2446874999999986,3.59885367441746,4.054589039287976,4.367433522846715,4.407119855502478,7.08625,6.23937500000001,6.877785717114357,6.51267951096283,8.658123087164734,8.017708756551704
2005-08-31,MONSOON,5.04,6.072,5.4175,2.535,5.213333333333334,3.0766666666666667,6.97,5.747916666666667,5.1874999999999964,5.506415351062264,5.420914047490714,2.5951497682062667,3.851518371913686,7.721500000000001,7.429500000000005,7.534955477078247,7.931977818517906,5.6177587305723335,6.099173596044359,6.880625,5.986250000000004,6.295563528150986,6.722921428359419,5.251475448864391,6.0719972495482235,3.66875,3.3649999999999998,3.6618223836908532,3.596037051362311,3.668879152688282,4.128757061881786,5.805833333333334,4.810000000000006,5.197277014926971,6.231241043656627,2.6268045612019653,3.6915613973372228,3.4222916666666663,3.396249999999999,3.389978871317143,4.0428105745652685,2.324351544690729,2.6065788352210157,7.3725,6.712500000000009,6.914671430268614,6.58839918492422,5.94371311036668,5.697244121178931
2005-11-30,POMKH,5.136666666666667,6.975999999999999,6.8025,3.85,6.5100000000000025,3.083333333333333,8.25,5.985833333333334,5.65333333333333,5.358515877304026,5.292274625128433,5.0935451360307304,5.371161161660359,7.74925,7.6825000000000045,7.3113732862469485,7.6891934302148055,6.87522750660246,6.921253210037921,7.207187499999999,6.693750000000004,6.498338116890592,6.725188777412081,5.228612308119212,5.1750489738195515,3.8162499999999997,3.7387499999999996,3.737093430214512,3.624497882373851,3.106130632847227,3.0153337334739376,6.456666666666667,5.460000000000006,5.722366208956183,7.24267061262521,4.570851095012188,4.435214577687969,3.482916666666666,3.444583333333332,3.267320656123619,4.031159361442142,3.2905892351953785,3.5096174878193014,7.4575000000000005,7.46000000000001,7.448802858161168,7.1002737575443895,6.918547737784044,6.36294155735767
2006-02-28,POMRB,6.0233333333333325,7.764000000000001,7.345,2.3,6.326666666666667,3.5066666666666664,6.55,5.59,5.842499999999997,5.6244428597157485,5.462026572076988,6.500639855878854,6.752566760720152,7.28225,7.760500000000005,7.4924239717481695,7.681709687824061,7.925632784978673,7.86952546504513,6.7921875,7.067500000000004,6.837002870134356,6.816741353898585,7.457626672706313,7.546520179247894,3.8293749999999998,3.59875,3.162256058128707,3.1209556612098264,4.029531526155304,3.949038474603741,6.238437500000001,6.1516666666666735,5.964086392040377,7.2825278463594145,6.092749688443118,6.177833237962632,3.3674999999999993,3.399999999999999,3.363059060340838,4.022118693074989,3.882085604735683,4.147786356835947,7.02125,7.285000000000009,7.089281714896701,6.991603743530223,7.611086190807596,7.807892745669493
2006-05-31,PREMON,8.316666666666666,10.14,9.8225,7.45,8.996666666666666,4.596666666666667,8.75,4.727083333333333,6.129166666666664,6.7013323824961155,6.2522090158767885,8.385589150199554,7.553375606402563,6.584000000000001,7.738000000000004,8.551454383048902,8.216546665792277,10.29414128047793,10.42128617408344,5.8259375,7.346875000000004,8.031201722080613,7.302491755016004,8.55225442597432,8.552166298537431,3.4468750000000004,4.0337499999999995,4.877353634877224,4.529251011576774,4.0395071759411,4.35859581713417,5.368125,6.761666666666673,7.1771185018908925,9.686124429947782,8.820645975198637,7.764813164261174,3.144375,3.565833333333332,3.8565021028711692,4.0196439570198885,4.2557457987388725,4.308410817990544,6.035,7.630000000000009,7.753569028938021,7.62357712767521,8.555600366204638,8.501859448952139
2006-08-31,MONSOON,0.7266666666666667,2.426,0.98,0.8999999999999999,1.0275,1.49,2.1,4.40375,5.050833333333331,4.311466096164335,4.581789038851335,3.6109538885308243,4.799432770134944,6.3027500000000005,6.826500000000004,6.101272629829342,6.872880819832855,5.7864486858832755,6.181284830834196,5.223333333333333,6.237500000000004,5.210721033248368,6.245695455679053,6.356892204802351,6.457999578864394,3.320625,3.624999999999999,3.2864121809263342,3.2352196049490725,4.067244580499864,4.162833921425082,4.730625,5.715208333333339,4.717271101134536,3.8312004155231993,4.636822965661858,5.499558162786402,2.9841666666666664,3.1691666666666656,2.9099012617227014,3.9986651236625974,2.5533196272999406,2.816183350117714,5.72625,6.4125000000000085,5.492141417362812,5.993469611963765,6.2384860782911815,6.054385667586479
2006-11-30,POMKH,2.546666666666667,5.0360000000000005,3.51,2.425,3.733333333333333,2.885,5.23,4.244166666666667,4.403333333333331,3.605546324365268,3.9474657383737237,3.4144420587739535,3.841686351543259,6.129249999999999,6.3415000000000035,5.675163577897605,6.4330460559951055,5.180731134852692,5.269831410199555,4.836145833333333,5.414375000000003,4.530432619949021,5.783430933723091,4.598662280489494,3.9067050816726496,3.14,3.2687499999999994,2.9418473085558006,2.9110392135563585,2.889620317995516,3.264396315225761,4.285208333333333,5.021041666666672,4.323695994014054,3.067938956226565,4.065911027344198,4.042402268550933,2.7441666666666666,3.119583333333332,2.8999407570336206,3.986159375435737,2.9270731665728142,3.1500073547636496,5.6075,5.657500000000009,5.387284850417688,5.577183963359273,7.265705895949889,6.889831607478943
2007-02-28,POMRB,6.026666666666666,7.453999999999999,5.816666666666666,2.715,4.003333333333333,2.4233333333333333,7.1,4.155833333333333,4.404166666666664,4.573994461285827,4.523260070914885,4.360902633846631,4.017320488079497,6.081,6.264000000000003,6.386698146738563,6.644835497760478,6.082476088236653,6.239527895008865,4.739583333333333,5.03229166666667,5.044926238636079,5.779559960659076,5.535683071926471,5.885790231997237,3.066875,3.3724999999999996,2.8511083851334806,2.7988300154939374,2.9553988540195557,2.836469336419711,4.2121875,4.440208333333339,4.195550929741765,3.2335959203223252,4.665692969457041,4.882389009936699,2.689583333333333,2.848749999999999,2.709297787553506,3.9709939977918403,3.5436156279727786,3.642429766314977,5.44375,5.795000000000008,6.072370910250612,5.864493219330209,7.547536976561327,6.126962237824335
2007-05-31,PREMON,7.036666666666666,9.062000000000001,8.253333333333334,5.59,7.756666666666668,3.76,7.25,4.2629166666666665,4.084166666666664,5.559063343438163,5.221381097239123,7.329587582350824,6.762022718301482,6.19475,5.994500000000002,7.456818888043138,7.1736197301064335,9.183671422391054,9.528336073325963,4.8175,4.640000000000004,6.328289076514981,6.17906391013927,7.041230796855558,8.075530968670662,3.2231249999999996,2.9074999999999998,3.9466650310800886,3.694353042018164,4.309049109728025,5.016855878850589,4.284583333333333,4.130208333333339,5.619997224511726,7.700801507860535,7.029781573263486,6.373243244281847,2.6147916666666666,2.6395833333333325,3.1295786725321033,3.9639107229480306,3.7995946665780655,4.007888758617693,5.413749999999999,5.420000000000008,6.543422546150367,6.210883115670439,8.707570056441819,7.857073901439264
2007-08-31,MONSOON,1.3,3.1180000000000003,1.7766666666666666,2.175,1.6833333333333331,1.89,2.29,4.180833333333333,4.227499999999997,3.855438006062898,4.029344290441406,2.441677894505643,3.646764656168407,6.01925,6.167500000000002,5.721291332825883,6.228012903421261,4.306832240188518,4.694758111242663,5.103125,4.839166666666671,4.507640112575655,5.44143712800405,3.5351795540924544,3.567806268608026,3.2175,3.22625,3.237999018648053,3.124084296949615,2.5212223628231527,2.5047898467225282,4.1433333333333335,4.294166666666673,4.045331668040369,4.095694348062105,3.0695599591847116,3.800475634722744,2.4591666666666665,2.7395833333333326,2.633747203519262,3.9457308081941056,1.8370919226946818,2.1512125596009892,5.3100000000000005,5.467500000000007,4.84205352769022,4.938167367533054,5.646664990605485,4.964054358773794
2007-11-30,POMKH,2.83,5.254,3.3366666666666682,2.4,3.6566666666666654,1.8866666666666667,4.8,4.154999999999999,4.29833333333333,3.445262803637739,3.6443904136411005,3.1263913023638588,3.457986085757884,5.86625,6.222000000000001,5.53437479969553,5.986555322158617,5.123418425702028,5.185192053570656,5.5253125,4.795833333333338,4.03925073421206,5.084753207633098,3.920056050139927,3.9619185631021736,3.28875,3.2199999999999998,2.902799411188832,2.8306737260731745,2.924460968650104,2.942656224411124,3.8583333333333334,4.275000000000006,3.8898656674908874,3.5969613712783364,3.401025161377719,3.5916159688560976,2.5016666666666665,2.4899999999999993,2.3349149887782237,3.9276660805400274,2.6238177695333778,3.0273083849600875,5.5575,5.360000000000007,4.825232116614131,4.664743942153581,7.034851750619921,6.052989634743778
2008-02-29,POMRB,5.086666666666667,5.831999999999999,8.274999999999999,2.695,2.95,2.1766666666666663,6.7,4.550416666666666,4.06333333333333,4.10182434884931,4.036211320177893,4.361796778829321,4.620240169405182,6.31225,5.816500000000001,5.653424879817317,5.932312493782282,6.338469925562006,6.520488616445421,6.219374999999999,5.410416666666671,5.733550440527235,5.603799866676163,5.3058923529375965,5.797454856907222,3.7399999999999998,3.215,2.819679646713299,2.7400680280540173,2.9953121793282995,3.1475417242650647,4.463749999999999,4.011666666666672,3.5139194004945327,2.835359579831553,4.239571186517555,4.545526504075054,2.6079166666666667,2.4283333333333323,2.271615659933601,3.9114645881674246,2.933242068442028,3.2581942522933653,6.4312499999999995,5.260000000000007,5.575139269968479,5.098365984514863,7.5893106945163105,6.327340461879589
2008-05-31,PREMON,7.77,9.46,9.1725,6.18,6.53,4.346666666666667,9.63,5.057499999999999,4.2466666666666635,5.569094609309586,5.095778346212729,6.8546781989874965,6.473671569762651,6.922000000000001,5.916000000000001,7.176054927890391,6.716036688612026,8.364152377031278,8.710893185297348,7.190208333333333,5.640208333333337,7.109130264316342,6.1845563615156856,7.966145239682601,9.10989269948766,4.34,3.3625,4.163807788027979,3.854996042243096,4.531867772856768,4.612364605933573,5.73625,3.7050000000000054,4.72035164029672,6.288534672486046,6.349068320219827,6.00002817171732,2.771666666666667,2.574999999999999,3.1016360626268273,3.908321373080178,3.4082677878855376,3.676064485062976,7.28375,5.8550000000000075,7.197083561981088,6.5471824770203755,8.575959720047011,7.478060996082118
2008-08-31,MONSOON,3.73,6.287999999999999,6.4099999999999975,5.195,7.753333333333333,2.1533333333333333,6.9,5.373749999999999,4.854166666666663,4.833456765585751,4.653155384842376,2.577768325268364,3.313236257102099,7.412250000000001,6.708500000000001,6.820832956734234,6.597245903569943,3.940422942365028,4.317481012055603,7.599583333333332,6.79854166666667,6.829478158589804,6.2118037684636205,3.8816779790177947,4.106050363841503,4.809375,4.1175,4.576284672816788,4.245075287459825,2.6784492376406783,3.257194700810799,6.7375,5.2225000000000055,5.933544317511365,9.72636496945025,2.1672387301765523,2.893817358786298,3.00875,2.6408333333333323,2.7223149709094296,3.8921244777583475,1.7169705758972535,2.2110019974431347,7.74625,7.007500000000007,7.078250137188652,6.936322662021624,5.1890527003416755,4.284351009029736
2008-11-30,POMKH,4.456666666666666,6.9620000000000015,6.47,4.18,7.7666666666666675,2.9333333333333336,7.01,5.548749999999999,5.260833333333331,4.6827407260181175,4.556644837985595,4.422495612012957,4.682538490423544,7.826250000000001,7.135500000000002,6.877299774040541,6.659211652666818,6.603249451639163,6.613540614651359,7.659895833333332,7.581875000000003,6.685686895153882,6.244420361175856,6.047901530549213,6.008356791484685,5.366874999999999,4.5625,4.417770803690073,4.155800086274623,4.285435199492837,4.227971974964122,7.70125,6.250000000000005,6.666793257173486,10.91888724887584,5.328839172426342,5.386474983486826,3.10875,2.902499999999999,2.806722315878991,3.8806984058487837,2.516690086053026,3.0349117317922207,7.9546874999999995,7.560000000000007,7.050950082313191,7.271436259948893,6.769811923035572,6.5642003959341855
2009-02-28,POMRB,5.9899999999999975,8.046000000000001,8.416666666666666,4.67,6.8500000000000005,3.026666666666667,8.19,6.0125,5.486666666666664,5.2056444356108695,4.9382127995327325,5.825064139334492,6.223895827764009,8.17275,7.689000000000002,7.344779864424325,6.953516013461274,7.850783960157348,7.7890049916035595,7.874687499999999,7.61729166666667,7.378078803758996,6.593335668232809,8.487307181990296,8.34989599870082,5.904999999999999,5.05625,4.518662482214044,4.263014172373086,4.566792512963988,4.313907120195614,8.184895833333334,7.225000000000006,6.740075954304092,9.523285225664429,7.053156415619561,6.789918887343537,3.3008333333333333,3.1149999999999993,2.8947000561940612,3.869913689178956,3.131549418640252,3.411941535193974,7.803124999999999,7.932500000000007,7.506570049387914,7.922902088737195,7.555248822540414,7.650662556571002
2009-05-31,PREMON,8.266666666666667,10.558000000000002,9.513333333333334,8.665,10.34,4.296666666666667,9.8075,6.845416666666666,5.610833333333331,6.430053328033189,5.871530193326229,8.034790873933579,7.599864967602915,8.428,7.963500000000002,8.630067918654596,7.751458783696387,10.40360885907895,10.436457731559674,8.2625,7.702500000000004,8.232180615588732,7.065273337032185,9.704095383279249,9.098250294648853,6.350624999999999,5.6775,6.177197489328426,5.6777505913644255,6.543639335356238,6.398014742129152,8.148541666666667,8.177500000000006,8.180045572582454,11.436393681347518,9.603640220396478,8.693973907925143,3.9308333333333336,3.102499999999999,3.4554867003831036,3.866781052631312,3.9717951047989963,4.211032153682265,7.546874999999999,7.976875000000007,8.426942029632748,9.02422508994411,8.875496897527979,8.714565157917558
2009-08-31,MONSOON,6.9433333333333325,7.9620000000000015,7.7875,7.015,7.8125,3.74,5.51,7.607083333333333,6.414166666666664,6.635365330153246,6.136211418710883,3.4122671775496256,3.9110142575484903,8.742625,8.382000000000003,8.36284075119276,7.774659339397948,5.680678353086615,5.857064192887462,8.748854166666666,8.046875000000005,8.05430836935324,7.173202353331554,5.369851406484883,5.652942741071872,7.035,6.1325,6.512318493597055,6.037978744241576,5.012324013862656,5.612941990193669,8.456041666666668,8.192291666666673,8.033027343549472,9.549120519807623,5.647264476644333,6.1066791696993485,4.6554166666666665,3.4991666666666665,3.569292020229862,3.860352746187774,2.0602071769110344,2.3658496185500217,7.659375000000001,7.629375000000007,7.260165217779649,8.447702817004696,5.601355689170913,5.457948096370275
2009-11-30,POMKH,7.906666666666667,7.33,8.195,5.925,7.416666666666668,6.386666666666668,6.35,8.229583333333334,7.276666666666665,7.143885864758614,6.603263396826932,6.459954271686632,6.228001431752867,9.167000000000002,8.474000000000002,7.9497044507156565,7.648712901020604,8.073291016863434,7.952811945048887,9.605104166666667,8.478125000000006,8.110585021611945,7.330469292570568,7.087340400165981,6.955244634820956,7.654999999999999,6.5687500000000005,6.277391096158233,5.904122097649792,6.039317314269542,5.772645936797224,8.768958333333334,8.104791666666674,7.786483072796351,7.865810858344844,7.420303847905771,7.079055211868067,5.407083333333334,4.3625,4.696241878804584,3.8697520796027995,3.1892274010021757,3.421161390121923,7.872187500000001,7.4643750000000075,6.896099130667789,8.093572427700844,6.929641790309706,6.7206857837298895
2010-02-28,POMRB,8.633333333333335,10.195,10.5825,8.4,9.66,5.37,9.75,8.088125,7.937499999999999,7.739664852188502,7.142427039702126,8.57683498517793,8.795343983079249,8.88875,9.011250000000002,8.847822670429395,8.20367630768635,8.775193732698964,8.537541461293877,9.933125000000002,9.019583333333339,9.099351012967166,7.856091403769124,9.679566151563677,8.857804180754634,7.626875,7.501250000000001,7.12643465769494,6.6509298172005575,6.345473365109789,5.873283674049251,8.6365625,8.807291666666673,8.535889843677811,9.06802913675703,8.153606049122425,7.439815680023291,5.729166666666668,4.948333333333333,4.965745127282751,3.873020042115847,4.486602296311908,4.5937047945750855,7.84375,7.854375000000008,8.037659478400673,8.86717566597733,7.782810078974117,7.490567945007946
2010-05-31,PREMON,10.603333333333332,11.803999999999998,14.197500000000002,9.895,10.033333333333333,7.966666666666668,9.95,7.2716666666666665,8.521666666666665,8.885132244646433,8.096069377088204,10.731725635046356,10.025285004820764,8.335999999999999,9.322750000000001,10.030293602257636,8.996688502055443,11.907627914995292,11.737309623656575,9.515937500000001,10.190625000000004,11.1386106077803,8.891470529988995,11.225829767461953,10.285351337824316,7.383750000000001,7.808750000000002,8.233860794616964,7.637843185685865,9.436207297419346,8.956308625357972,8.306041666666667,8.730625000000007,9.134867239540021,10.15342509030037,11.398013524075218,10.177119977047209,5.165833333333334,5.865833333333334,6.166113743036318,3.8917455009908983,5.638891952185098,5.562542970363197,8.171875,7.8900000000000095,8.802595687040403,9.594944985063943,9.154084949796014,9.006431260133942
2010-08-31,MONSOON,3.475,4.49,5.7275,5.5600000000000005,7.06,2.6466666666666665,5.14,6.671666666666667,7.654583333333332,6.72107934678786,6.675064677993016,5.927016906058162,6.283110923845671,7.897375,8.45475,7.814176161354582,7.942643489502857,7.316700070731905,7.349443542792514,9.037187500000002,9.675625000000004,8.97416636466818,8.354137446724582,8.543573035394733,8.610884247428542,6.886875000000001,7.445000000000002,7.164316476770178,6.816925858064171,7.175342454821107,7.171376850319435,7.783645833333333,8.542500000000008,8.304920343724014,7.9192012256649855,6.588804546522461,6.857985218030074,4.498333333333334,5.592499999999999,4.758334912488457,3.8786130884446868,4.414376900114523,4.044436525380153,8.217500000000001,7.79750000000001,7.337557412224242,8.546186907077336,5.704272173987166,5.9323847947624335
2010-11-30,POMKH,4.843333333333333,6.38,6.9175,5.4350000000000005,5.525,2.973333333333333,9.345,6.257916666666667,6.888749999999998,5.969980941406049,6.082768566001656,5.94910112406534,5.748427066916232,7.6663749999999995,8.217250000000002,7.240505696812749,7.561794845710784,6.908364857633815,6.709739211139393,8.316875,9.356250000000005,8.151499818800907,8.103165577002029,8.110439591226557,6.371469491314441,6.219375,7.3225000000000025,6.472589886062107,6.243387110320335,6.359847809656814,5.897478094299075,7.656041666666667,8.069583333333341,7.192952206234409,5.559834531064599,7.674216032841742,7.150742335816335,4.287916666666667,4.739166666666666,4.044334280826408,3.8675258813443323,4.795642576177512,4.3523345684955235,8.195,8.54625000000001,8.140534447334545,8.94240710432072,6.9487382228191885,6.711632951993531
2011-02-28,POMRB,6.8966666666666665,7.636,8.03,4.915,7.3725,3.4433333333333334,7.12,5.829791666666667,6.454583333333332,6.340655231510295,6.270157761478435,6.775210622894122,6.219463902386387,7.62,7.577500000000002,7.398703418087649,7.554580261732853,7.972349568481188,7.881207559646823,7.6765625,8.718125000000004,8.102899891280543,8.0779527911384,9.829310644666004,8.798534463233434,5.895,6.4512500000000035,5.8495539316372644,5.6969786162929,6.615664439034178,6.490892213917945,7.239375,7.497708333333342,7.2647713237406455,6.23932704350039,7.536606220858769,6.983399866749345,4.245833333333334,4.257499999999999,3.803933901829178,3.859323263638944,4.493239860067109,3.559956327666021,8.334375000000001,7.888750000000009,7.732320668400726,8.520622103633348,8.23910013294065,8.291140472278705
2011-05-31,PREMON,9.03,12.515,10.9875,8.04,11.3,8.209999999999999,12.4,5.48875,6.061249999999999,7.416393138906177,7.025811890645112,8.962949920968201,8.271180597475443,7.482500000000001,7.755250000000003,9.445222050852589,8.659113844224771,10.083797530080982,10.146149378592114,7.28375,7.915625000000003,9.256739934768326,8.545759434456803,10.797758626597131,10.49814663323659,5.60625,5.987500000000003,6.725732358982358,6.3955983982384375,7.876536320295737,7.331007632664761,6.746250000000001,7.814375000000009,8.878862794244387,11.009183622746251,10.10294089203768,8.997774824323212,4.223333333333333,4.318333333333332,5.566360341097506,3.879601273004422,5.293220152348274,4.674403687303998,8.0425,8.50125000000001,9.599392401040436,9.909571734825766,9.409311883484524,9.8198384598698
2011-08-31,MONSOON,1.623333333333333,3.408,3.815,4.82,2.46,2.066666666666667,3.805,5.167916666666667,5.598333333333333,5.099169216677039,5.384949617879734,4.257075024497507,4.606891390142215,7.37375,7.484750000000002,7.030333230511554,7.436770884633119,6.376091387262949,6.538312013685941,6.930625000000001,7.4375000000000036,7.080043960860995,7.750029419097511,5.984565494473284,5.4944260436675645,5.225,5.802500000000004,5.963439415389415,5.763525468571604,5.204561354259578,4.933892716800366,6.484062499999999,6.6643750000000095,6.311317676546632,5.38191766961473,6.333567634466419,6.715798743087525,4.215416666666666,4.173333333333332,4.1664828713251705,3.8631010215179233,3.7631248525692236,3.4830909534482766,8.051874999999999,8.16750000000001,7.281635440624262,8.255510675824967,5.726006995254512,5.4051473093752405
2011-11-30,POMKH,3.966666666666667,6.362,5.6875,3.865,6.18,3.373333333333333,8.344999999999999,4.778333333333333,5.379166666666666,4.646168196672891,4.924529689098801,4.187262301281919,4.263927921996907,7.060874999999999,7.4802500000000025,6.762999938306932,7.16853649324726,6.175988769527617,6.002592362833257,6.457395833333333,7.1300000000000034,6.523026376516597,7.396589127362715,6.100604240453721,5.436236522156158,4.8075,5.410000000000004,5.1240636492336495,5.032735616424985,5.011778214281598,4.764051313723947,5.612187499999999,6.828125000000009,6.258790605927979,5.44833024709042,5.655396130125613,5.2800796101526055,3.65375,4.2733333333333325,3.8492230561284355,3.8545139246132436,4.157220563976878,4.028329223530439,8.102500000000001,7.917500000000009,7.706981264374557,8.237782889734211,7.47868349030792,7.983796515334456
2012-02-29,POMRB,5.206666666666667,6.783999999999999,6.435,3.435,4.619999999999999,2.98,8.195,4.725260416666666,4.956666666666667,4.870367584670401,4.965903097541727,5.460997111968354,5.2773715944403685,6.949,7.267250000000003,6.771399962984159,7.058200966454521,7.603986095397332,7.544859854325045,6.232994791666667,6.731250000000003,6.4878158259099585,7.2256829764150075,7.984410291254654,7.5831012389897445,4.45,5.040000000000004,4.448438189540189,4.414833833819725,5.066001264425432,4.395365280043036,5.272005208333334,6.140000000000009,5.603274363556787,4.396325691549889,6.603116681403333,6.338161898734734,3.0863020833333334,4.157499999999999,3.501533833677061,3.843645501227116,4.218936080376853,3.5123631876272663,8.141718749999999,8.18625000000001,7.902188758624734,8.182564557772139,8.165592194217396,7.666159665531168
2012-05-31,PREMON,7.603333333333333,10.864,8.796666666666667,6.18,7.0775000000000015,4.18,11.73,4.738854166666666,4.6,5.963553884135574,5.696634848648397,7.458703834796377,7.316456403698213,7.006500000000001,6.854500000000003,8.408439977790495,7.901613887583398,9.816599842170216,10.002965546729156,6.241822916666666,6.183541666666669,7.411356162212641,7.473633645490289,9.429309907565619,9.295642543744014,4.305625,4.575000000000004,5.141062913724113,4.939204219937237,6.6123716232582535,6.281227375921502,5.21046875,5.0843750000000085,6.192964618134074,6.339146693157182,8.431096730452841,7.852035771345058,2.869270833333333,3.149999999999999,3.772920300206237,3.8400124277592362,5.41659068623197,5.1524730473105995,8.1753125,8.01875000000001,9.433313255174841,9.339619467982699,10.041297417378088,10.403732405950437
2012-08-31,MONSOON,2.6254166666666667,4.164,4.210625,3.82,3.9610416666666666,1.5570833333333332,4.78875,4.6996875000000005,4.8505208333333325,4.628298997148011,4.749572338222224,2.792060303213403,2.990668823229871,7.170750000000002,7.043500000000003,6.710663986674296,7.026040663749455,4.800667272322154,5.039514575577883,6.367447916666667,6.282447916666669,6.131063697327585,6.922227343466873,3.8603884578936727,4.05763858842313,4.2375,4.325000000000004,4.612637748234468,4.483933482539326,3.609625369982238,3.968451831329091,4.893802083333333,5.459635416666675,5.300195437547111,4.623218009599746,3.6263866407879912,4.13853199017594,2.6592708333333333,3.0226041666666656,2.8865855134570753,3.82076806336016,2.25799925474482,2.095897152943122,8.1678125,8.26468750000001,7.575487953104904,8.060176078828041,5.514842315892011,5.2731930657204105
2012-11-30,POMKH,3.0733333333333333,6.0660000000000025,5.3625,3.71,4.1866666666666665,2.146666666666667,7.63,4.810520833333333,4.6271875,4.00631273162214,4.218936250392041,3.969841653589759,4.167621137956434,7.368000000000001,6.969500000000004,6.452798392004579,6.785218928473172,6.091754250815564,5.9908071009011135,6.737552083333332,6.201197916666669,5.823638218396551,6.653229796525688,5.230265722359621,5.592030899127094,4.2425,4.286250000000004,4.25158264894068,4.152157946257562,3.567565694237536,3.5780645582247783,4.782239583333333,4.961302083333342,4.854783929194933,3.942924723419511,4.656374995679795,4.727658128560777,2.5638541666666668,2.715937499999999,2.590617974740912,3.8051818654208684,3.0206137378315163,2.9279792888323497,8.1928125,8.08593750000001,7.597292771862943,7.838009471046289,7.7459956643684365,8.07242312641482
2013-02-28,POMRB,5.786666666666666,8.394000000000002,7.764999999999999,3.045,4.08,2.526666666666667,8.85,4.644427083333333,4.772187499999999,4.71845430563995,4.642682035575254,4.901772189699274,5.207605686686695,7.245250000000001,7.372000000000005,7.229279035202747,7.1296301329326,7.297989712049802,7.239917772109999,6.756640624999999,6.533697916666669,6.6001829310379305,6.826209177736422,7.091222037881748,6.980787121724231,3.9875,4.188750000000005,3.7689495893644076,3.7134326868755543,4.108489761537082,3.8575505968104533,4.402630208333333,4.826302083333342,4.54487035751696,3.6710784773660183,5.200494235245882,5.146681040626,2.41046875,2.6026041666666657,2.565037451511214,3.7919770849571934,3.006915145629443,2.984812188431936,8.00734375,8.249687500000011,8.098375663117766,8.064673011323876,8.289239144723897,8.040782555343142
2013-05-31,PREMON,7.91,10.832,10.427499999999998,6.609999999999999,6.7250000000000005,3.87,11.275,4.667916666666667,4.8488541666666665,5.99507258338397,5.560572101290639,7.475576915137181,7.285002624479283,7.126250000000001,7.364000000000005,8.67036742112165,7.9492829308742845,10.649145083798897,10.800308213260294,6.471562499999999,6.941406250000002,8.131109758622758,7.410372976128517,9.519570180458887,9.515535218400002,3.555625,4.296250000000005,4.905369753618645,4.629935655567185,6.062691636095433,5.688815525643598,3.950625,4.738177083333342,5.416922214510176,6.348402757267551,7.378621402242199,7.0368977591937405,2.374166666666667,2.525104166666666,3.0870224709067284,3.7868795895724334,4.407118958680723,4.602941019929583,7.8356249999999985,8.135937500000011,9.36902539787066,9.110316624104772,10.449781825423916,10.677641150025048
2013-08-31,MONSOON,0.99,3.214,2.7325,1.35,1.2766666666666666,0.6399999999999999,3.76,4.6975,4.4399999999999995,3.993043550030382,4.175590610300948,2.9554799548125654,3.2849594602808425,6.5889375,7.126500000000005,6.48782045267299,6.846565350914295,5.0185288879772685,5.178165164439816,6.0665625,6.571875000000002,5.971665855173654,6.625222299477072,4.699574275382983,5.247158694910368,3.41375,3.6787500000000053,3.483221852171187,3.451939581317326,3.5683821055475806,3.937422757434758,3.8091666666666666,4.0670833333333425,3.7608199953727723,2.91611702135998,2.858038331181386,3.608714130212997,2.455416666666667,2.295833333333333,2.108213482544037,3.7625621471103226,1.4955328776053378,1.8338796801486097,7.824791666666667,7.878750000000011,7.125415238722395,7.555631558521301,5.508798787167683,5.365482904564817
2013-11-30,POMKH,4.8966666666666665,6.064,4.5600000000000005,2.725,3.255,2.773333333333333,7.285,4.324166666666667,4.895833333333333,4.354492796684896,4.351772079614226,3.2236024751212047,3.40237779831628,5.835375,7.126000000000005,6.318292271603794,6.646695246381725,5.825474239233596,5.6726174028360905,5.539375,6.3712500000000025,5.406999513104193,6.273158141589836,5.187465491374241,4.682487442476919,3.201875,3.4325000000000054,3.179933111302712,3.1523650735065942,2.4750205348964114,2.79701119919976,3.6813541666666665,3.8341666666666754,3.5584919972236633,2.763485708659788,3.1102922014924985,3.4516869777649775,2.4454166666666666,2.4524999999999997,2.3742614228597554,3.7511446634174863,2.197377301954379,2.490799618569749,7.568958333333334,7.79250000000001,7.189249143233438,7.323645042805606,7.844682391211993,7.846630104798301
2014-02-28,POMRB,4.2,4.0975,5.3275,2.895,3.88,2.5500000000000003,9.108333333333334,4.577083333333333,4.4991666666666665,4.292695678010938,4.270880217205425,5.454947694560978,5.50909173086011,5.910124999999999,6.0518750000000034,5.429975362962276,6.045513525591184,7.292425191496074,7.280993493335866,5.54625,5.761875000000003,5.3751997078625156,6.106704022954687,6.878205806245721,7.048556104644156,3.28375,3.3950000000000053,3.0659598667816272,3.015674846086348,2.8967258468286947,2.9065959702581297,4.049895833333333,3.784166666666675,3.6870951983341977,3.437724511270342,3.903809120459294,4.075384558691193,2.461875,2.458333333333333,2.4445568537158535,3.738480449882019,2.6147294966090504,2.875194587002501,7.617083333333333,7.857083333333344,7.956882819273396,7.754591332717162,8.504099080845037,8.039347010646267
2014-05-31,PREMON,6.509999999999999,9.1,8.647499999999999,5.065,5.9025,3.766666666666667,8.969999999999997,4.949999999999999,4.149166666666666,5.179617406806562,4.890795132217727,6.9466493367360345,7.2872062799801105,6.222375,5.618875000000003,6.897985217777366,6.7212129520548505,8.485935576209688,8.725101109456151,5.816875,5.316875000000004,6.684119824717509,6.51675568606068,8.545927381594606,8.662872650387392,3.7537500000000006,3.0087500000000054,3.8655759200689763,3.657938497042857,5.527320587566258,5.539223706309585,4.6365625,3.578541666666675,4.573257119000519,6.083024977213895,6.527091794303354,6.416187351797522,2.4291666666666667,2.4325,2.973400778896179,3.733164296970016,4.119296565879411,4.610838235954079,7.911458333333332,7.280833333333344,8.362129691564036,8.121536734864037,10.710038969483968,10.783933287750516
2014-08-31,MONSOON,4.413333333333334,5.5440000000000005,4.5675,3.5500000000000003,5.0475,0.875,6.45,5.270833333333334,5.005,4.8731037774172705,4.71001637430176,1.9860572007821728,1.8161407387575,6.912937499999999,6.201375000000003,6.35639113066642,6.431950997572029,2.82272264734127,3.186530824734394,6.1628125,5.775625000000003,5.8374718948305055,6.1840339497759595,2.8759596413038766,3.4092132045650207,4.1850000000000005,3.5587500000000056,3.739345552041386,3.5635456742059106,2.2206248723552777,2.2621685966543827,4.8621875,4.521250000000008,4.762954271400311,6.4655735813704975,2.018292132774182,2.8139741154751166,2.421666666666667,2.49125,2.1340404673377074,3.7106470230992405,1.2209318702093377,1.6298719894710496,8.016041666666666,7.953333333333346,7.597277814938422,7.616342027775746,5.327195644612566,4.910524461990042
2014-11-30,POMKH,4.456666666666667,6.2319999999999975,4.89,4.285,4.177499999999998,2.276666666666667,6.9499999999999975,6.995833333333334,4.895,4.7065289331170295,4.596378881249841,4.475565470663986,4.626663555017787,8.30075,6.243375000000002,6.306634678399851,6.365960230357819,6.03496708702572,6.104074744707456,7.4059375,5.858125000000003,5.458483136898304,5.9601450674628715,4.949470644187588,5.54327383851421,5.734999999999999,3.948750000000006,3.957607331224832,3.7499512069773617,2.9877878199778185,3.2528347847632886,6.295624999999999,4.751875000000008,4.528772562840185,5.342603434287861,4.142026559026801,4.462046925636679,3.98875,2.3670833333333334,2.1910909470692914,3.696654011454779,2.220348105381074,2.5649507780046377,8.418125,7.8695833333333445,7.3383666889630526,7.3330188337955216,7.867205075074018,7.394304809116828
2015-02-28,POMRB,7.206666666666668,9.454,7.7650000000000015,4.785,4.7625,2.9866666666666664,10.28,8.42625,5.6466666666666665,5.706584026536884,5.32225739998125,5.851296945027356,6.301935965391753,9.22675,7.582500000000002,7.565580807039911,7.048272595766676,7.070219173698018,6.975352357883973,8.4290625,6.467500000000003,6.381089882138983,6.248798719910554,6.666908060263898,6.42666773525931,6.946875,4.421250000000007,4.288564398734899,4.0390027352990225,3.82426303272323,3.905411050164588,7.4534375,4.972500000000008,4.622263537704111,5.013829438706926,4.891204154756826,4.927325644710742,5.641458333333334,2.47625,2.509321234908241,3.686998098204934,2.4267811245329094,2.7321371011834743,8.639375,8.16250000000001,8.515020013377832,8.213277429362421,8.726421736595016,8.936518956667923
2015-05-31,PREMON,17.30333333333333,14.845999999999998,16.154999999999998,15.575,16.4875,15.866666666666667,11.015,8.785416666666666,8.345,10.345283749255463,8.78612150024437,8.663017681110002,8.32861453972475,9.84475,9.019000000000002,10.477748484223946,8.799971837301467,11.38343665974171,11.352919910408875,8.5915625,8.344375000000001,10.29065392928339,7.8759642220648525,9.614997846257651,9.70922948331565,6.824999999999999,7.048750000000006,8.80313863924094,7.859693592291787,6.80461649172314,6.308934222777895,7.402395833333334,7.618750000000008,9.368358122622467,20.626430640291797,7.471908880264181,7.140574977993229,5.971875,5.501250000000001,7.852259407611612,3.754206701320182,4.0653644847941575,4.474323824301465,8.808125,8.67375000000001,9.5150120080267,9.280360210834848,10.529939574941611,10.308952131090816
2015-08-31,MONSOON,5.0633333333333335,7.206,5.245,2.7350000000000003,3.725,1.9966666666666668,6.175,8.901666666666667,8.5075,8.232503582886611,7.622382627775375,8.29258267539451,7.9588378747501105,10.18825,9.434500000000003,9.169049090534369,8.409263144174545,7.332627185033865,7.361678784532993,7.936249999999999,8.51375,8.272392357570034,7.4283699145741995,6.586504567339196,7.975333656032387,6.63765625,6.845000000000006,6.375883183544564,6.009219895682717,7.7046173823684505,7.9426212571587325,8.058854166666666,7.288125000000008,7.11101487357348,13.915219461377015,6.876156321629948,7.183554288797995,6.564583333333332,5.781666666666667,5.510022311233634,3.7382206707354775,4.408285581205714,4.824537794153333,8.816041666666667,8.60500000000001,8.17900720481602,8.571646879548664,5.63853697499143,5.8339906757489395
2015-11-30,POMKH,6.68,9.514,5.5125,4.125,5.091666666666666,3.7983333333333333,8.575,7.764166666666666,9.063333333333333,7.611502149731967,7.282581900061356,7.921625936183592,8.610717255477775,9.796375000000001,10.255000000000003,9.30702945432062,8.633817293978703,8.88272268116073,8.49230794513354,6.331249999999999,8.669375,7.16843541454202,7.099690109730107,7.221257901056229,5.621514342212613,5.5578125,6.805000000000006,5.475529910126738,5.279348806335016,5.764974735901365,5.432466580235213,7.710937499999999,7.5166666666666755,6.303275590810754,8.901360961464793,6.491218827475018,6.169856922519963,5.747083333333333,6.162083333333333,4.825346720073513,3.7330952498852894,4.90237813703492,5.37881800880005,8.778333333333334,9.01125000000001,8.337404322889611,8.682653185433963,7.828354801812887,7.803522077991808
2016-02-29,POMRB,5.913333333333334,8.92,1.9,3.44625,9.1,6.206666666666666,8.718333333333334,6.6049999999999995,8.739999999999998,6.932234623172514,6.820627225901307,8.679032929738954,7.612897519600397,8.962583333333333,10.121500000000003,9.152217672592371,8.67141611004249,10.387576387981506,9.909232336874798,5.18,7.203125,5.061061248725212,6.228797261578057,8.565646782781092,7.479350222650666,4.524062499999999,6.470312500000006,4.663817946076043,4.578274500312899,5.295199370605295,4.9556902594086,6.65,8.601041666666674,7.421965354486453,9.1812889666085,6.657905113268306,6.15075830384135,4.463541666666666,6.967083333333333,5.377874698710775,3.7423668051464913,4.856313084462159,3.401360253443197,8.954583333333334,8.620833333333342,8.4897759270671,8.806207262451148,9.111710479151153,9.410706518085467
2016-05-31,PREMON,9.496666666666666,12.245,9.18,8.275,9.366666666666667,6.1066666666666665,12.275,6.179583333333333,6.788333333333333,7.958007440570174,7.547130783336065,9.406757997964231,9.74987685391612,8.026333333333332,9.471250000000003,10.389330603555422,9.456853795540285,12.991926013649906,12.734479166058382,4.853812499999999,5.4593750000000005,6.7086367492351275,6.7064826965465185,9.756293109980568,9.324087080558012,4.250937500000001,4.6453125000000055,6.108290767645626,5.750509826893837,8.141008922130725,9.3163366826221,6.56,6.820833333333341,8.199845879358538,9.522530413705518,10.282122999385356,10.08829179724297,4.350416666666666,4.527083333333334,5.669391485893131,3.7509732635426856,7.975476699971059,7.347141017037988,8.833333333333332,8.935833333333342,10.00386555624026,10.115305418685548,10.731804657140263,10.814444205085913
2016-08-31,MONSOON,3.5966666666666667,3.1366666666666667,3.01,1.765,2.3583333333333334,1.4883333333333333,6.3249999999999975,5.95875,6.421666666666667,6.213471131008772,6.327098280586174,4.712442528928354,3.698765981317094,7.58375,8.453916666666668,7.48826502879992,7.988730059662075,6.50131585212606,6.489159465209534,5.177312499999999,4.900625000000001,5.229182049541076,6.084674525740259,2.6200664310635835,3.343805200028929,4.04953125,4.402812500000006,4.370974460587376,4.317128243427752,3.451776532663312,2.9053213732925336,6.355833333333334,6.479166666666674,5.863240860948456,4.120688135535765,5.655258499295071,5.523319408162213,3.983125,4.4,3.996968224869212,3.7319804835968045,3.0681370762417615,2.488733838559353,8.725416666666664,8.973333333333342,8.532319333744155,9.243353365740438,5.849225924552365,5.779917848520839
2016-11-30,POMKH,4.743333333333333,6.093333333333333,5.138,2.91,5.738333333333332,3.401666666666667,7.455,5.7299999999999995,5.9375,5.625416011938596,5.810329010026522,5.410254411684546,5.004519772866913,7.47,7.598750000000002,6.930292350613285,7.532025602220324,6.596799222478065,6.400723720352685,5.524125,4.807000000000001,5.192709229724645,5.918357600096345,3.810965160043307,4.551021226651184,3.519375,4.099062500000006,3.7865846763524256,3.774769333154885,3.377103841805213,3.0238985949516692,5.878749999999999,6.640833333333341,5.8132778499024065,4.387344150948524,5.211151966639816,4.864187281617126,3.637291666666667,4.300833333333334,3.758847601588194,3.7245364268517336,3.931714122136242,2.9251799422704634,8.823125,8.693333333333342,8.101391600246494,8.7743211766302,8.075123991783464,8.402229672056855
2017-02-28,POMRB,6.083333333333332,8.8,4.8625,3.05,6.8199999999999985,3.665,8.975,5.388333333333334,5.9799999999999995,5.808582940496491,5.841609095119827,6.4582855956098815,6.008704440540876,7.670416666666666,7.568750000000001,7.678175410367971,7.796515595921498,7.30824178190947,7.185940947341086,5.97125,5.547625000000002,5.060625537834787,5.734264337089257,5.293698304121509,4.89552608332946,3.18375,4.000000000000006,3.491950805811455,3.4708029968208316,3.3818589845173253,2.9762780259565416,5.794375,6.07083333333334,6.215966709941444,5.962473819588688,6.159918749773658,5.972783102931288,3.7723750000000007,3.665416666666667,3.7213085609529166,3.7187177117437806,4.315937624778365,3.5977844146134625,8.782499999999999,8.75750000000001,8.450834960147896,8.842711951845185,9.162781423545198,9.244622670163942
2017-05-31,PREMON,7.496666666666667,11.454999999999998,8.992,4.43,7.830000000000001,5.881666666666668,12.8,5.2825,5.4799999999999995,6.483816430964561,6.277336393851985,8.394994716955848,9.097770076002732,8.122166666666665,7.371250000000002,9.188905246220783,8.604058218531655,11.411558638061937,11.489258924712745,6.493375000000001,5.500625000000002,6.633175322700873,6.263413819274383,9.924837558999291,9.765916064788732,3.4587499999999998,3.038750000000006,3.8671704834868725,3.7387407335588394,7.150434298814576,6.386560264250496,5.814479166666667,5.686666666666673,6.861580025964867,8.007068385210417,9.060799396354295,8.990997111290032,4.178375000000001,3.6091666666666677,4.585451803238417,3.7261583736008785,6.537874636067582,6.371513057599531,8.831875,8.88875000000001,10.190500976088739,10.208415309351698,11.115311035719735,11.013963832424666
2017-08-31,MONSOON,2.8633333333333333,5.529999999999999,6.775,2.925,3.22,2.7939999999999996,5.475,5.278333333333333,5.296666666666666,5.0356231919120695,5.225031903696683,3.2009349140401504,2.878134684428093,8.185583333333334,7.969583333333335,7.725343147732469,7.8772204804424915,4.984162034153485,5.095175945869259,6.776062500000002,6.441875000000003,6.689905193620524,6.337826785742195,2.8468739118237494,3.4942443067400966,3.5893749999999995,3.3287500000000056,3.4903022900921234,3.405384712592365,0.9869296894521811,1.647202128905711,5.385625000000001,5.902083333333339,5.4049480155789205,4.7590482188779415,4.3059339783771,4.1808217562578,4.515333333333333,3.9355833333333345,3.86887108194305,3.715134556620848,1.9864896935386547,1.7417428382083247,8.728125,8.676250000000012,8.304300585653243,8.959617663307192,6.04949689553224,6.132466738313567
2017-11-30,POMKH,4.63,7.314,5.5500000000000025,3.95,5.0375,5.343999999999999,8.7,5.413333333333334,5.268333333333333,4.8733739151472415,5.00702548313687,4.292264038671281,3.955866285920977,8.145791666666666,8.274750000000001,7.560805888639481,7.723971838346867,7.2893945183798525,7.09563370473761,7.019000000000002,6.544875000000005,6.2339431161723144,6.197354106357459,5.501665721497625,6.677463316286946,3.8303125,3.5887500000000054,3.6741813740552742,3.534748866884292,2.634632749730653,2.8450412685012014,5.140416666666668,5.726875000000006,5.257968809347352,4.560111658456752,4.7592909833200405,4.664585325352275,4.623562499999999,4.421166666666667,4.45892264916583,3.7193961768213124,3.6051615390165273,3.2886547617348416,8.4359375,8.987500000000011,8.462580351391946,8.870324735159343,8.087271170034207,8.292249348766804
2018-02-28,POMRB,6.163333333333334,8.086666666666666,6.7120000000000015,3.055,4.090000000000002,4.418333333333334,6.9,5.430000000000001,5.288333333333333,5.389357682421679,5.303693017378009,5.848343196753148,5.70323582884877,8.186208333333333,8.096416666666666,7.771150199850355,7.781878403842976,8.492246912776336,8.32931890384334,6.785437500000001,7.007250000000005,6.42516586970339,6.272379737192725,6.179936955590556,5.837098234240701,4.108125,3.590000000000005,3.4265088244331645,3.3171025574334543,3.4226490372205833,3.5241143644706687,4.902708333333333,5.044375000000006,4.7907812856084115,3.836757477158417,5.606997388076523,5.644756576963261,4.586083333333334,4.609500000000001,4.442686922832832,3.7181071525695146,4.580668662023221,4.386989428527676,8.45625,8.46875000000001,7.837548210835168,8.203948199824202,9.249145293941982,9.117909449368257
2018-05-31,PREMON,8.496666666666666,11.849999999999998,9.086,6.3525,8.598333333333334,5.9941666666666675,12.5375,5.32875,5.538333333333333,6.632281276119674,6.194276418376949,8.13395131962721,8.850137981147979,8.100958333333333,8.195166666666665,9.402690119910211,8.682669469152454,11.51620138627532,11.501440958241957,6.514375,7.030750000000006,7.489499521822034,6.727255166900434,11.062795854070096,10.132415487517736,4.080625,4.070625000000005,4.5969052946599,4.286645960978796,6.848345278013047,5.9808877345230576,4.437187500000001,5.236458333333339,6.3138021046983805,8.353790731994321,7.624179941544498,7.708980525103618,4.413145833333333,4.637625000000001,5.063278820366366,3.7262230947539154,6.9322834053126465,6.882353435724435,8.275,8.40312500000001,9.717528926501101,9.51468605552609,11.523106445882856,11.667699705718267
2018-08-31,MONSOON,1.9966666666666668,5.458333333333332,4.812500000000001,3.225,0.55,2.3816666666666664,5.899999999999999,,5.321666666666666,4.778035432338471,4.913202603835683,3.5775922623717022,3.354434337348616,,8.177249999999997,7.82494740527946,7.921389561496123,5.287664668314346,5.384446834670615,,6.540125000000007,6.418699713093221,6.399894802170994,4.549630211212402,4.997824837851372,,4.145625000000005,4.048143176795939,3.861112942286335,2.2780143591989512,3.1356797734685933,,4.56895833333334,4.008281262819028,3.338202502298511,3.764327014159474,3.759350929374163,,4.534541666666668,3.990633958886486,3.712740394507008,2.4710754297310507,2.0932294507009415,,8.50937500000001,8.19051735590066,8.490143000087858,6.0694764909100005,5.563276358128698
2018-11-30,POMKH,4.6866666666666665,6.703666666666668,5.344000000000001,3.43,3.983333333333333,4.3728333333333325,6.8249999999999975,,5.335833333333333,4.741487926069749,,4.040181207927098,4.013174308605315,,8.024666666666665,7.376435109834342,,7.351296141385642,7.17867378583599,,6.488625000000006,5.988819827855933,,5.123571105267661,5.159656653685802,,4.015625000000005,3.8008859060775633,,3.415136204460209,3.73060312434299,,4.305416666666673,3.99830209102475,,3.353747901215654,3.555856611357982,,4.29175,4.143513708665225,,3.955809360800051,3.5038734686612423,,8.04062500000001,7.644310413540396,,8.311052020114904,8.434158704417312
