Date,Season,Bridgemanganj,Ghughuli,Pharenda,Nautanawa,Siswa,Mahrajganj,Lakshmipur,Nichlaul,Partawal,Bridgemanganj_Trend,Bridgemanganj_SMA,Bridgemanganj_EWMA,Bridgemanganj_DES,Bridgemanganj_TES,Bridgemanganj_ARIMA,Ghughuli_Trend,Ghughuli_SMA,Ghughuli_EWMA,Ghughuli_DES,Ghughuli_TES,Ghughuli_ARIMA,Pharenda_Trend,Pharenda_SMA,Pharenda_EWMA,Pharenda_DES,Pharenda_TES,Pharenda_ARIMA,Nautanawa_Trend,Nautanawa_SMA,Nautanawa_EWMA,Nautanawa_DES,Nautanawa_TES,Nautanawa_ARIMA,Siswa_Trend,Siswa_SMA,Siswa_EWMA,Siswa_DES,Siswa_TES,Siswa_ARIMA,Mahrajganj_Trend,Mahrajganj_SMA,Mahrajganj_EWMA,Mahrajganj_DES,Mahrajganj_TES,Mahrajganj_ARIMA,Lakshmipur_Trend,Lakshmipur_SMA,Lakshmipur_EWMA,Lakshmipur_DES,Lakshmipur_TES,Lakshmipur_ARIMA,Nichlaul_Trend,Nichlaul_SMA,Nichlaul_EWMA,Nichlaul_DES,Nichlaul_TES,Nichlaul_ARIMA,Partawal_Trend,Partawal_SMA,Partawal_EWMA,Partawal_DES,Partawal_TES,Partawal_ARIMA
1996-02-29,POMRB,2.92,2.35,2.25,3.4,3.95,3.998,6.84,1.535,2.5700000000000003,,,2.92,2.453870028011513,3.055968611652812,0.0,,,2.35,3.02975338350296,2.1534580693874847,0.0,,,2.25,3.8557917974553138,2.247204052606764,0.0,,,3.4,2.528298173356248,3.355752592252614,0.0,,,3.95,5.502353463342074,3.794766029814336,0.0,,,3.998,6.79792045198864,3.9010154049112393,0.0,,,6.84,6.299394177110776,6.548126535066782,0.0,,,1.535,0.9484907444557301,2.019249986579044,0.0,,,2.5700000000000003,1.9929282834457036,2.541952075269579,0.0
1996-05-31,PREMON,4.02,2.715,3.38,4.35,4.85,5.738181818181817,7.823333333333332,3.23,3.27,,,3.36,2.6476444629005176,3.92055689168566,3.0532068407754955e-07,,,2.496,3.387705058945301,2.5940297956639813,2.4383994909914406e-07,,,2.702,5.0359355304332505,3.345182481852908,2.2077078495164448e-07,,,3.7800000000000002,2.9009980699502815,4.033107582682373,3.399998683394951,,,4.3100000000000005,6.307303930990951,4.770224795572464,1.1771041643029612,,,4.694072727272728,8.387840710873888,5.5580897125149775,2.0393026916121713,,,7.233333333333333,6.7009742481454015,8.238795062153065,6.839989044989985,,,2.213,1.416984519503212,2.86346419096867,2.6730273372351415e-08,,,2.85,2.1152113517416367,3.434749860463657,0.6924358144551618
1996-08-31,MONSOON,2.16,0.22,0.15,1.45,2.3,2.8963636363636365,5.08,0.655,0.61,2.9625000000000004,,2.88,2.2876960277865477,1.9583721929673996,4.34798399499827e-07,1.8699999999999999,,1.5856000000000001,2.981397518577185,0.5814889872454296,4.707729233512912e-07,1.7187500000000002,,1.6812,4.021030315956044,0.35855808791091626,3.973266740934993e-07,2.9349999999999996,,2.8480000000000003,2.5602598923152793,2.1297641040929634,4.103779239248706,3.74,,3.5060000000000002,5.623799212588426,1.998873200503486,1.2011988706545644,3.9995227272727263,,3.974989090909091,7.092023470106508,3.0074753322492627,3.087550360268991,6.543333333333333,,6.372,6.173379286904953,5.515842065046279,7.40919595279017,1.8656249999999999,,1.5898,1.2522215940359769,0.6651964865048676,6.27108566313946e-08,2.214375,,1.954,1.6594710473547925,0.972532316452656,0.9780241394529178
1996-11-30,POMKH,2.75,2.175,1.1,2.54,3.73,3.2845454545454538,6.34,1.6749999999999998,2.335,2.9625,2.9625,2.8280000000000003,2.224130082098404,2.8318386225049355,6.742485767947908e-08,1.736875,1.8649999999999998,1.8213599999999999,3.043970888561974,1.83849405630944,1.3639657481139548e-07,1.8175,1.7200000000000002,1.4487200000000002,3.3039642581684694,1.042287696851137,5.138120401658456e-08,2.9587499999999998,2.9349999999999996,2.7248,2.508133132068652,2.605034323205423,2.097838341835227,3.8,3.7075000000000005,3.5956,5.417607811562263,3.2147520942421854,1.1600727750290414,3.987386363636363,3.979272727272727,3.6988116363636356,5.797279781836688,3.6698396638525104,2.4883349341971774,6.68125,6.520833333333333,6.3591999999999995,6.175461027184038,6.099534279970007,6.272441466610448,1.953125,1.77375,1.62388,1.3396942701655883,1.4580650574518894,1.8112997613340485e-08,2.24125,2.19625,2.1064,1.667217568712507,2.109064637966666,0.7281121746348252
1997-02-28,POMRB,2.92,2.39,2.24,3.4,4.21,4.159999999999998,7.02,2.27,2.715,2.9625,2.9625,2.8648,2.2734022194683763,3.0420141997367116,2.9199996250783538,1.61625,1.875,2.048816,3.116495909395939,2.3105082072992813,2.349999552760921,2.1275,1.7175000000000002,1.7652320000000001,3.100167335882551,2.2002233950253123,2.2499998036103057,3.07875,2.9349999999999996,2.99488,2.6755152615897186,3.2474759526161936,3.368428563344162,3.8275,3.772500000000001,3.8413600000000003,5.308249271219243,3.815435938419487,3.8096782057435727,3.8840656565656566,4.019772727272726,3.8832869818181805,5.124779078098277,3.831112063374963,3.8468556221092998,6.876666666666666,6.565833333333333,6.623519999999999,6.377689276572624,6.725710106535315,6.3516390303731125,2.0131249999999996,1.9575,1.882328,1.5703716943563273,2.0423677146660046,1.534999989796,2.3408333333333333,2.2325,2.34984,1.7870566834184696,2.5157014182749196,2.478786226033538
1997-05-31,PREMON,4.02,1.61,4.18,4.54,5.07,5.4790909090909095,8.746666666666666,3.195,3.34,2.9625,2.9625,3.3268799999999996,2.728805362798997,3.954954983709305,4.019999273606509,1.5081250000000002,1.59875,1.8732896,2.9374936186265437,2.714262995029269,2.722364511576948,2.6125000000000003,1.9175000000000002,2.7311392,3.8266790959999413,3.321490921314172,3.3752822516470355,3.2075000000000005,2.9824999999999995,3.612928,3.1232744778891326,3.9553889199065164,3.955616202621819,3.80625,3.827500000000001,4.332816,5.490942875202268,4.790894704406317,4.646191876331222,3.7661994949494946,3.954999999999999,4.5216085527272725,5.356248519166915,5.56303899688608,5.545485213141322,7.014166666666666,6.796666666666667,7.472778666666667,7.029226464904057,8.412334394212468,7.321652034668331,2.121875,1.94875,2.4073968,2.0296907676317004,3.0714427360829553,3.4900206847275492,2.4266666666666667,2.25,2.745904,2.066298879691693,3.3893178175591894,3.1633558777198223
1997-08-31,MONSOON,2.16,0.36,1.83,2.22,2.3,2.328888888888889,5.72,1.17,1.3366666666666671,2.9625000000000004,2.9625,2.8601279999999996,2.525187624036236,2.0075845418479794,2.159999660498712,1.35375,1.63375,1.2679737599999998,2.415324451772124,0.39003414241012013,0.04397348980621646,3.05125,2.3375,2.37068352,3.231823718381015,0.8535980468886923,0.5683515842210282,3.1525000000000003,3.175,3.0557568,2.9750667919909333,2.127601357445803,2.0351286276702174,3.7900000000000005,3.8275000000000006,3.5196896,4.431632913557634,2.0195431095278176,2.2847499185810265,3.5363926767676763,3.813131313131312,3.644520687191919,3.729890064464837,2.9271990148792884,2.7669026538322923,7.090416666666667,6.956666666666667,6.7716671999999996,6.5930755395216165,6.038332097869445,6.377498011931577,2.13625,2.0775,1.9124380799999998,1.9596886043296993,0.8100786262838235,0.6087859925943631,2.3941666666666666,2.431666666666667,2.1822090666666667,1.8660541874547485,0.8998975580087358,0.6401703642344558
1997-11-30,POMKH,2.75,1.17,3.3,2.8,3.56,2.9090909090909087,6.8,2.03,2.295,2.9625,2.9625,2.8160768,2.5506018535688653,2.817904976168984,2.749999730216614,1.4768750000000002,1.3825,1.228784256,2.1219231394188864,1.8668798356835188,2.046904780882704,3.22125,2.8874999999999997,2.742410112,3.3673177948869593,2.283573158632832,1.9423443545767733,2.98125,3.24,2.95345408,2.9665501132661536,2.820792371174637,2.765160324157101,3.74875,3.785,3.53581376,4.027918238695552,3.2354220032467653,3.4830040747871656,3.44154797979798,3.7192676767676756,3.350348775951515,2.9720332394560622,3.4323078210080546,2.9237222169287156,7.114166666666667,7.071666666666666,6.783000319999999,6.606154799953857,6.684562724998531,6.825394111648286,2.0599999999999996,2.16625,1.9594628479999998,2.083609871901095,1.6990590021066017,1.7726092221401009,2.3429166666666665,2.421666666666667,2.22732544,1.9134581992282464,2.2601087589053517,2.3985461787717215
1998-02-28,POMRB,2.92,2.16,3.55,2.7,4.25,2.697,7.169999999999999,2.03,2.495,2.9625,2.9625,2.85764608,2.641209827674373,3.0223290748811147,2.920000010065041,1.7475,1.3250000000000002,1.6012705536,2.1007176448625335,2.1118086714552353,2.3340854576161734,3.1575,3.2149999999999994,3.0654460672,3.571865956838451,4.045273024442726,3.1637767985579206,2.83875,3.065,2.8520724480000004,2.928616992946127,3.4757200229821663,3.576859952855099,3.71875,3.795,3.821488256,3.9932258465139476,3.8361058472418628,3.9584650486793307,3.4754116161616166,3.353517676767676,3.089009265570909,2.4671469813395706,3.5490622054613876,3.8728672443668626,7.169166666666667,7.109166666666666,6.937800191999999,6.724675948350833,7.26064642135705,7.2547222411027725,1.963125,2.1062499999999997,1.9876777087999997,2.1862228107925654,2.3129666282243746,2.1376794401753085,2.3464583333333335,2.366666666666667,2.334395264,2.0138639942771577,2.6372765899818833,2.5858122991590466
1998-05-31,PREMON,4.02,2.825,4.23,3.87,4.7,6.183333333333334,8.786666666666667,2.825,3.15,2.9625,2.9625,3.322587648,3.1143596256663186,3.9749978465214184,4.019999847805779,2.005625,1.62875,2.09076233216,2.2562442565070775,2.2278474742474907,1.865500447092525,2.9274999999999998,3.227499999999999,3.5312676403200003,4.044869346719417,4.829585408494965,4.445736819267346,2.7612499999999995,2.8975,3.2592434688000003,3.176265192072402,3.9216627174466065,4.017715533757676,3.77125,3.7024999999999997,4.1728929536,4.18108391046836,4.811564613247164,4.882076784764843,3.456358585858586,3.5295782828282816,4.326738892675879,4.412625817448181,4.899807830349585,4.8741598310460095,7.104166666666667,7.119166666666666,7.6773467818666665,7.285191390287863,8.772402201053604,8.233556411057817,1.869375,2.01375,2.3226066252799997,2.4676382026667234,3.209449877095918,3.2141780382847065,2.4325,2.3191666666666673,2.6606371584,2.273242627488893,3.4159075734931275,3.1891326432276603
1998-08-31,MONSOON,2.16,1.31,1.27,1.75,2.43,1.8955555555555559,6.120000000000001,0.765,1.555,2.946607142857143,2.9625,2.8575525888,2.8909302543351085,2.0417193445583273,2.1599999642249204,2.1875,1.8662499999999997,1.778457399296,2.0215282450107575,0.4329867690800948,0.40798314430336735,2.69875,3.087499999999999,2.626760584192,3.006737308947992,1.4434367149005283,1.1807925436697966,2.8112500000000002,2.78,2.6555460812800002,2.8886474960397117,1.9143051198389274,1.8740796986772157,3.8175,3.7349999999999994,3.4757357721599997,3.4474478038760936,2.0402130179953435,2.1600455510156515,3.5670034722222224,3.4212449494949486,3.3542655578277496,3.2983626232259042,2.7053542830448345,2.8991118383561494,7.022083333333333,7.219166666666666,7.05440806912,6.891351997867404,6.247908198741893,6.465928778664891,1.8499999999999999,1.9125,1.6995639751679998,2.209774628911578,0.816167023491122,0.812599118535069,2.55375,2.3737500000000002,2.21838229504,2.133811652864459,1.001725260703124,0.9557246184315746
1998-11-30,POMKH,2.75,2.285,2.02,2.65,3.85,3.1900000000000004,5.88,1.685,2.765,2.9307142857142856,2.9625,2.81453155328,2.875598100997311,2.8035853016874372,2.7499999541087834,2.19875,2.145,1.9810744395776,2.052935472683183,1.8960286165296258,2.0399257273808615,2.62,2.767499999999999,2.3840563505152,2.497280457757862,2.1492845101395854,2.2572724485287936,2.94625,2.7424999999999997,2.653327648768,2.8309357200192515,2.535048857224504,2.4919132131881865,3.85875,3.8074999999999997,3.6254414632959997,3.4361246695207432,3.2560919118187663,3.587560428989428,3.5697743055555557,3.4914722222222214,3.2885593346966497,3.181279388903918,3.1421998331767154,2.7948416674737344,6.920416666666667,6.989166666666667,6.5846448414720005,6.544563734458426,6.979527980571734,7.095146003420136,1.90375,1.8262500000000004,1.6937383851007999,2.164528423117744,1.5983964098253363,1.7613600394853222,2.6625,2.4912500000000004,2.4370293770240004,2.2905367307105737,2.291917911994604,2.3943368081628895
1999-02-28,POMRB,2.792857142857143,2.5,3.0,3.25,4.33,3.30125,7.433333333333334,2.22,2.995,2.9307142857142856,2.9307142857142856,2.8058617891108573,2.8699247020087046,3.003441624756124,2.9200000233360144,2.1075,2.23,2.18864466374656,2.142665083905116,2.493010471426528,2.541942691590358,2.4525,2.629999999999999,2.6304338103091203,2.5659810293598593,3.189456295767338,2.639331884759269,2.9975,2.88,2.8919965892608,2.9230417768814236,3.228286223588565,2.993324066714782,3.8575,3.8274999999999997,3.9072648779776,3.6671122258586806,3.856775756071234,4.118459492223711,3.5713194444444447,3.642534722222222,3.2936356008179897,3.1819286289949504,3.4432643163627197,3.5728688469577663,6.943333333333334,7.055000000000001,6.924120238216534,6.7600051871800995,6.980389125416975,6.898453270092565,1.856875,1.8737500000000007,1.90424303106048,2.238779252059093,2.1488547626017054,1.8915346495652896,2.601875,2.61625,2.6602176262144006,2.4943905905230634,2.686537270562979,2.651332789543832
1999-05-31,PREMON,4.02,2.575,4.15,4.4,4.95,5.60125,7.710000000000001,3.0650000000000004,3.5200000000000005,2.9307142857142856,2.9307142857142856,3.2915170734665145,3.289218624299039,3.968473209479596,3.9430151613012394,2.03375,2.1675000000000004,2.343186798247936,2.249051415478824,2.7335418805049363,2.491634372324936,2.245,2.609999999999999,3.238260286185472,3.2158452109654614,4.166361130432802,4.080010783656447,2.95125,3.0125,3.49519795355648,3.295499796899581,3.899281742687217,4.056946793027762,3.8125,3.8899999999999997,4.3243589267865605,4.156172523671351,4.8322345221332315,4.827279119128398,3.6725000000000003,3.4970138888888886,4.216681360490794,4.693262437464227,5.0231957248213295,5.5756580394704525,7.466614583333334,6.7858333333333345,7.238472142929921,6.992926355312242,8.727664160041563,8.256483394417044,1.7343750000000002,1.9337500000000005,2.368545818636288,2.50877073183194,3.1372933969655925,3.1082879404681902,2.423125,2.7087499999999998,3.0041305757286407,2.8146327720063304,3.4954535425401856,3.2899819482234216
1999-08-31,MONSOON,2.16,0.83,0.01,1.63,2.17,2.49,7.380000000000001,0.15,0.7,2.930714285714286,2.9307142857142856,2.8389102440799086,3.013766422162662,2.050553903774662,2.197093775174443,2.0025,2.0475000000000003,1.7379120789487617,1.9088073818063072,0.8843376543317236,0.7831549410731807,2.15375,2.294999999999999,1.946956171711283,1.9073682114475516,1.1475062520798343,1.1628865991108226,2.9125,2.9825,2.749118772133888,2.9661892642866157,2.047817836497025,1.9744010681684028,3.75875,3.8249999999999993,3.462615356071936,3.4300568398577123,2.0608829271005566,2.3291333993214254,3.74859375,3.6456250000000003,3.5260088162944765,3.8570690201075872,2.6010336262876903,2.3120331526865368,8.041979166666668,7.100833333333335,7.295083285757952,7.059033900702765,5.703473709015913,5.944904829617939,1.6437500000000003,1.7800000000000007,1.481127491181773,2.051012115106679,0.8250709998850281,0.8206872609847662,2.27375,2.4949999999999997,2.0824783454371842,2.4205331377190187,1.2899412241150952,1.2879867514317693
1999-11-30,POMKH,2.75,2.175,1.62,2.4,3.75,3.405,8.80625,1.32,2.1900000000000004,2.8444642857142854,2.9307142857142856,2.803346146447945,2.951442872811872,2.777319556985708,2.7264934943089543,2.0225,2.0200000000000005,1.912747247369257,1.934928104175221,2.081483240887544,1.9736005022810954,1.9675,2.1949999999999994,1.81617370302677,1.6108651697473675,1.246217492847112,1.5102577383958948,2.83,2.92,2.6094712632803327,2.836116019317584,2.597014878713375,2.5221243198020025,3.66375,3.7999999999999994,3.5775692136431614,3.4640534388632593,3.2767618206557727,3.555276100428826,3.731584821428571,3.699375,3.477605289776686,3.6777770323858103,3.2634231568490573,3.1922126543209726,8.9028125,7.832395833333336,7.899549971454771,7.526707600922792,7.258118460615239,6.889559569259587,1.5050000000000001,1.6887500000000006,1.4166764947090638,1.8889638799910504,1.4452856777854186,1.4602465788101808,2.17875,2.3512499999999994,2.125487007262311,2.3930559301153864,2.4204579648019013,2.3120428218455826
2000-02-29,POMRB,2.792857142857143,2.3600000000000003,2.67,3.19,4.0,3.695,9.11,1.86,2.375,2.6235714285714287,2.9307142857142856,2.7991505450116243,2.905959459777443,2.9503589527193754,2.9071331495140735,2.059375,1.9850000000000003,2.0916483484215544,2.0130009285056962,2.53986547530339,2.417370040170201,1.9116666666666666,2.1124999999999994,2.1577042218160623,1.903734482065998,2.603202914340512,2.536186527189092,2.7237499999999994,2.905,2.8416827579682,2.90588221081935,3.202208780678931,3.0329191937084565,3.555,3.717499999999999,3.746541528185897,3.61931441252035,3.8774456647929294,4.1727907896925505,3.5829960317460317,3.7978125,3.564563173866011,3.6992054700868033,3.5947564167707298,3.58974785722942,10.0140625,8.251562500000002,8.383729982872863,7.944738053418205,8.509559795701435,8.614558548202229,1.4187500000000002,1.5987500000000003,1.5940058968254385,1.8654554520208444,1.9407208550831139,1.9130564427118744,2.1831250000000004,2.196249999999999,2.2252922043573866,2.4073681899898713,2.692554927726817,2.6212932415320918
2000-05-31,PREMON,3.33,2.875,2.99,3.8,4.52,5.071428571428571,12.92,2.315,3.38,2.4232142857142858,2.7582142857142857,3.0114903270069746,3.0484127356542237,3.9749343704306246,3.9466184703585725,2.063125,2.0600000000000005,2.4049890090529327,2.223513723757577,2.710902901377896,2.542376666440336,1.9595833333333337,1.8224999999999993,2.4906225330896374,2.3455746735468224,3.741486974170476,3.9233061930838815,2.74,2.7549999999999994,3.22500965478092,3.1230151597561795,3.863630630716938,4.1205084601409325,3.5375,3.6099999999999985,4.055924916911538,3.985219816577343,4.852904430519828,4.748401967974521,3.4170411706349206,3.665357142857143,4.167309332891035,4.575791751911567,5.2528826447567205,5.755685209469755,10.74703125,9.554062500000002,10.198237989723719,9.364345103692479,10.369733822354302,9.514351587560219,1.435,1.4112500000000001,1.882403538095263,1.954748786477561,2.8897230671083243,3.0074730464492423,2.225,2.161249999999999,2.687175322614432,2.663105525853416,3.363527295956048,3.2031235325130143
2000-08-31,MONSOON,1.082857142857143,0.8250000000000001,0.7233333333333333,1.38,1.73,1.8311111111111111,11.06,0.21,0.875,2.3575,2.4889285714285716,2.240037053347042,2.4267172251926827,1.9618777564719128,1.766842898924786,2.033125,2.0587500000000003,1.7729934054317595,1.9001292037226651,0.9383202952838603,0.8401903547218291,1.9389583333333333,2.0008333333333326,1.7837068531871156,1.6788581494598604,0.2596761007323076,0.2626782589187304,2.78375,2.6925,2.487005792868552,2.7411384223568427,1.8528954327486047,1.603934672568872,3.5795833333333333,3.4999999999999987,3.1255549501469226,3.1527972908915527,2.081552835056497,2.182989824142923,3.3032955109126982,3.5006349206349205,3.2328300441790656,3.2699736566133453,2.5855701576477705,2.1193549847456965,11.350000000000001,10.474062500000002,10.542942793834232,9.811663861703801,9.076170522657621,9.814050311761257,1.46125,1.42625,1.213442122857158,1.5514770788095373,0.4470302776803987,0.22675828911789064,2.28375,2.204999999999999,1.9623051935686593,2.2978710104534876,1.0276933936048538,1.0426510374477995
2000-11-30,POMKH,2.2242857142857138,2.21,1.29,2.78,4.05,2.73625,10.99,1.39,2.35,2.3575,2.3575,2.2337365177225106,2.2699961020630006,2.510505568576984,2.26687334586911,2.084375,2.0675,1.9477960432590558,1.9498521395100399,2.161317479385112,2.134753514902292,2.0995833333333334,1.9183333333333323,1.5862241119122693,1.4140296197913356,1.3667429044753858,1.91167556697448,2.78625,2.7874999999999996,2.604203475721131,2.7203207207817357,2.38654840268378,2.365278851361337,3.635416666666666,3.5749999999999984,3.4953329700881537,3.4038149355279343,3.2974317281714995,3.4942379244356334,3.2549293154761902,3.3334474206349207,3.0341980265074393,2.8272948212086706,3.040277979286268,2.9497001752291485,11.7,11.020000000000003,10.721765676300539,10.1053190716031,10.879586441937963,11.231295674685377,1.568125,1.4437499999999999,1.2840652737142948,1.4598459428264627,1.1809948956984484,1.4203816598765389,2.42,2.244999999999999,2.1173831161411956,2.301896365430974,2.288476983113262,2.3058596226033385
2001-02-28,POMRB,2.792857142857143,2.085,2.835,3.16,4.036666666666666,3.4537847222222213,11.75,2.0,2.685,2.3575,2.3575,2.4573847677763636,2.3445256426848617,2.618063484314188,2.70069467269837,2.215,1.99875,2.0026776259554335,1.9687185361003525,2.5472229748764774,2.3752546317323304,2.260416666666667,1.9595833333333323,2.0857344671473617,1.9597070153280447,2.4400035161765854,2.400556580655821,2.77125,2.78,2.8265220854326785,2.7979343806099646,3.1583845367474153,3.099945707973142,3.5979166666666664,3.5841666666666647,3.7118664487195585,3.6359649534211806,3.898115572575582,4.265700818341772,3.2456386408730156,3.273143601190476,3.202032704793352,2.9825857499292976,3.227781094915818,3.31995102337487,11.474375,11.680000000000003,11.133059405780322,10.536479729876598,11.560693133032181,11.64069470824545,1.74125,1.4787499999999998,1.5704391642285769,1.5277170804399534,1.7632383410194685,1.8756230449876854,2.589375,2.3224999999999993,2.3444298696847174,2.387484692318519,2.5787168251981654,2.5706922453523604
2001-05-31,PREMON,3.33,3.56,4.11,3.85,4.93,4.925714285714285,13.08,3.03,4.16,2.3575,2.3575,2.8064308606658184,2.614589612479482,3.597394606071021,3.864743022476436,2.245,2.17,2.6256065755732605,2.3746917177406863,2.7551264174777885,2.6357824520341997,2.23375,2.2395833333333326,2.8954406802884174,3.1486219554304435,3.7849758324338176,3.8236235905816955,2.5637499999999998,2.7924999999999995,3.235913251259607,3.0440112265706776,3.8237078832435962,3.9284924829750287,3.1254166666666663,3.6866666666666648,4.199119869231735,4.225697211046083,4.873574338317767,4.6706560288682875,3.2633643353174597,3.2367150297619047,3.8915053371617256,4.090919614708761,4.9264995345832014,5.505347109659043,11.299375000000001,11.720000000000002,11.911835643468194,11.232923563327002,13.31197314308973,13.595693720868685,1.800625,1.6574999999999998,2.154263498537146,1.8492937540830963,2.7946840681578173,2.7854244810256454,2.5737499999999995,2.517499999999999,3.0706579218108305,2.8330395164685886,3.3729241265705365,3.3306004315054554
2001-08-31,MONSOON,1.082857142857143,1.185,0.89,1.21,1.02,1.9025,9.095,0.8799999999999999,1.45,2.3575,2.3575,2.1170013735423483,2.115123273283036,1.5958005994229314,1.5728058752168694,2.253125,2.2600000000000002,2.0493639453439565,2.1410471402568034,1.019043360851187,0.8798642570590277,2.165625,2.2812499999999996,2.0932644081730505,2.51075628582288,0.9811132191186802,0.9460639456374853,2.3625,2.75,2.425547950755764,2.638255519405699,1.8383508023462358,1.581625586555524,2.7095833333333332,3.5091666666666645,2.927471921539041,3.1032627116006863,2.1022227432264775,2.23597444752958,3.2479433283730152,3.254562251984127,3.0959032022970354,3.0879232124285836,2.317502446608917,1.995021100056529,10.958749999999998,11.228750000000002,10.785101386080918,10.544096203390685,10.783056285737583,11.675510698174884,1.7662499999999997,1.8249999999999997,1.6445580991222877,1.6430134955164826,0.562341328179105,0.5713416306908478,2.4725,2.661249999999999,2.422394753086498,2.591416961923235,1.0977475614157433,1.1844633732435415
2001-11-30,POMKH,2.2242857142857138,2.09,0.91,1.29,0.98,2.806666666666666,11.555,1.1949999999999998,1.65,2.3575,2.3575,2.1599151098396945,2.0660182062487387,2.316498916871038,2.2492681036731583,2.284375,2.2300000000000004,2.065618367206374,2.1448963231804496,2.3255120128595816,2.4200042468660645,2.075,2.1862499999999994,1.6199586449038303,1.916427855584693,1.7388054109774098,1.87362652415446,2.37125,2.3775,1.9713287704534583,2.286119710408551,2.3281309516646975,2.3466443233294916,2.71,2.7416666666666645,2.1484831529234243,2.1890967228034306,3.3181016356432567,3.3265747832109143,3.183144841269841,3.2721664186507935,2.9802085880448876,2.8463721634692707,2.8817784086715514,2.9368787935708967,10.558125,11.370000000000001,11.09306083164855,10.787778231842267,10.88574429694372,10.889787517614696,1.74125,1.7762499999999999,1.4647348594733725,1.5245578111931335,1.4403469715493369,1.673659111454664,2.41125,2.486249999999999,2.113436851851899,2.4006205014741155,2.466684192051166,2.4582572747793017
2002-02-28,POMRB,2.792857142857143,2.27,2.67,3.04,3.78,3.26,8.46,1.92,2.575,2.3575,2.3575,2.413091923046674,2.233590257912246,2.5440237112461865,2.6596113890690076,2.189375,2.27625,2.1473710203238245,2.1917616522230627,2.543834749857381,2.277170783650879,2.0050000000000003,2.1449999999999996,2.039975186942298,2.2376394282834102,2.3384439226104514,2.285362263603485,2.4662500000000005,2.3475,2.3987972622720752,2.386910496978981,2.6959439597883623,2.4742592309341167,2.8087500000000003,2.6774999999999975,2.8010898917540548,2.5974336663111215,3.9187854770939134,3.3208871276160705,3.3478125,3.2237202380952388,3.0921251528269327,2.969878375165822,3.1431699873367323,3.377693499361035,10.989374999999999,10.547500000000001,10.03983649898913,10.04413125541017,11.80442770246659,11.834245368341177,1.684375,1.7562499999999996,1.6468409156840234,1.5888327087385075,1.9046047622061386,1.8528735986380094,2.413125,2.458749999999999,2.2980621111111392,2.439459216722733,2.6566457339658722,2.422437376281869
2002-05-31,PREMON,3.33,3.625,3.5500000000000003,4.04,5.19,4.601111111111111,13.165,2.91,3.78,2.3575,2.3575,2.779855153828004,2.585362504846182,3.447753000780277,3.528124942125898,2.1025,2.2925,2.738422612194295,2.590021887189389,3.0845468735396913,2.9574666982709608,2.02875,2.005,2.643985112165379,2.9629095864057584,3.643463737191484,3.7841940402154832,2.74125,2.395,3.055278357363245,2.7379772574845953,3.457911340135725,3.814248550910979,3.1193750000000002,2.742499999999998,3.756653935052433,3.6249093755581048,4.8942442425710775,4.928345926018409,3.6379166666666665,3.1425694444444456,3.6957195361406043,3.9454952151399656,4.806649901832079,5.31537080039654,11.521249999999998,10.568750000000001,11.289901899393477,10.913224836865178,11.869614063162068,11.55349541204334,1.621875,1.7262499999999998,2.152104549410414,1.8950131555893057,2.8785662969887067,2.955289862456705,2.53625,2.3637499999999987,2.8908372666666837,2.77076023308333,3.5706450108762886,3.5622966874143134
2002-08-31,MONSOON,1.082857142857143,0.36,0.89,1.78,1.55,3.5444444444444447,12.46,0.5449999999999999,1.845,2.3575,2.3575,2.1010559494396595,2.1384390608732287,1.4207252069233196,1.2343958204472014,1.98625,2.0862499999999997,1.787053567316577,2.1185776655238318,1.1534810103270121,1.0778941325983282,2.0615,2.005,1.9423910672992275,2.2579745483240408,0.5760523913522295,0.6409115515993571,2.9420833333333336,2.5374999999999996,2.545167014417947,2.5250785392823265,1.629411896872139,1.2810533525606451,3.3737500000000002,2.8749999999999982,2.8739923610314597,2.971286862922601,2.1228926477084897,2.0406204443275224,3.760138888888889,3.5530555555555567,3.6352094994621407,4.001451988928242,2.131563467433444,1.8347760618018472,12.17625,11.410000000000002,11.757941139636088,11.315610965871324,9.987301659254008,9.83962128525765,1.60125,1.6424999999999998,1.5092627296462484,1.6184146599505327,0.5932796407905376,0.6728065156850851,2.6375,2.462499999999999,2.4725023600000102,2.611794559167067,1.1318003589933263,1.17377459171921
2002-11-30,POMKH,2.2242857142857138,2.22,1.1,2.92,2.935,3.4855555555555564,12.445,1.03,2.24,2.3575,2.3575,2.1503478553780813,2.124292051636637,2.250673097031251,2.213830634859505,1.8631250000000001,2.11875,1.9602321403899463,2.1424821015302458,2.2102244607060646,2.174988909176295,2.1405,2.0524999999999998,1.6054346403795363,1.7528342250122475,1.58883742217179,1.7138975573380026,2.7716666666666665,2.9449999999999994,2.695100208650768,2.600890726586157,2.3390252173312964,2.237912173995314,3.485,3.3637499999999982,2.898395416618876,2.957827899663455,3.3387715406119813,3.0924073786466173,3.9307986111111117,3.7227777777777793,3.575347921899507,3.9178602247248553,3.2858346973530885,3.645045019317641,12.65765625,11.632500000000002,12.032764683781654,11.594149808214068,12.0050687485524,12.23879152504447,1.6087500000000001,1.6012499999999998,1.3175576377877491,1.4723307332293334,1.3762588196256673,1.3695236374845208,2.674375,2.609999999999999,2.3795014160000063,2.548356401896946,2.2998316396433633,2.286497512117028
2003-02-28,POMRB,2.792857142857143,1.21,2.742,3.016666666666667,3.86,3.5588888888888888,12.81,1.92,2.795,2.3575,2.3575,2.407351570369706,2.3153834672037097,2.555137794691862,2.711804284972615,1.9368750000000001,1.8537499999999998,1.6601392842339677,1.9109046105013086,2.4587278710383234,2.065305304804088,2.2105,2.0704999999999996,2.060060784227722,2.1157076338448384,2.402575628203877,2.4474870397229234,2.486666666666667,2.939166666666666,2.8237267918571276,2.698196275517239,3.1637843935087893,3.160373167674489,3.63625,3.3837499999999987,3.2830372499713256,3.3390995040251212,3.9394553839110724,3.981252966961008,3.960208333333334,3.7975000000000017,3.56876430869526,3.8363778510228657,3.635935397997421,3.657999579298542,12.4690625,12.720000000000002,12.343658810268993,11.898088170240648,12.833219171638149,11.671846098790752,1.658125,1.6012499999999998,1.5585345826726495,1.54928543600418,1.814311930975009,1.8009648702779217,2.626875,2.664999999999999,2.5457008496000038,2.618623610254915,2.7390141597823123,2.613657165284571
2003-05-31,PREMON,3.33,3.7,4.11,2.7,6.0,5.6675,12.66625,2.97,3.855,2.3575,2.3575,2.7764109422218235,2.682846349048967,3.3851745119712984,3.3949243549069883,2.1475,1.8724999999999996,2.4760835705403808,2.339309315648871,3.037575763413718,3.173959139447515,2.18675,2.2104999999999997,2.8800364705366333,3.1567803800524907,3.7125506135269717,3.7888630830112926,2.3066666666666666,2.604166666666666,2.7742360751142767,2.7121839071816813,3.787132061805198,3.856261756592397,3.779375,3.586249999999999,4.369822349982796,4.645596987991751,4.9149141494449315,4.798614139710602,3.7763194444444443,4.064097222222225,4.4082585852171565,5.089670553811264,5.236836797395174,5.335590441848002,11.988437499999998,12.595312500000002,12.472695286161397,12.06938651942026,14.480914957348102,14.602467963610104,1.7103125000000001,1.61625,2.12312074960359,1.8832463746046302,2.811720610322481,2.9272187818708906,2.6075,2.6837499999999994,3.0694205097600022,2.942845184703304,3.7314434525020115,3.676526342558662
2003-08-31,MONSOON,1.082857142857143,0.875,0.89,0.84,1.95,2.7133333333333334,11.45,0.8799999999999999,1.39,2.3575,2.3575,2.098989422475951,2.236043924627895,1.3244671947216484,1.128676772373363,2.444375,2.0012499999999998,1.8356501423242284,2.0193608706824597,0.8075066325796794,0.5570192010298776,2.163,2.2104999999999997,2.08402188232198,2.4312989105330427,0.9542988157552483,0.9728311366582745,2.2445833333333334,2.369166666666666,2.000541645068566,2.280731096251129,1.4875429322988873,1.108488044222414,3.8837499999999996,3.6862499999999985,3.401893409989677,3.9735703599999797,2.143562555336623,2.289531716692246,3.657152777777778,3.8563194444444475,3.7302884844636273,4.143249547138388,2.767100529621845,2.5775674148406655,11.4340625,12.342812500000003,12.063617171696837,11.830166598718346,11.197885949500149,12.212096724325859,1.720625,1.7,1.625872449762154,1.6950896663224944,0.5593731045605517,0.6070957689437998,2.586875,2.5699999999999994,2.3976523058560013,2.6474243014764984,1.3879109520024675,1.4084585757327936
2003-11-30,POMKH,2.2242857142857138,3.39,0.91,2.42,3.68,2.8455555555555563,9.61,1.1124999999999998,2.54,2.3575,2.3575,2.149107939199856,2.214768264385723,2.2302293929730563,2.2089981806760175,2.5512500000000005,2.2937499999999997,2.457390085394537,2.3636825291971064,2.1941388259231673,2.350211966925461,2.12925,2.163,1.614413129393188,1.805288946545027,1.7288777609252974,1.626227101275014,2.3962499999999998,2.244166666666666,2.1683249870411396,2.261001247003167,1.9719066532301577,2.0687321169195636,3.7650000000000006,3.8724999999999983,3.5131360459938064,4.034221219870492,3.3594414486026,3.0960828506880103,3.5359375,3.6963194444444474,3.3763953129003985,3.4421096477328734,3.447974238250771,3.249443833886115,11.17078125,11.634062500000002,11.082170303018101,11.118015589374709,12.184434681143351,12.381505520469997,1.713125,1.7206249999999998,1.4205234698572924,1.568245157324278,1.4381495328870173,1.4391272644916415,2.510625,2.644999999999999,2.454591383513601,2.6361104310330945,2.3044396956552466,2.1479449574379412
2004-02-29,POMRB,2.792857142857143,2.415,2.742,3.02,3.95,3.245555555555556,11.21,1.92,2.33,2.3575,2.3575,2.4066076206627707,2.3948501972721252,2.589636839248101,2.7499379763314793,2.5993749999999998,2.5949999999999998,2.440434051236722,2.434200843355573,2.3322871312902027,2.0584808337928737,2.0879999999999996,2.1629999999999994,2.0654478776359126,2.148774754183712,2.3347683518952227,2.3891610486679022,2.56875,2.244999999999999,2.508994992224684,2.3962688993337484,2.7591638542891874,2.800741440460434,3.575,3.8949999999999987,3.687881627596284,4.157318338943701,3.960125292593857,4.198784868380233,3.4789409722222224,3.617986111111114,3.3240594099624614,3.182280080450735,3.539164262651927,3.3590265256090603,10.824375,11.234062500000002,11.133302181810862,11.09099866776324,11.570396240225033,11.348741029192187,1.6754166666666668,1.7206249999999996,1.6203140819143753,1.641004086766848,1.8815544415536125,1.8614847276058664,2.4916666666666663,2.528749999999999,2.4047548301081605,2.5730046015122165,2.804892574541497,2.7397173026053654
2004-05-31,PREMON,3.33,3.35,3.84,3.91,4.96,5.011111111111111,12.16,2.91,3.71,2.3575,2.3575,2.7759645723976627,2.7488345470866915,3.3569016435109607,3.3490755649299966,2.521875,2.5074999999999994,2.8042604307420333,2.7379715630785846,3.581045228386687,3.8142936774599523,2.180083333333333,2.0954999999999995,2.7752687265815474,3.0216600793726425,3.6874459374900836,3.8290013883297154,2.5612500000000002,2.5474999999999994,3.0693969953348104,2.750386303159501,3.4976448056236036,3.4300751501557185,3.4337500000000003,3.634999999999999,4.19672897655777,4.663647888731496,4.935584058193968,4.9133010626882525,3.627881944444445,3.4538888888888915,3.9988800904219213,4.125443691773841,5.070164775426081,5.241861686576601,10.565,11.107500000000003,11.543981309086519,11.35321416372759,12.991224580519958,12.339835915767605,1.6348958333333334,1.7056249999999995,2.136188449148625,1.9543070655418902,2.861501658634107,2.9468993722212167,2.357083333333333,2.492499999999999,2.9268528980648965,2.846891458366104,3.745228981012123,3.6029816125649123
2004-08-31,MONSOON,1.082857142857143,1.61,0.8299999999999998,1.01,1.47,2.91375,9.185,0.6383333333333333,1.3833333333333335,2.3575,2.3575,2.0987216005814546,2.28703419559027,1.2639078666310828,1.0952687298145019,2.3425000000000002,2.6912499999999993,2.32655625844522,2.5585453312979025,1.0656276852883713,0.8052130799371067,2.2796666666666665,2.0804999999999993,1.9971612359489286,2.2766073026095652,0.7749678132387818,0.8195704539145492,2.5287499999999996,2.5899999999999994,2.2456381972008863,2.380184221077235,1.6212429585837298,1.3849539059718952,3.3400000000000003,3.514999999999999,3.106037385934662,3.6007422421808335,2.1642324630720893,1.915341859193474,3.7953621031746034,3.5039930555555583,3.5648280542531525,3.577125889907429,2.442360093454155,2.3045424728698847,10.56875,10.541250000000005,10.600388785451912,10.657781557000375,10.099519873886203,10.66020161415515,1.6311458333333335,1.645208333333333,1.5370464028225084,1.7011614722271593,0.580646329243732,0.693192056358434,2.2470833333333333,2.490833333333332,2.309445072172271,2.5445938950329543,1.3563007586716227,1.3638344099267867
2004-11-30,POMKH,2.2242857142857138,2.035,1.7066666666666663,2.19,3.03,3.836666666666667,9.8,1.03,1.47,2.3575,2.3575,2.1489472460631585,2.2512104162940663,2.2251682494039224,2.2131944045407326,2.28375,2.352499999999999,2.209933755067132,2.4824355451349573,2.798198672883706,2.686481843028991,2.2796666666666665,2.279666666666666,1.8809634082360236,2.030791416865854,1.624697160802776,1.505017826886782,2.5425,2.5324999999999993,2.2233829183205316,2.315444380348626,2.11585130625338,2.0731632068304,3.27625,3.352499999999999,3.075622431560797,3.3163508104864188,3.3801113558596296,3.124987321560023,3.85812003968254,3.751770833333336,3.673563499218558,3.694443117873365,3.2927414421688397,3.2819127482837356,10.561250000000001,10.588750000000005,10.280233271271147,10.35121761276714,10.477989163764263,9.86050987394008,1.6412797619047619,1.624583333333333,1.334227841693505,1.5509725484824342,1.3911428114341464,1.301819327953716,2.4008333333333334,2.223333333333332,1.9736670433033625,2.2817900763638863,2.3250770244080656,2.2646163672309836
2005-02-28,POMRB,2.792857142857143,2.335,2.742,2.99,3.85,3.5942857142857148,11.05,1.9725,2.52,2.3575,2.3575,2.4065112047807524,2.4176959427989866,2.6263980898363135,2.771352205353855,2.1400000000000006,2.3324999999999996,2.259960253040279,2.479006818677988,2.3563702154315114,2.1864108462679868,2.2796666666666665,2.2796666666666656,2.225378044941614,2.3198543514109216,2.7979091787806554,2.8501169567364917,2.76,2.5249999999999995,2.530029750992319,2.452489513312644,2.797573351312194,2.875329613390126,3.3162499999999997,3.3274999999999997,3.385373458936478,3.4329731235711454,3.980795199209998,3.9690517785690203,3.8532068452380956,3.8389533730158756,3.6418523852454205,3.642642042221983,3.7539427440127286,3.782563085551284,10.405000000000001,10.548750000000004,10.588139962762689,10.505672935484029,10.683471577154664,10.468003510848492,1.6448511904761904,1.6377083333333329,1.5895367050161031,1.6344848959308254,1.8253308640498802,1.8306027734830403,2.3829166666666666,2.2708333333333317,2.1922002259820177,2.290433861062914,2.539789370712761,2.327355760467591
2005-05-31,PREMON,3.33,2.96,3.84,4.05,4.55,5.164444444444445,12.26,2.9385714285714286,4.75,2.3575,2.3575,2.7759067228684513,2.7589786397143152,3.342876579810465,3.33460270771286,1.955625,2.235,2.5399761518241672,2.6317693530293407,3.5135085169968447,3.2627322877824105,2.2796666666666665,2.2796666666666656,2.8712268269649686,3.1299087373659504,3.8589172168034644,3.8302205516910486,2.8575,2.5599999999999996,3.138017850595391,2.8491865628875046,3.516747683654546,3.5070373034191737,3.3099999999999996,3.2249999999999996,3.8512240753618867,3.8503493792987618,4.956253964694797,4.950711706905598,3.808015873015873,3.8772867063492087,4.250889208925031,4.588522119356012,5.32817952380979,5.366049216264531,10.2725,10.573750000000004,11.256883977657612,10.97231463325606,12.402334807314912,12.027603900759132,1.7004761904761905,1.64485119047619,2.1291505944382334,1.9529057092888829,2.8335113019127194,2.9477981701523266,2.2906249999999995,2.530833333333332,3.2153201355892107,2.8516915632179622,3.6294961448988206,3.673174299214985
2005-08-31,MONSOON,1.082857142857143,0.85,0.8299999999999998,2.61,2.2,2.721111111111111,7.835000000000001,0.6383333333333333,0.2,2.3575,2.3575,2.098686890863928,2.2881688966313125,1.2217656172204991,1.0853313494638697,1.8143749999999998,2.045,1.8639856910945003,2.2326355815547214,1.1315632494253105,1.1306268274511269,2.2796666666666665,2.2796666666666656,2.054736096178981,2.333641409248419,0.8384526064612641,0.8207245890281435,2.6112499999999996,2.9599999999999995,2.9268107103572345,2.8664893558155313,1.6744655827450399,1.3911783530311985,3.16,3.4074999999999993,3.1907344452171325,3.241292480423667,2.1849023691613736,1.7137959597406893,3.872202380952382,3.8291269841269866,3.6389779697994626,3.77921465241054,2.6665862869116164,2.452103215530354,10.213125,10.236250000000004,9.888130386594568,9.99180724112593,9.802520318435851,10.011850042019885,1.7561011904761905,1.64485119047619,1.5328236899962735,1.698424642634133,0.5673438756317599,0.6442200952362034,2.319375,2.2349999999999985,2.0091920813535262,2.2932899527292636,1.3980338985358773,1.6333906131208622
2005-11-30,POMKH,2.2242857142857138,1.32,1.7066666666666663,1.37,2.25,3.6677777777777787,10.09,1.475,1.915,2.3575,2.3575,2.1489264202326424,2.245831061946457,2.2248244124168766,2.2177033264387522,1.7912500000000002,1.86625,1.6463914146567002,1.982203843674097,2.4194268900356666,2.277950271305984,2.2796666666666665,2.2796666666666656,1.915508324374055,2.0500383922525787,1.648201499173766,1.5274172221047015,2.42625,2.7549999999999994,2.304086426214341,2.569125706741247,2.6056074931937783,2.7591128842119956,3.0949999999999998,3.2124999999999995,2.8144406671302793,2.7639942793621834,3.400781262626745,3.402139573672366,4.0465277777777775,3.786904761904765,3.650497892990789,3.690295714842067,3.3824139640266733,3.2674192523604537,10.100000000000001,10.308750000000003,9.96887823195674,9.969937986334351,9.661456099997725,9.520330622810393,1.7561011904761905,1.7561011904761898,1.509694213997764,1.6519431164926495,1.3812947244937424,1.2752347809345863,2.223125,2.346249999999998,1.9715152488121157,2.1754499532676492,2.0281544437953234,1.7009032823826769
2006-02-28,POMRB,2.792857142857143,1.92,2.742,1.84,3.43,4.276666666666666,10.285,1.9725,2.305,2.3575,2.3575,2.4064987092824426,2.407583797704075,2.658952114464417,2.7824230026791295,1.8337500000000002,1.7625,1.75583484879402,1.9101896097750555,2.1008419228533812,1.9532687491305003,2.2796666666666665,2.2796666666666656,2.246104994624433,2.309944405742111,2.8066113245070325,2.838277193161321,2.3024999999999998,2.4674999999999994,2.1184518557286047,2.398261968429615,2.9176884098296827,2.5547741255486343,3.05125,3.1074999999999995,3.0606644002781676,2.8749305036632777,4.001465105211999,3.6041177885705786,4.258749999999999,3.957500000000003,3.9009654024611398,4.00254685533276,3.760158078785027,3.6820495220064564,9.785625,10.117500000000003,10.095326939174043,10.012411682351143,10.350145101584669,10.38496722953941,1.7561011904761905,1.7561011904761896,1.6948165283986585,1.7265734211678367,1.9335972354807769,2.028841468621876,2.303125,2.292499999999998,2.10490914928727,2.1643761945130264,2.511319341255668,2.494245875191015
2006-05-31,PREMON,3.33,3.1900000000000004,3.84,3.72,4.45,5.876666666666666,12.12,2.9385714285714286,4.195,2.3575,2.3575,2.7758992255694657,2.7454244145212963,3.3352589344324293,3.330538317701928,1.8718750000000002,1.82,2.3295009092764123,2.177192837135942,3.10532649745342,2.9517410171304275,2.2796666666666665,2.2796666666666656,2.8836629967746594,3.0948767672704345,3.862139062020453,3.8311963532934437,2.1975000000000002,2.385,2.7590711134371633,2.6975438634752953,3.278409185581017,3.4705553528893747,3.1074999999999995,3.0824999999999996,3.6163986401669006,3.4377298594398282,4.976923870275696,4.881037975314634,4.555815972222223,4.135555555555558,4.691245908143351,5.275552994551491,5.552644288227854,5.644274717111586,9.35625,10.082500000000003,10.905196163504426,10.585204790184148,11.843772227937317,11.685391099011653,1.7561011904761905,1.7561011904761896,2.1923184884677664,2.034754016086059,2.9136631793337116,2.949160547378739,2.6350000000000002,2.1537499999999983,2.940945489572362,2.620826191144477,3.817690346220736,3.9499267342312803
2006-08-31,MONSOON,1.082857142857143,0.96,0.8299999999999998,1.95,1.95,3.7066666666666666,5.46,0.6383333333333333,1.395,2.3575,2.3575,2.0986823924845366,2.2737984610449633,1.190574075506506,1.0827859751738222,1.896875,1.8475000000000001,1.7817005455658474,1.8712546301206305,0.8906600743506099,1.0425576914732395,2.2796666666666665,2.2796666666666656,2.0621977980647954,2.291000147156877,0.8396454486518574,0.8216486016509722,2.3037500000000004,2.2199999999999998,2.435442668062298,2.549166907394217,1.4102582540012523,1.4461106424449284,3.2975000000000003,3.0199999999999996,2.9498391841001403,2.8949159325402922,2.2055722746269613,1.7439659519904407,4.726175595238096,4.381944444444447,4.297414211552677,4.813144822960369,3.0484870170267784,2.801552235800715,9.116875,9.488750000000003,8.727117698102656,9.01871311038983,9.413235408731902,9.24195893702466,1.7561011904761905,1.7561011904761896,1.5707244264139932,1.7683207024724195,0.6266820003805014,0.6410530289331249,2.966875,2.4524999999999983,2.3225672937434174,2.3785126969863177,1.0054808428372397,1.0321495266341016
2006-11-30,POMKH,2.2242857142857138,1.515,1.7066666666666663,1.19,2.95,5.058750000000002,9.03,1.475,3.375,2.3575,2.3575,2.1489237212050076,2.231964366727877,2.225556888437459,2.2207359105412725,1.7225000000000001,1.8962500000000002,1.6750203273395083,1.7350269805440575,2.03947515969733,1.9910680272024153,2.2796666666666665,2.2796666666666656,1.9199853455055438,2.009192332469796,1.6486431319600452,1.5453374675601697,2.42125,2.175,1.9372656008373788,2.227916484363285,2.229699031746838,2.1113389690636604,3.39125,3.1949999999999994,2.9499035104600844,2.846064502756382,3.4214511678336814,3.1959972929754255,4.737767857142858,4.7296875000000025,4.601948526931607,5.174071521174319,3.9591594450919656,3.7527460007715296,8.80875,9.223750000000003,8.848270618861594,8.974012364425862,8.312812093590143,8.541838169998519,1.7561011904761905,1.7561011904761896,1.5324346558483959,1.709471172279695,1.4252239893169687,1.403139041044715,3.128125,2.817499999999998,2.7435403762460506,2.622851518324916,2.062206618651527,2.06704153239958
2007-02-28,POMRB,2.792857142857143,1.925,2.742,2.87,4.25,4.248571428571428,9.43,1.9725,3.5,2.3575,2.3575,2.4064970898658617,2.394963031075499,2.6859626407840382,2.7879057629139035,1.54625,1.8975000000000004,1.775012196403705,1.722838677740458,2.032456266268635,1.971292049740545,2.2796666666666665,2.2796666666666656,2.2487912073033263,2.2745427316318474,2.80677483273569,2.8287635362778762,2.2787499999999996,2.4325,2.310359360502427,2.3354532432267527,2.5970694942257686,2.2224724697925677,3.3075,3.3999999999999995,3.4699421062760507,3.3727214181770284,4.022135011068098,3.841190962351925,4.588705357142857,4.7226636904761925,4.460597687587535,4.87531186352615,4.599715683449807,4.36695758752786,9.19,9.010000000000002,9.080962371316957,9.061039496577294,9.08394631719741,9.091557644776755,1.7561011904761905,1.7561011904761896,1.7084607935090377,1.771823414040978,1.9661189964128534,1.9833156480567464,3.1087499999999997,3.116249999999998,3.04612422574763,2.8851823201348537,2.70388227071963,2.797541981637351
2007-05-31,PREMON,3.33,1.79,3.84,3.63,4.38,5.9975,10.51,2.9385714285714286,4.289999999999999,2.3575,2.3575,2.775898253919517,2.7345200216821013,3.3308306907128435,3.329657728438812,1.5550000000000002,1.5475000000000005,1.781007317842223,1.6888265732905943,3.1121171921025343,3.0691294362228128,2.2796666666666665,2.2796666666666656,2.885274724381996,3.0670949647516665,3.8621995986021793,3.831995059260467,2.2525,2.4099999999999997,2.838215616301456,2.6302224582518496,3.338963731893731,3.7556840212585803,3.13875,3.3824999999999994,3.8339652637656307,3.896990471959582,4.997593776895632,5.020134639041848,4.2243377976190475,4.752872023809526,5.075358612552521,5.671820473908575,6.112145153628858,5.657112050676912,9.90125,8.607500000000002,9.652577422790174,9.441708895540877,10.722588737313599,10.770972463291582,1.7561011904761905,1.7561011904761896,2.2005050475339942,2.0674635962048074,2.9377397246290644,2.948246026068756,2.9349999999999996,3.139999999999998,3.5436745354485777,3.327552804911969,4.25828775567947,4.318820905526372
2007-08-31,MONSOON,1.082857142857143,0.95,0.8299999999999998,0.9,1.35,2.393333333333333,10.12,0.6383333333333333,1.145,2.3575,2.3575,2.0986818094945674,2.2650535017795446,1.1667130624693378,1.0823758287971248,1.5599999999999998,1.5450000000000006,1.4486043907053339,1.4618737581615995,0.6682053749311239,0.774595751141181,2.2796666666666665,2.2796666666666656,2.0631648346291978,2.271786930177102,0.8396678614513391,0.822405106513656,2.2737499999999997,2.1475,2.0629293697808735,2.249321367759005,1.4283230965485578,1.3774324232077753,2.9425,3.2324999999999995,2.8403791582593785,3.0526137332365133,2.226242181160253,1.6812912561392994,4.145843253968254,4.424538690476193,4.002548500864846,4.084996663970549,3.4663969227984843,2.9591052836373155,10.127500000000001,9.7725,9.839546453674103,9.594000430590274,8.018711917922737,7.196726956526251,1.7561011904761905,1.7561011904761896,1.57563636185373,1.790184180983642,0.6445063744835817,0.6408069853381744,2.6368749999999994,3.077499999999998,2.584204721269147,2.9607318484256915,1.4054787439864935,1.1723984262128588
2007-11-30,POMKH,2.2242857142857138,1.595,1.7066666666666663,2.03,2.2,3.4571428571428577,10.06,1.475,2.2350000000000003,2.3575,2.3575,2.148923371411026,2.2254129789039636,2.2262350971368026,2.2224750986366035,1.89625,1.5650000000000006,1.5071626344232003,1.4262438753416726,1.7092770983568162,1.4311799714751727,2.2796666666666665,2.2796666666666656,1.920565567444185,1.9976248224376056,1.6486514299734083,1.5600000523926507,2.0774999999999997,2.3575,2.049757621868524,2.165495891686337,1.946333197665537,1.570522554123142,2.975,3.045,2.584227494955627,2.670788780149871,3.4421210737738646,2.9977599138060658,4.346750992063492,4.024136904761907,3.7843862433760505,3.537773376290919,3.8182671289566468,3.316053524728578,10.221875,10.030000000000001,9.92772787220446,9.683426957546384,9.727151971487444,10.028273817496508,1.7561011904761905,1.7561011904761896,1.535381817112238,1.7219466349335704,1.438419749275547,1.4092810396917395,2.5231250000000003,2.7924999999999978,2.4445228327614883,2.854655345860227,2.575306972675359,2.4139601878936836
2008-02-29,POMRB,2.792857142857143,1.885,2.742,2.2,3.43,5.222222222222221,10.21,1.9725,2.255,2.3575,2.3575,2.4064968799894726,2.39051603867424,2.7077699672898095,2.7905462231208196,2.163125,1.5550000000000008,1.6582975806539202,1.478542965817077,1.8676246383868014,2.0818447287539508,2.2796666666666665,2.2796666666666656,2.249139340466511,2.2695925320671733,2.806777904950997,2.8209538953412814,1.88875,2.1899999999999995,2.1098545731211145,2.134811402595384,2.6307414559488205,2.658898127132898,3.16,2.84,2.9225364969733763,2.8719875051460346,4.042804916271835,3.6920856860760374,4.460178571428572,4.267549603174605,4.359520634914519,4.2645385254672705,3.987340982587574,3.638915552474395,10.368749999999999,10.225000000000001,10.040636723322677,9.790793797940085,10.364768104885256,10.425918192822838,1.7561011904761905,1.7561011904761896,1.710229090267343,1.7760963599363473,1.975888095718966,1.982320410810555,2.61125,2.4812499999999975,2.368713699656893,2.749434013974639,2.901762904768298,2.72328430340742
2008-05-31,PREMON,3.33,4.52,3.84,2.73,5.46,6.631111111111113,10.485,2.9385714285714286,4.625,2.3575,2.3575,2.775898127993684,2.732076673470138,3.3281652029046427,3.329624886493883,2.045,2.2375000000000007,2.802978548392352,2.244799157150254,2.6772250660211374,2.6113047764498734,2.2796666666666665,2.2796666666666656,2.885483604279907,3.06839461803092,3.86220073604036,3.8326608763125143,1.675,1.9649999999999996,2.357912743872669,2.240830275373284,3.1740444591745387,3.2404269395577643,3.4375,3.1100000000000003,3.937521898184026,3.967522602408339,5.018263681296029,4.7462235500865795,4.396904761904762,4.425952380952384,5.268156825393157,5.802425629901024,6.011700001645532,6.127187459626576,10.521875000000001,10.218750000000002,10.218382033993606,9.947748092891617,11.808634597436162,11.648892377085454,1.7561011904761905,1.7561011904761896,2.2015660255889773,2.063960481077163,2.944971994813411,2.9474766173485976,2.6787500000000004,2.5649999999999977,3.2712282197941356,3.2254397004391717,4.115075017800827,3.978123189064915
2008-08-31,MONSOON,1.082857142857143,0.355,0.8299999999999998,0.29,1.75,2.667142857142857,11.32,0.6383333333333333,1.515,2.3575,2.3575,2.0986817339390673,2.2641084645423204,1.1481602965233022,1.0824713382943936,2.0531249999999996,2.088750000000001,1.823787129035411,1.8837235420147338,1.1238502397246295,1.2222373664139132,2.2796666666666665,2.2796666666666656,2.063290162567944,2.276164266187791,0.839668282565909,0.823035884360781,1.7149999999999999,1.8124999999999996,1.5307476463236012,1.771147652302573,1.0559483659004179,1.0352999048862646,3.75375,3.2100000000000004,3.0625131389104157,3.3178473897376883,2.24691208657294,2.0733160207701804,4.08359126984127,4.4944047619047645,4.227751238093036,4.470034417244717,3.602886859706539,3.1782517548642315,10.515625000000002,10.518750000000002,10.659029220396164,10.305235893311346,8.613656267708592,9.31295908437554,1.7561011904761905,1.7561011904761896,1.5762729486867197,1.7813317668839936,0.6498605765830712,0.6406014865947929,2.8225,2.657499999999998,2.5687369318764812,2.915233959286785,1.2605111751653566,1.2487005052323954
2008-11-30,POMKH,2.2242857142857138,1.245,1.7066666666666663,0.93,4.02,2.677142857142857,10.085,1.475,2.405,2.3575,2.3575,2.148923326077726,2.2256042772688187,2.2265945706496355,2.2233951684457756,1.881875,2.001250000000001,1.5922722774212466,1.757275301584106,1.901860244288252,2.075446437538405,2.2796666666666665,2.2796666666666656,1.9206407642074328,2.0031258406898425,1.6486515858793884,1.5722193137029492,1.83625,1.5374999999999996,1.2904485877941607,1.5057405422180483,1.506895548281119,1.222170691279623,3.66,3.665,3.445507883346249,3.6702490391979663,3.462790979549037,2.908775116532737,3.8107638888888893,4.299404761904764,3.6075078857129643,3.4415101808131388,3.9990804102732795,3.4504775605335,10.516874999999999,10.525000000000002,10.4294175322377,10.191316683651628,10.62337658559726,10.79048007522935,1.7561011904761905,1.7561011904761896,1.5357637692120318,1.7093640104831924,1.4423835779830418,1.4144570996522967,2.90125,2.6999999999999975,2.5032421591258887,2.8239319812268087,2.477865373361592,2.442325328916267
2009-02-28,POMRB,2.792857142857143,2.3,2.742,3.62,4.14,3.4957142857142856,10.135,1.9725,3.235,2.3575,2.3575,2.406496852789493,2.3915776229139483,2.7251602359116047,2.7917924720741247,1.8125,2.105000000000001,1.8753633664527478,1.9058493572347686,2.004643198163578,1.583492463663581,2.2796666666666665,2.2796666666666656,2.24918445852446,2.2753392285515748,2.806777962667282,2.814429347459535,1.8699999999999999,1.8924999999999998,2.2222691526764966,1.9199934607277185,2.004879023734028,1.9530285661821891,3.75375,3.8425000000000002,3.723304730007749,4.010098437969582,4.063474823766436,4.268852304661554,3.792107142857143,3.86777777777778,3.5627904457134925,3.2181429102937313,3.858027654203261,3.4602349859179067,10.356875,10.506250000000001,10.31165051934262,10.126208561065365,10.874923008077767,10.780369457124339,1.7561011904761905,1.7561011904761896,1.710458261527219,1.7608947363187815,1.9788226016770325,1.981489918213498,2.8575,2.9449999999999976,2.7959452954755335,2.9337112439158104,2.7732369410782236,2.6081746360912814
2009-05-31,PREMON,3.33,2.735,3.84,2.28,4.0,6.1750000000000025,10.57,2.9385714285714286,4.275,2.3575,2.3575,2.775898111673696,2.7338139759493614,3.3265609484318843,3.3297483021500214,2.086875,1.6587500000000008,2.219218019871649,2.1594039799224123,3.2947492790645296,3.309938161408859,2.2796666666666665,2.2796666666666656,2.885510675114676,3.0739055813346012,3.862200757403312,3.8332244266083473,2.08,1.7799999999999998,2.245361491605898,1.9952749502508966,3.1255680363480707,3.4976414794881316,4.092499999999999,3.4775,3.8339828380046495,4.206804114083142,5.03893358944935,4.8499569358092245,4.094154761904763,3.753750000000003,4.607674267428097,4.821307882133966,5.366852012519434,5.4094108603093405,10.208125,10.527500000000002,10.414990311605573,10.209296429781116,12.053655206100746,11.554511603804915,1.7561011904761905,1.7561011904761896,2.201703528344903,2.0466401950523294,2.947144471443979,2.9468203128331525,2.8312500000000003,2.857499999999998,3.3875671772853204,3.290752772983937,4.368429982485347,4.420312232903641
2009-08-31,MONSOON,1.082857142857143,1.585,0.8299999999999998,1.01,3.96,2.974,9.955,0.6383333333333333,1.515,2.3575,2.3575,2.0986817241470748,2.2660969634656865,1.1336252220979421,1.0826203804309584,2.170625,1.9662500000000005,1.9655308119229895,2.0909360087110036,0.7324299221724517,0.8132940318735902,2.2796666666666665,2.2796666666666656,2.0633064050688055,2.280648752337367,0.8396682904695596,0.8235698837097223,2.0124999999999997,1.9599999999999997,1.7512168949635387,1.7629856465781064,0.8941534265094925,0.3318467724752119,4.29875,4.03,3.88438970280279,4.309483583346749,2.2675819933113415,1.5475989179944323,4.4265952380952385,3.8304642857142888,3.9542045604568585,4.071282088057609,3.0189584365125026,2.920818766014991,10.276875,10.186250000000001,10.230994186963343,10.08592713587212,8.784803121013132,9.756187198163305,1.7561011904761905,1.7561011904761896,1.5763554503402752,1.7635053999312928,0.6514689068357482,0.6404273057791273,2.705625,2.857499999999998,2.638540306371192,2.953590343763854,1.3847464223851296,1.2442322829670065
2009-11-30,POMKH,2.2242857142857138,2.21,1.7066666666666663,1.89,4.52,4.786666666666667,10.26,1.475,2.195,2.3575,2.3575,2.14892332020253,2.227621859116531,2.2266461262770254,2.2238587618256256,2.16125,2.2075000000000005,2.0633184871537935,2.175934135842918,1.7971847647022323,1.4606354169447153,2.2796666666666665,2.2796666666666656,1.9206505097079498,2.0063795956077466,1.6486515887999242,1.582559034821387,1.80125,2.1999999999999997,1.8067301369781232,1.7602316393291324,1.5939619463611505,1.5819575268857866,4.63375,4.155,4.138633821681674,4.589639015215765,3.4834608883795495,3.908788045036681,4.4269702380952385,4.3578452380952415,4.287189402940782,4.539692292099529,3.7026753935499364,3.505054439164343,10.409374999999999,10.23,10.242596512178006,10.08960790340289,10.068160455960296,10.026417405623071,1.7561011904761905,1.7561011904761896,1.5358132702041651,1.6919526856204643,1.4435742587856648,1.4188786528399897,2.629375,2.8049999999999984,2.461124183822715,2.7897804441277474,2.517693709137924,2.421886475901972
2010-02-28,POMRB,2.792857142857143,2.005,2.742,2.12,5.29,4.045714285714285,10.51,1.9725,2.44,2.3575,2.3575,2.406496849264375,2.393493890304205,2.738946879517777,2.7923717159843537,2.1056250000000003,2.13375,2.039991092292276,2.192896487885224,2.298896177552453,2.435353182031869,2.2796666666666665,2.2796666666666656,2.2491903058247695,2.2773849066174616,2.8067779637428916,2.80889760147937,1.72875,1.8249999999999995,1.932038082186874,1.818675988983426,2.3383059008795133,2.432384042617099,4.61,4.4425,4.599180293009004,5.122497793258197,4.084144733054993,4.125582298654151,4.4247023809523816,4.495345238095242,4.190599356050184,4.410579294249903,4.338196572116262,4.40242540811213,10.604375000000001,10.32375,10.349557907306803,10.166316170031664,10.638680625904723,10.400515453555506,1.7561011904761905,1.7561011904761896,1.710487962122499,1.7444435176413797,1.979704087773024,1.9807867945178894,2.6806249999999996,2.6062499999999984,2.4526745102936287,2.694390020523603,2.89436646077714,2.7465074218568377
2010-05-31,PREMON,3.33,2.955,3.84,2.09,5.53,5.627999999999999,11.255,2.9385714285714286,4.46,2.438214285714286,2.3575,2.775898109558625,2.735543671301528,3.3256317312124932,3.3298559773012397,1.8549999999999998,2.18875,2.4059946553753657,2.4487133952277853,3.290302559517061,3.2663244158844194,2.2796666666666665,2.2796666666666656,2.8855141834948617,3.0747180601685375,3.8622007577958635,3.833707594016749,1.5574999999999999,1.7774999999999994,1.9952228493121242,1.870241101562999,2.941562748236535,2.740315073465148,4.26125,4.825,4.971508175805402,5.63576413312496,5.059603499817088,5.193413471978131,4.45822619047619,4.358595238095241,4.76555961363011,5.258127280495676,5.869560665495968,5.732014652542139,10.68875,10.495000000000001,10.711734744384081,10.440821202426308,12.092071318782141,11.514135414977101,1.7561011904761905,1.7561011904761896,2.201721348702071,2.031428420039841,2.9477970541854877,2.946253871073094,2.7043749999999998,2.6524999999999985,3.255604706176177,3.0967565764387683,4.258289851500867,4.15641039911755
2010-08-31,MONSOON,1.082857142857143,0.92,0.8299999999999998,0.62,2.24,3.502857142857143,10.83,0.6383333333333333,1.74,2.606071428571429,2.3575,2.098681722878032,2.267537964186842,1.1222002293091373,1.0827272990300059,1.5881250000000002,2.0225,1.8115967932252195,2.151840646397061,1.101255175221679,0.916821612879072,2.2796666666666665,2.2796666666666656,2.063308510096917,2.280677648188493,0.8396682906092177,0.8240277971163147,1.30625,1.6799999999999995,1.4451337095872745,1.5716080297600228,0.7084563028495935,0.5306134989970663,3.9262500000000005,4.395,3.8789049054832416,4.603345578690013,2.2882519051213874,2.13742863236572,4.509678571428571,4.490809523809526,4.260478625320923,4.540881529991598,3.18284726654723,2.682148321573886,10.657500000000002,10.713750000000001,10.759040846630448,10.50820225649179,9.124505055713286,9.761117084226955,1.7561011904761905,1.7561011904761896,1.5763661425545759,1.750051773201549,0.6519520275974335,0.6402778104877784,2.65125,2.7087499999999984,2.6493628237057063,2.822372739958589,1.3585445859224141,1.3771845076446698
2010-11-30,POMKH,2.87,0.87,1.7066666666666663,0.91,3.45,4.526,10.06,1.475,2.16,2.6932142857142853,2.518928571428572,2.4072090337268195,2.4492208465145873,2.2264697312912243,2.2240848655481074,1.570625,1.6874999999999998,1.4349580759351317,1.853795736928939,1.8952132520956577,1.7183503947387395,2.2796666666666665,2.2796666666666656,1.9206517727248167,2.0059573221551052,1.6486515888459528,1.5914219278377648,1.18625,1.4349999999999996,1.2310802257523648,1.3729453589287248,1.350606193929656,1.269924259539028,3.7200000000000006,4.1274999999999995,3.7073429432899454,4.16937997743987,3.5041307985262202,3.274253101226908,4.491776785714285,4.42564285714286,4.366687175192554,4.553858691490482,3.9843669099077665,3.8713745568816353,10.595625,10.663750000000002,10.479424507978269,10.327911308308433,10.66710403835635,10.783953952760621,1.7561011904761905,1.7561011904761896,1.5358196855327455,1.6804553041441972,1.4439319232785766,1.422699607925735,2.6125,2.6999999999999984,2.453617694223424,2.6616144418210235,2.4275512736242497,2.398360016903239
2011-02-28,POMRB,3.49,1.21,2.742,1.09,3.68,4.718,10.46,1.9725,2.05,2.666607142857143,2.6932142857142862,2.8403254202360917,2.8351732979754356,2.84858428917382,3.1928444034502226,1.6975,1.4887499999999998,1.344974845561079,1.6664762418703518,1.997559693647227,1.9270561359920833,2.2796666666666665,2.2796666666666656,2.24919106363489,2.2766833787547798,2.8067779637542545,2.8041485896800706,1.2075000000000002,1.1774999999999995,1.1746481354514189,1.2456620028811694,1.8870534317463714,1.942738426019348,3.7125,3.7249999999999996,3.6964057659739673,3.9025579568370223,4.104814642159427,4.1038186342528755,4.504732142857143,4.593714285714288,4.507212305115532,4.672255677034139,4.444828367783662,4.24876822444896,10.493750000000002,10.651250000000003,10.47165470478696,10.319685832895306,10.875460819738866,10.768936878014841,1.7561011904761905,1.7561011904761896,1.7104918113196472,1.7349573983143163,1.9799688743319066,1.9801840916015425,2.6525000000000003,2.6024999999999987,2.2921706165340545,2.4895979477494556,2.783402638917778,2.6306732872543814
2011-05-31,PREMON,3.33,3.61,3.84,2.16,5.49,4.8125,10.81,2.9385714285714286,4.54,2.58125,2.6932142857142862,3.0361952521416553,3.1227368899995276,3.515517350591539,3.5672237276596874,1.9125,1.6524999999999999,2.2509849073366475,2.1171408207024665,2.899917092257773,2.705535209388242,2.2796666666666665,2.2796666666666656,2.885514638180934,3.073824422953434,3.862200757794392,3.8341264337348138,1.2325,1.1949999999999996,1.5687888812708515,1.3940296809834165,2.3269753832276754,2.0038827937972785,3.79625,3.715,4.41384345958438,4.454338370269859,5.080273407363263,4.732291953375384,4.593249999999999,4.389839285714288,4.629327383069319,4.807191626724902,6.158771465333938,6.020118199542786,10.49125,10.540000000000003,10.606992822872176,10.417623338478316,12.195573350885816,11.743819814145048,1.7561011904761905,1.7561011904761896,2.20172365822036,2.0240139461731723,2.947993081257393,2.945760008922627,2.63,2.6224999999999987,3.191302369920433,2.9348556219554682,4.250536448757906,4.139292520693385
2011-08-31,MONSOON,0.87,1.2799999999999998,0.8299999999999998,0.72,2.22,4.421999999999999,10.46,0.6383333333333333,1.98,2.4606250000000003,2.64,2.169717151284993,2.5118930266185604,1.2747207041696216,1.0061522813882482,2.219375,1.7424999999999997,1.8625909444019881,1.9450136116234475,0.9152893388969012,0.9599305991280239,2.2796666666666665,2.2796666666666656,2.0633087829085603,2.279829016710267,0.8396682906029955,0.8244248090860535,1.3737499999999998,1.2199999999999995,1.2292733287625108,1.202403247618363,0.2870740920598054,0.3743755369066897,4.0,3.7099999999999995,3.5363060757506286,3.6020611774457203,2.3089218126095865,2.295398059699943,4.5024375,4.619625000000002,4.546396429841591,4.652463997622738,3.1154849196752754,2.400045318426737,10.559999999999999,10.447500000000003,10.548195693723304,10.383071445244008,8.96646628169139,9.80092432783586,1.7561011904761905,1.7561011904761896,1.5763675282655494,1.7445331495839447,0.6520971505710484,0.6401481127778996,2.8,2.6824999999999988,2.7067814219522597,2.7425455137409065,1.3995782197496331,1.5124054434897887
2011-11-30,POMKH,2.4,2.23,1.7066666666666663,1.01,4.14,4.315,10.41,1.475,1.74,2.4225000000000003,2.5225,2.2618302907709955,2.467700779372174,2.4573513827648115,2.2882881507705335,2.4506249999999996,2.0825,2.0095545666411927,2.0223077562434053,1.5952460926545298,1.702101936642351,2.2796666666666665,2.2796666666666656,1.9206519364118027,2.0052564913592676,1.6486515888379707,1.599103322611759,1.505,1.2449999999999994,1.1415639972575065,1.1048376265143325,1.076369162254725,0.903026104997191,4.1525,3.8824999999999994,3.777783645450377,3.6783094649940784,3.524800705975556,3.234065019800811,4.6584375,4.566875000000002,4.453837857904955,4.45952267643866,4.2354238859356315,4.3451654150659875,10.748750000000001,10.535000000000004,10.492917416233983,10.344147079327216,10.397541807462243,10.315188147447943,1.7561011904761905,1.7561011904761896,1.5358205169593298,1.676640862592569,1.4440393608827506,1.4260346704713502,3.01875,2.577499999999999,2.320068853171356,2.503871296796029,2.3568606940815817,2.375330115956858
2012-02-29,POMRB,2.995,2.305,2.742,2.12,4.62,4.2025,10.66,1.9725,3.83,2.431875,2.39875,2.5550981744625973,2.6342296172798974,2.9720141980530688,3.0021159306222645,2.5187500000000003,2.35625,2.1277327399847157,2.112790853142503,2.0205286648972223,1.866829580320875,2.2796666666666665,2.2796666666666656,2.2491911618470812,2.276158998666038,2.8067779637456214,2.8000274988482734,1.4878125,1.5024999999999995,1.532938398354504,1.2897618121419092,1.7184340715573765,1.645897960130243,4.1721875,4.1175,4.114670187270226,3.97598167313513,4.125484550248371,4.312025286234446,4.689401785714285,4.438000000000002,4.3533027147429735,4.258285480506986,4.5467448538700745,4.199493442133691,10.642734375,10.585000000000003,10.55975044974039,10.390915680300402,10.88362356348745,10.709653256139331,1.7561011904761905,1.7561011904761896,1.710492310175598,1.732676047301137,1.9800484126493592,1.9796619094908716,2.941666666666667,3.022499999999999,2.9240413119028137,2.7839044279985194,2.571045520614634,2.3296368520895157
2012-05-31,PREMON,3.52,4.365,3.84,2.18,5.77,6.575999999999999,12.12,2.9385714285714286,4.51,2.4762500000000003,2.44625,2.9410589046775586,2.9696817664533426,3.38208422514797,3.35565303578809,2.3875,2.5450000000000004,3.0226396439908294,2.7494638948416106,3.452447333598028,3.508369354821922,2.2796666666666665,2.2796666666666656,2.885514697108249,3.0734979280684316,3.8622007577855184,3.83449299182965,1.468125,1.5074999999999994,1.7917630390127024,1.4876601053024225,2.49663196880795,2.2847204018222937,4.003125,4.1875,4.776802112362136,4.747264275884225,5.100943316330713,5.026886238553487,4.2740535714285715,4.8788750000000025,5.242381628845784,5.616541477165299,6.061401278906583,5.670929044852195,10.221718749999999,10.912500000000001,11.183850269844234,10.856037461025819,12.289536419719203,11.668758190060146,1.7561011904761905,1.7561011904761896,2.2017239575339302,2.0232108765598924,2.948051965150457,2.9453256074794623,2.8270833333333334,3.014999999999999,3.5584247871416883,3.2234040376908277,4.502298897883543,4.705876992728067
2012-08-31,MONSOON,0.755,1.07,0.8299999999999998,0.5625,2.0975,2.9062142857142854,8.301874999999999,0.6383333333333333,1.393333333333333,2.596875,2.4175000000000004,2.066635342806535,2.3243126582756797,1.147599632136549,1.1747020948085782,2.22625,2.4925000000000006,2.2415837863944974,2.4774748780591325,1.4178066519261157,1.3855311925904592,2.2796666666666665,2.2796666666666656,2.0633088182649493,2.279660338832403,0.839668290594032,0.8247723147712477,1.413125,1.4681249999999995,1.3000578234076214,1.2841712988582255,0.4144943975480594,0.34993265178693056,3.7331250000000002,4.156875,3.705081267417281,3.8592820250841315,2.329591721824851,2.305393349113369,4.0101160714285715,4.499928571428574,4.307914691593185,4.391451567953696,3.6187573071281185,3.3839946634646187,9.93171875,10.37296875,10.03106016190654,10.053467521833703,9.633035718388408,10.43712076621225,1.7561011904761905,1.7561011904761896,1.5763677078536915,1.7448239265122811,0.6521407435578872,0.6400345321879422,2.544583333333333,2.868333333333332,2.692388205618346,2.878546332525802,1.6773748589556774,1.6525651851388292
2012-11-30,POMKH,2.87,1.39,1.7066666666666663,1.01,2.91,2.508,9.2,1.475,1.41,2.55875,2.5350000000000006,2.3879812056839214,2.4585191071313317,2.4001983772054984,2.34773743529555,2.101875,2.2825000000000006,1.9009502718366984,2.2798635074100377,2.0479989303074237,1.9444751618914495,2.2796666666666665,2.2796666666666656,1.920651957625636,2.0052020935580965,1.6486515888289743,1.6058247224280242,1.358125,1.4681249999999995,1.184034694044573,1.2023531931684077,1.1233788811923542,0.9613419520163888,3.5931249999999997,3.849375,3.3870487604503685,3.4267224157392606,3.545470615054009,3.2660420863190955,3.7897410714285713,4.048178571428574,3.5879488149559107,3.2624797069670595,4.086994578277817,3.6654249788347806,9.577343749999999,10.07046875,9.698636097143924,9.755210466042156,9.74821571007844,9.834978814619722,1.7561011904761905,1.7561011904761896,1.535820624712215,1.6777594249600039,1.444071633697091,1.428971079743373,2.290833333333333,2.785833333333332,2.1794329233710075,2.5509984064905753,2.2747197456472064,2.0152357468201267
2013-02-28,POMRB,3.49,1.855,2.742,1.68,3.69,3.898000000000001,9.55,1.9725,1.9,2.4731250000000005,2.6587500000000004,2.828788723410353,2.804010236200126,3.0111802912171823,3.49042051436041,1.99,2.170000000000001,1.882570163102019,2.2025956793042902,2.182332048320178,1.7822420693699634,2.2796666666666665,2.2796666666666656,2.2491911745753814,2.2761916681995764,2.8067779637366126,2.796417749835346,1.3228125,1.3581249999999994,1.3824208164267437,1.2911039896419356,1.752176645260897,1.7132622289597477,3.5459375,3.6168750000000003,3.508229256270221,3.404817037840882,4.14615445813169,3.946378385465075,3.456651785714286,3.9720535714285736,3.7119692889735467,3.311037040658956,3.862970213323326,3.3938483793427463,9.126796874999998,9.79296875,9.639181658286354,9.649270353906685,9.94168445588754,9.85803377878645,1.7561011904761905,1.7561011904761896,1.710492374827329,1.7344351990613058,1.9800723048881486,1.97920524564823,2.1616666666666666,2.303333333333332,2.0676597540226043,2.3645042789655144,2.8526917259894615,2.716702683074631
2013-05-31,PREMON,2.72,3.82,3.84,2.18,5.58,5.1175,10.395,2.9385714285714286,4.41,2.37,2.4587500000000007,2.785273234046212,2.8451633551015947,3.5135582987378675,3.400890920320624,1.9087499999999997,2.033750000000001,2.6575420978612114,2.640467358363636,3.666140449583394,3.613195546633535,2.2796666666666665,2.2796666666666656,2.885514704745229,3.0736052093005446,3.8622007577765047,3.834816483185019,1.24625,1.3581249999999994,1.7014524898560464,1.5026447661416122,2.3966742849526144,2.084834279804758,3.42,3.569375,4.336937553762133,4.222132483078971,5.1216132233055776,4.911008567160674,3.240625,3.607428571428574,4.274181573384128,4.188412894575772,5.500047051131359,5.620796270029707,8.556875,9.36171875,9.941508994971812,9.824961555374632,11.231284365979484,10.978209828894705,1.7561011904761905,1.7561011904761896,2.2017239963249686,2.025532480764114,2.9480696530782637,2.9449405293507684,1.9575,2.278333333333332,3.004595852413563,2.801098687322487,4.24437202963322,4.1360167425838
2013-08-31,MONSOON,0.87,0.72,0.8299999999999998,0.28,1.91,1.7,6.422499999999999,0.6383333333333333,0.46,2.12875,2.4875000000000003,2.019163940427727,2.2497562314234254,1.0326564710086101,0.535315712137676,1.8175,1.946250000000001,1.882525258716727,2.2469280092825517,1.2088497622641925,1.1562577241806737,2.2796666666666665,2.2796666666666656,2.0633088228471372,2.2797894016162283,0.839668290585017,0.8250790328225108,1.13125,1.2874999999999994,1.132871493913628,1.2413424671273272,0.34274690381816153,0.40249790409470654,3.3012499999999996,3.5225,3.3661625322572792,3.406508429117409,2.3502616285984006,2.283675518776728,2.942291666666667,3.305875000000003,3.244508944030477,2.8904355265687127,2.7678267565654915,2.6875188091780715,8.035,8.891874999999999,8.533905396983087,8.773646620756542,8.220229183190842,8.359996486497112,1.7561011904761905,1.7561011904761896,1.5763677311283146,1.7474105074131385,0.6521538383030852,0.6399342452807719,1.7775,2.044999999999999,1.9867575114481377,2.2794556965929336,1.3777803180063948,1.5422363510048092
2013-11-30,POMKH,1.93,1.09,1.7066666666666663,0.68,2.09,1.986,6.5200000000000005,1.475,0.71,2.105,2.2525000000000004,1.9834983642566362,2.08132865353698,2.489624782803525,2.729094286799273,1.7474999999999998,1.871250000000001,1.5655151552300364,1.9670741628407142,1.7423471493953682,1.5874571865094096,2.2796666666666665,2.2796666666666656,1.9206519603749488,2.0053250058595946,1.6486515888199589,1.611755516643415,1.1125000000000003,1.2049999999999994,0.9517228963481768,1.0943972416945609,0.9921525355812633,0.769615114929741,3.22375,3.3175,2.855697519354367,2.8051185538677554,3.5661405216286317,3.1749047351219044,2.5815208333333333,3.1753750000000034,2.741105366418286,2.181546488155643,3.121387282000789,3.015759102614071,7.683928571428572,8.221875,7.7283432381898525,8.064061846679815,8.064551875294143,8.092022047228633,1.7561011904761905,1.7561011904761896,1.5358206386769888,1.680433888103942,1.44408132802013,1.431576366584075,1.63125,1.8699999999999992,1.4760545068688826,1.8677272643940697,1.7737661195196575,1.5772725374678813
2014-02-28,POMRB,2.5,1.425,2.742,1.09,3.56,2.0333333333333337,8.054999999999998,1.9725,1.16,2.17625,2.0050000000000003,2.1900990185539815,2.1404876811343945,2.9449596777430003,2.658192662803911,1.8112499999999998,1.7637500000000008,1.5093090931380218,1.7971662219201152,1.9565543283092874,1.7139107641934472,2.2796666666666665,2.2796666666666656,2.2491911762249694,2.276297745198988,2.8067779637275967,2.793229896299136,1.2112500000000002,1.0574999999999994,1.007033737808906,1.0606023706502514,1.5648521352338463,1.5544821681560614,3.17625,3.2849999999999997,3.1374185116126205,2.9311847657109875,4.166824363902974,3.6739625751545266,2.4913333333333334,2.7092083333333363,2.457996553184305,1.8199252794467338,3.040548309702248,3.2088621002676554,7.403794642857142,7.8481250000000005,7.859005942913911,8.019594323584796,7.729390828162897,7.71367948463367,1.7561011904761905,1.7561011904761896,1.7104923832061933,1.7370877572206254,1.980079481793791,1.9788025832909046,1.648125,1.6849999999999992,1.3496327041213294,1.615222222225856,2.308362172961191,2.2678081160328047
2014-05-31,PREMON,3.52,3.69,3.84,2.62,5.09,4.095999999999999,9.081428571428573,2.9385714285714286,3.98,2.13625,2.205,2.7220594111323893,2.563497759437958,3.056152455730076,3.1623989564274453,2.0290625,1.7312500000000006,2.381585455882813,2.228961573302375,3.522530156348773,3.5996024966314755,2.2796666666666665,2.2796666666666656,2.8855147057349817,3.0736879744493035,3.862200757767489,3.8351040771565263,1.3843750000000001,1.1674999999999995,1.6522202426853436,1.413253450875919,2.095706163997327,1.758229943668487,3.41,3.162499999999999,3.9184511069675723,3.7351460988513234,5.142283128932882,5.005506766178377,2.6741927083333334,2.4538333333333364,3.113197931910583,2.915012345141232,4.341214482463043,4.740518804952455,7.292232142857143,7.519732142857143,8.347974994319776,8.292035710086985,9.2834402692497,8.966768772544256,1.7561011904761905,1.7561011904761896,2.2017240013522876,2.028109901600358,2.948074966292522,2.944596817306172,1.7625,1.5774999999999992,2.4017796224727976,2.0663583233664284,3.9109408421432463,4.019759794197163
2014-08-31,MONSOON,0.64,1.36,0.8299999999999998,0.63,2.02,2.0,5.495,0.6383333333333333,1.025,2.0799999999999996,2.1475000000000004,1.8892356466794336,1.9774409934332053,0.8909562804063693,0.9977817046354929,2.37,1.8912500000000005,1.972951273529688,2.041167822481798,0.9139341400154675,0.8729599533922339,2.2796666666666665,2.2796666666666656,2.063308823440989,2.2798463206864965,0.8396682905760007,0.825351747756251,1.73125,1.2549999999999994,1.243332145611206,1.2612282866894524,0.2508957888255495,0.4931149304657123,3.74375,3.189999999999999,3.1590706641805433,3.150377606850347,2.3709315337377124,2.077399805496947,2.9821354166666665,2.5288333333333366,2.6679187591463496,2.5065447062312636,1.6533217224207075,2.1388359110209283,7.1587321428571435,7.287857142857144,7.206784996591866,7.423283932604449,6.509288304726363,6.546934598756335,1.7561011904761905,1.7561011904761896,1.576367734144706,1.7497860887927756,0.6521577717869385,0.6398450503593573,1.9237499999999998,1.7187499999999993,1.8510677734836785,1.8032009563461535,0.8042936707501984,1.0854169707002952
2014-11-30,POMKH,1.84,2.1925,1.7066666666666663,1.715,3.85,3.148875,6.5550000000000015,1.475,1.06,1.8350000000000002,2.1250000000000004,1.8695413880076601,1.8649408177768576,2.256372256931705,2.333026118718078,2.728125,2.1668750000000006,2.060770764117813,2.07490445362899,1.5583029147076732,1.4826366938611957,2.2796666666666665,2.2796666666666656,1.9206519607312598,2.0053589926516198,1.6486515888109425,1.6170274559619218,2.04,1.5137499999999995,1.4319992873667236,1.3789166754920834,1.0250012283644445,0.7068130128649633,3.8112499999999994,3.629999999999999,3.435442398508326,3.3994182950838443,3.586810426853307,3.1788233865215507,3.1747187500000003,2.8195520833333365,2.8603012554878093,2.8765386731008897,2.4634492617517103,3.0523340221925603,6.908178571428572,7.296607142857144,6.94607099795512,7.126637193909125,6.671271612764484,6.4710886651604484,1.7561011904761905,1.7561011904761896,1.5358206404868238,1.6825476769906884,1.4440842400682428,1.4339036220934938,1.8812499999999996,1.8062499999999992,1.5346406640902073,1.5792567214359436,1.3117675370279098,1.4383458260483322
2015-02-28,POMRB,2.14,3.05,2.742,2.83,4.47,3.3340000000000005,6.952000000000001,1.9725,2.1,1.7187500000000002,2.0350000000000006,1.9777248328045962,1.8829950662515744,2.7559584872011302,2.827273382445814,2.9706249999999996,2.573125,2.4564624584706873,2.329788864869583,2.007658682946418,1.9502643999231575,2.2796666666666665,2.2796666666666656,2.2491911764387558,2.276311923749808,2.806777963718581,2.79039417487142,2.30375,1.9487499999999995,1.9911995724200342,1.776673038020317,1.8805292992737732,1.8952669184725868,3.895,3.8574999999999986,3.849265439104996,3.887014858080715,4.187494270789743,4.214392043705111,3.3907187500000004,3.144718750000003,3.049780753292686,3.2687985236234076,2.9703234070931392,3.616965547103991,6.836625000000001,7.020857142857144,6.948442598773072,7.035792720735124,6.9710386995431275,7.1735172641915534,1.7561011904761905,1.7561011904761896,1.7104923842920943,1.7389119074874955,1.98008163763831,1.9784449394728816,1.791875,2.0412499999999993,1.7607843984541245,1.627307680840885,1.9299886267110726,1.994700722085342
2015-05-31,PREMON,1.92,4.93,3.84,3.35,4.72,4.336,8.18,2.9385714285714286,2.7,1.90125,1.6350000000000007,1.9546348996827576,1.841086525720605,3.019235958992665,2.585675673147775,3.2128125,2.883125,3.4458774750824124,3.085208759155116,3.992950410621448,4.113430164518418,2.2796666666666665,2.2796666666666656,2.8855147058632538,3.0736834699320963,3.862200757758473,3.8353614353462837,2.5706249999999997,2.1312499999999996,2.534719743452021,2.305711997262123,2.8133576081488894,2.6144984954690518,4.4375,3.764999999999999,4.197559263462997,4.408322847629144,5.1629530366694905,5.130441600409522,3.789859375,3.204718750000003,3.564268451975612,4.189213750646511,4.713479253000655,5.259347167254252,6.9396249999999995,6.7955000000000005,7.441065559263843,7.33515613273621,8.345954916344326,8.208724583108056,1.7561011904761905,1.7561011904761896,2.201724002003828,2.029625646818844,2.948076562309368,2.9442881381713017,1.81875,1.7212499999999995,2.136470639072475,1.826963573023135,3.953441249064374,4.231202331458597
2015-08-31,MONSOON,1.31,2.06,0.8299999999999998,2.01,3.06,3.4879999999999995,5.824,0.6383333333333333,1.59,2.1587500000000004,1.8025000000000009,1.6967809398096545,1.6177349135200165,0.47456822196034043,0.27641495811038996,3.35359375,3.0581250000000004,2.8915264850494475,3.0315015352761217,1.5742915872290122,1.5529997126052546,2.2796666666666665,2.2796666666666656,2.063308823517952,2.2798327006436057,0.8396682905669852,0.8255958181868922,2.5987500000000003,2.4762499999999994,2.3248318460712123,2.4604501156028022,0.9720322588173901,1.0041431568211179,4.7871875,4.024999999999999,3.7425355580777984,4.101340445813138,2.391601441100998,1.910981934676271,4.017807291666666,3.576718750000003,3.533761071185367,4.257115006227573,1.9828947175136853,2.232887275590844,7.024166666666667,6.87775,6.794239335558306,6.8491436942508725,5.566857907683998,5.757632657261871,1.7561011904761905,1.7561011904761896,1.57636773453563,1.7509956438160352,0.6521589533511754,0.6397652055466075,1.71625,1.8624999999999994,1.917882383443485,1.7566614935390636,0.7135120707083629,0.7396176724615898
2015-11-30,POMKH,2.63,3.43,1.7066666666666663,2.47,7.15,4.854,7.05,1.475,0.71,2.5475000000000003,2.000000000000001,2.0700685638857927,1.8805470333850092,1.9731685282775306,2.653194642510003,3.3634375000000003,3.3675000000000006,3.1069158910296686,3.310599191722326,2.2699454886192822,2.035804836450225,2.2796666666666665,2.2796666666666656,1.9206519607774377,2.0053421337059976,1.6486515888019266,1.6217445567217308,2.486875,2.6649999999999996,2.3828991076427273,2.697798361636988,1.932083037792622,1.844422885321002,4.764375,4.849999999999998,5.10552133484668,5.601726988936446,3.607480335190658,3.6297328002027025,4.222802083333334,4.003000000000003,4.06185664271122,5.051406427037925,3.1669336574481624,3.7243957560764125,7.217547619047618,7.0015,6.896543601334984,6.870350665122275,6.307898443196312,6.439773535976023,1.7561011904761905,1.7561011904761896,1.535820640721378,1.6834673900499033,1.4440851148122429,1.4359951617169824,1.7375,1.774999999999999,1.434729430066091,1.4915537801126388,1.2034725759164115,1.4566783662858152
2016-02-29,POMRB,3.41,2.93875,2.742,2.3000000000000003,3.9675,3.452458333333334,7.133333333333333,1.9725,1.63,2.7175,2.317500000000001,2.6060411383314754,2.413816152657768,2.597434137866498,2.6454870230654293,3.2921875000000003,3.3396875,3.0396495346178014,3.4177449027386406,2.9010946600467133,2.644424325843588,2.2796666666666665,2.2796666666666656,2.2491911764664625,2.2762944603377164,2.8067779637095644,2.78785537963212,2.4275,2.5324999999999998,2.349739464585636,2.8506861125728475,2.744690378747987,2.672043087455829,5.103125,4.724374999999998,4.650312800908008,5.4619339365301975,4.208164182260803,5.192563334541516,4.2882395833333335,4.032614583333336,3.8180973189600653,4.630168310434469,3.9971124561098805,4.3501313629576375,7.274949404761905,7.046833333333333,6.991259494134324,6.910006299747114,7.012322525183837,7.108156179274953,1.7561011904761905,1.7561011904761896,1.7104923844328268,1.7395609830594239,1.980082285223641,1.9781252077773908,1.8175,1.6574999999999993,1.5128376580396545,1.4693667072958552,1.880261429971771,1.9319716381828225
2016-05-31,PREMON,3.76,5.12,3.84,2.9850000000000003,5.04,5.8575,9.545714285714286,2.9385714285714286,3.34,2.55375,2.7775000000000007,3.0676246829988854,3.0412814625085973,2.984262484750717,3.5023640945230623,3.1259375,3.3871875000000005,3.871789720770681,4.080879688890449,4.700136572622768,4.685304945227604,2.2796666666666665,2.2796666666666656,2.885514705879878,3.0736668510945853,3.862200757749457,3.8355930881857714,2.4425,2.4412499999999997,2.6038436787513817,3.1400176402119855,3.2840566984829165,3.0279091744290243,4.914375,4.8043749999999985,4.806187680544804,5.678864804820845,5.183622947640612,4.61394209599793,3.9626770833333333,4.412989583333337,4.633858391376039,5.698987451692295,5.447081757934377,5.22577331588163,7.126636904761906,7.3882619047619045,8.01304141076631,7.651350897051891,8.466615650344364,8.305249645218572,1.7561011904761905,1.7561011904761896,2.201724002088268,2.030008382886384,2.9480770417301376,2.9440093886592518,1.9924999999999997,1.8174999999999992,2.2437025948237928,1.8725383322567148,3.551665343328583,3.6072792779303025
2016-08-31,MONSOON,0.83,1.3,0.8299999999999998,1.9,5.45,2.49,4.9175,0.6383333333333333,1.59,2.33625,2.6575000000000006,2.172574809799331,2.5422438646910983,1.1062473936437573,1.0013888811766365,3.07109375,3.1971875000000005,2.8430738324624087,3.6634522627953023,2.0907587899071425,1.6748909733729638,2.2796666666666665,2.2796666666666656,2.0633088235279264,2.279819248378009,0.8396682905579693,0.8258155327825046,2.55625,2.41375,2.322306207250829,3.102807486522431,1.206879243358801,1.4640453543863674,4.3646875,5.401874999999999,5.063712608326883,5.951013636812926,2.412271352358159,2.268160121819888,3.785307291666667,4.163489583333337,3.7763150348256236,4.333593795836046,2.9708109209091607,3.027331808311388,7.093095238095238,7.161636904761906,6.7748248464597856,6.8040304695102884,6.291020254143566,6.713867429900544,1.7561011904761905,1.7561011904761896,1.576367734586294,1.7511673330507964,0.6521593082757953,0.6396933148921139,2.22625,1.8174999999999994,1.9822215568942758,1.834561517172223,0.8900886506678147,1.17399201925524
2016-11-30,POMKH,1.8,2.86,1.7066666666666663,2.7,3.25,3.2475,6.7700000000000005,1.475,2.1100000000000003,2.18125,2.450000000000001,2.023544885879599,2.382225898721316,2.400418888875148,2.039769630518385,3.12875,3.0546875000000004,2.849844299477445,3.6266725860516105,2.742770049039142,2.5222037226125833,2.2796666666666665,2.2796666666666656,1.9206519607834223,2.0053324233684715,1.6486515887929107,1.6259900340162028,2.686875,2.47125,2.4733837243504975,3.2269704594156683,2.069606848933829,2.1446901722963725,4.2700000000000005,4.426874999999999,4.33822756499613,5.166321833537938,3.628150248711938,4.613063642225229,3.5975,3.7618645833333373,3.5647890208953745,3.6919289393281214,3.5138455455967623,3.383039218940251,6.957745535714286,7.091636904761907,6.772894907875871,6.756682282792913,6.29772106415606,6.61738899978397,1.7561011904761905,1.7561011904761896,1.5358206407517765,1.6834690026208738,1.4440853775775055,1.4378851273860351,2.205,2.1674999999999995,2.0333329341365656,1.9200725331003687,1.0696976674362202,1.2139495336515067
2017-02-28,POMRB,2.5,3.07,2.742,2.98,3.47,3.64,7.145,1.9725,2.1,2.1174999999999997,2.222500000000001,2.214126931527759,2.462916202889676,2.863389763238008,2.455498894776875,3.1850000000000005,3.0875000000000004,2.9379065796864667,3.6176417224596706,2.9386545731002505,2.5155768556626543,2.2796666666666665,2.2796666666666656,2.2491911764700534,2.2762884038559617,2.806777963700549,2.7855692573987128,2.7325,2.64125,2.676030234610298,3.382578993986366,2.9083129425821355,2.852618899200314,3.85625,4.302499999999998,3.990936538997678,4.5389901729043585,4.228834092035512,3.5742735497867035,3.4165,3.808750000000004,3.5948734125372246,3.4867939359532545,3.713511612716188,3.5507226094097266,6.64703125,7.094553571428573,6.921736944725522,6.834409799189291,6.883964257440486,6.992658156920122,1.7561011904761905,1.7561011904761896,1.710492384451066,1.7394227741817423,1.9800824797482095,1.9778376947858336,2.1250000000000004,2.2849999999999993,2.059999760481939,1.9950158157027624,1.9892531905474575,2.1851140203699413
2017-05-31,PREMON,3.43,5.45,3.84,3.35,4.78,4.1675,8.45125,2.9385714285714286,2.7,2.08875,2.140000000000001,2.7004761589166555,2.856339373001591,3.0633105755870456,2.7217156990396045,3.2087499999999998,3.17,3.94274394781188,4.219429994177548,4.843996524809791,4.808101868039568,2.2796666666666665,2.2796666666666656,2.885514705882032,3.0736645129203675,3.862200757740441,3.835802704015227,2.7475,2.7325,2.945618140766179,3.5928592544981752,3.593411987322166,3.406988959287075,3.50125,4.237499999999999,4.306561923398607,4.547708634241157,5.20429285692016,4.985040010977617,3.4933125000000005,3.3862500000000044,3.823924047522335,3.709053561968058,5.315553988739641,5.366112181626859,6.130803571428571,6.820937500000002,7.533542166835312,7.2753792639200805,8.409244103803466,8.572705071449473,1.7561011904761905,1.7561011904761896,2.201724002099211,2.0297423890917816,2.9480771857404724,2.9437564106761376,2.125,2.124999999999999,2.3159998562891637,2.2089597465658484,3.713873145668682,3.6285101623938227
2017-08-31,MONSOON,0.65,1.42,0.8299999999999998,1.9,2.4,2.732,3.52625,0.6383333333333333,1.59,2.09375,2.095000000000001,1.8802856953499933,2.2434906441992615,0.9161897593848884,1.4705079717087521,3.3600000000000003,3.1999999999999997,2.933646368687128,3.7134555783528067,1.9753537500619454,1.682872733501325,2.2796666666666665,2.2796666666666656,2.063308823529219,2.2798192540079376,0.8396682905489534,0.8260143646472423,2.7625,2.7325,2.527370884459707,3.394193875926025,1.531938656405722,1.8491584682555153,3.64,3.4749999999999988,3.5439371540391638,3.633408696183514,2.4329412613695025,2.321227099378746,3.6851875000000005,3.4467500000000046,3.3871544285134014,3.0900443738161334,2.3362471104441402,2.2242580966957832,5.512678571428571,6.473125000000002,5.9306253001011875,6.129629132275199,5.751007606835222,5.734811694464975,1.7561011904761905,1.7561011904761896,1.57636773459286,1.7508260112507443,0.6521594148889984,0.6396282466886863,2.1792434210526315,2.124999999999999,2.0255999137734984,2.132944705871866,1.143924596558243,1.1423541011947165
2017-11-30,POMKH,1.75,2.93,1.7066666666666663,2.82,3.46,3.62,4.031428571428571,1.475,2.1100000000000003,2.125625,2.082500000000001,1.828171417209996,2.05856344411992,2.148102426320965,1.829231609693933,3.481875,3.2175,2.9321878212122767,3.5960798690726694,2.8819531277366135,2.7685679321263863,2.2796666666666665,2.2796666666666656,1.920651960784198,2.005333764950352,1.6486515887838953,1.629831254015059,2.7590624999999998,2.7625,2.6444225306758242,3.3987275352763167,2.302927563259118,2.4696605659850377,3.7687500000000003,3.527499999999999,3.5103622924234985,3.3443226896857494,3.6488201547889663,3.56216000328994,3.936125,3.5398750000000043,3.4802926571080413,3.198983739616872,3.1622147129522444,3.477864987797231,5.305279017857143,5.788482142857145,5.170946608632141,5.474788625628333,5.345979109040091,5.64590987182751,1.7561011904761905,1.7561011904761896,1.535820640755716,1.6830850451464945,1.4440854565125916,1.4396013702762789,2.389111842105263,2.124999999999999,2.059359948264099,2.1758999017745757,1.3634587805961498,1.4966572000552145
2018-02-28,POMRB,2.59,4.21,2.742,2.98,4.37,4.8025,4.938571428571429,1.9725,2.533947368421052,2.205,2.105000000000001,2.1329028503259977,2.1863395694798835,2.68835731287352,2.856347613024096,3.3525,3.5024999999999995,3.443312692727366,3.8038238735032817,3.070114885974088,2.73573228541588,2.2796666666666665,2.2796666666666656,2.249191176470519,2.2762905630542836,2.806777963691533,2.783499922611384,2.711875,2.7625,2.7786535184054943,3.4187281867954895,3.109652134602298,3.108868237613928,3.69125,3.752499999999999,3.854217375454099,3.5328740573961324,4.249503998293463,3.946660843588005,4.138583333333334,3.8305000000000042,4.009175594264825,4.073025281416948,3.595612187148469,3.7243100314427693,5.352901785714286,5.236875000000002,5.077996536607856,5.283284844271439,5.064812760295579,5.2893622395908295,1.7561011904761905,1.7561011904761896,1.7104923844534294,1.7390173234457207,1.9800825381794223,1.9775777869942346,2.5035215643274853,2.233486842105262,2.2491949163268803,2.312585258117475,2.050704227114304,2.151116444933126
2018-05-31,PREMON,3.595,5.285,3.84,3.3225,4.91,5.0125,8.998482142857142,2.9385714285714286,3.945,2.2668749999999998,2.146250000000001,2.7177417101955985,2.6652470568563067,3.0719590722337413,3.0857634958274245,3.2393750000000003,3.4612499999999997,4.17998761563642,4.274898734880617,5.250534342940438,5.260065635427874,2.2796666666666665,2.2796666666666656,2.8855147058823114,3.073667226339241,3.8622007577314252,3.8359932848387865,2.6606249999999996,2.755625,2.9961921110432965,3.5024180191886187,3.737928965506212,3.524464310501978,3.584375,3.7849999999999984,4.276530425272459,3.9699023614676756,5.224962764018394,5.139751703916104,4.2121354166666665,4.041750000000004,4.410505356558895,4.890096926362899,5.61093562484174,5.7744996657021845,5.446941964285714,5.373683035714288,6.64619077910757,6.349051183992756,6.354585488706282,6.379912579734691,1.7561011904761905,1.7561011904761896,2.201724002100629,2.0293252427650126,2.948077228998027,2.943525782201138,2.4623062865497074,2.5447368421052623,2.927516949796128,2.791199605751837,3.585187466930685,3.4298673654751095
2018-08-31,MONSOON,1.12,0.55,0.8299999999999998,1.55,1.65,3.5066666666666664,3.36,0.6383333333333333,1.2602777777777776,,2.2637500000000013,2.0786450261173592,2.2414628138165535,0.824458497457679,1.1572174510188342,,3.24375,2.727992569381852,3.48575277711651,2.012895587039755,1.835146757696515,,2.2796666666666656,2.0633088235293866,2.279821815416841,0.8396682905399371,0.8261951564138504,,2.6681250000000003,2.417715266625978,3.130548278941876,1.6279087748355168,1.996483163913232,,3.597499999999998,3.2259182551634757,3.05029582425467,2.4536111685722117,2.3134307240935583,,4.235416666666671,4.048969880602003,4.477491850119006,2.8090318729050976,2.6470629881568017,,5.332120535714288,5.3317144674645425,5.431320089563637,4.866206792136339,4.622187771369836,,1.7561011904761896,1.5763677345937108,1.75042461867019,0.6521594469127938,0.6395690738615414,,2.4623062865497065,2.260621280988788,2.5723512581537324,1.4940595038412465,1.600677194677886
2018-11-30,POMKH,1.775,2.895,1.7066666666666663,2.76,3.355,3.43375,4.95,1.475,2.1100000000000003,,2.2700000000000014,1.9571870156704154,,2.1163314767101054,1.9709615316628573,,3.235,2.794795541629111,,2.9180679699744285,2.563639282891517,,2.2796666666666656,1.9206519607842985,,1.648651588774879,1.6333233357219004,,2.653125,2.554629159975587,,2.2730354032994704,2.4886285723542976,,3.5712499999999974,3.2775509530980855,,3.6694900612552273,3.3100696468378676,,4.188854166666671,3.802881928361202,,3.732439439380635,3.8353443406253214,,5.561763392857145,5.1790286804787256,,4.783911212936735,4.636824641891645,,1.7561011904761896,1.5358206407562265,,1.4440854802275664,1.4411668360086172,,2.4623062865497065,2.200372768593273,,1.691902295901711,1.6039088521517575
