Date,Season,Dediapada,Sagbara,Nandod,Tilakwada,Dediapada_Trend,Dediapada_SMA,Dediapada_EWMA,Dediapada_DES,Dediapada_TES,Dediapada_ARIMA,Sagbara_Trend,Sagbara_SMA,Sagbara_EWMA,Sagbara_DES,Sagbara_TES,Sagbara_ARIMA,Nandod_Trend,Nandod_SMA,Nandod_EWMA,Nandod_DES,Nandod_TES,Nandod_ARIMA,Tilakwada_Trend,Tilakwada_SMA,Tilakwada_EWMA,Tilakwada_DES,Tilakwada_TES,Tilakwada_ARIMA
1996-02-29,POMRB,5.413333333333334,3.655,9.061666666666666,11.63,,,5.413333333333334,4.4358025383049595,5.423333333333334,0.0,,,3.655,2.819505151628032,3.369022386504396,0.0,,,9.061666666666666,9.068538036306808,9.684025059658513,0.0,,,11.63,14.807219780640052,16.43197755374467,0.0
1996-05-31,PREMON,8.066666666666668,6.5600000000000005,10.586666666666666,12.933333333333332,,,6.474666666666668,5.118964230980903,8.086112650046172,5.4133193918498455,,,4.817,3.7169171777176855,5.503854240576705,3.654993050264375,,,9.671666666666667,9.1926238928477,11.149887298831542,9.061625781073833,,,12.151333333333334,13.983660215630097,15.338454414316598,11.629851043500544
1996-08-31,MONSOON,3.92,2.56,9.028333333333332,26.82,5.9750000000000005,,5.4528,4.476778980764738,3.94834094274906,6.967154130768744,3.8443750000000003,,3.9142,3.613096643517254,2.600760457703264,5.487199390609957,9.743749999999999,,9.414333333333333,9.209800306066352,8.30298250863117,9.95445363206637,20.38583333333333,,18.018800000000002,18.771623900178085,13.344017466674082,12.360116974967598
1996-11-30,POMKH,5.656666666666666,2.83,9.715,23.86,6.1120833333333335,5.764166666666667,5.534346666666666,4.549298082194182,5.693355906262373,5.275182057626282,3.6500000000000004,3.90125,3.4805200000000003,3.5572372446270517,2.89422967837697,3.4883851379256363,10.046875,9.597916666666666,9.534600000000001,9.27043170315977,9.449081618684247,9.40952277417892,23.599375000000002,18.810833333333335,20.35528,20.57176482470122,18.560050105278407,18.9367032042927
1997-02-28,POMRB,7.1,3.2,10.228333333333332,24.23,5.840833333333333,6.185833333333333,6.160608,5.15946319972863,5.4536193271726905,5.46896791767801,3.4325,3.7875,3.3683120000000004,3.5745289321284774,3.6921025486971204,3.5413424043147606,10.127916666666666,9.889583333333333,9.812093333333333,9.36160392115818,9.833721168859952,9.558579538904251,24.810208333333335,21.960833333333337,21.905168,21.813628325367695,21.087896158504474,21.865868217406994
1997-05-31,PREMON,7.4766666666666675,5.46,11.845,26.04166666666667,5.61125,6.038333333333332,6.687031466666667,5.880901718128292,8.203925923157378,8.037957539759008,3.355,3.5124999999999997,4.2049872,4.111225911817405,5.709275268043845,5.610455828799496,10.027083333333334,10.204166666666666,10.625256,9.55420615021598,11.305378110159678,9.896076332163826,22.90625,25.23791666666667,23.55976746666667,23.263435420744404,23.191497035775747,22.670043171471768
1997-08-31,MONSOON,2.3400000000000003,1.92,8.418333333333335,23.39833333333333,5.4087499999999995,5.643333333333333,4.94821888,4.8195335810207505,4.027521543341447,4.190653049173495,3.39625,3.3524999999999996,3.29099232,3.7712255150945464,2.608779320191002,2.8017363209253894,10.097208333333334,10.051666666666666,9.742486933333334,9.515322599742294,8.464790565994857,10.281223552437494,21.23375,24.3825,23.495193813333334,23.14280160404267,23.31207066188403,21.56397433091601
1997-11-30,POMKH,5.4,2.85,9.518333333333333,12.05,5.050416666666668,5.579166666666666,5.128931328,4.891884860485575,5.6794659752798395,5.15800290118665,3.219375,3.3574999999999995,3.114595392,3.650315552943675,2.804256916928047,2.7504104854147946,10.009625000000002,10.002499999999998,9.652825493333333,9.548787549039364,9.606549112542025,9.514280834941447,18.960416666666667,21.43,18.917116288000003,18.744667784106372,23.139362574224975,22.848300779618256
1998-02-28,POMRB,5.736666666666667,3.51,10.986,22.66,5.195833333333334,5.238333333333333,5.372025463466667,5.093180777167073,6.132710012832858,6.271683707857762,3.095625,3.4349999999999996,3.2727572352,3.6789710912374045,3.6187595647238227,3.310230048173789,10.006083333333333,10.191916666666666,10.186095296,9.67598358389176,9.989205743986867,9.555954519779618,15.748541666666664,21.037499999999998,20.4142697728,20.098011615327795,19.07127111061561,17.79961507595513
1998-05-31,PREMON,5.973333333333334,3.735,10.386666666666667,9.425,5.5008333333333335,4.8625,5.612548611413334,5.3674190318371915,7.767532908710914,7.384958117040333,3.1624999999999996,3.0037499999999993,3.4576543411199996,3.7490552214503996,5.693900352129646,5.351082440943631,10.225458333333332,9.827333333333332,10.266323844266665,9.758558903225133,11.464323345623693,10.481333532574242,16.03125,16.88333333333333,16.018561863680002,15.88235846698984,21.35461783841663,19.660778512729628
1998-08-31,MONSOON,5.006666666666667,2.655,9.848333333333333,14.32,5.4525,5.529166666666667,5.370195833514667,5.286898762722776,3.119136938589367,2.937953329589804,3.024375,3.187499999999999,3.136592604672,3.5576312621965758,2.3348796174067483,1.858727083331015,10.145333333333333,10.18483333333333,10.099127639893332,9.802068290037784,8.614555696680771,9.580328992484178,17.7590625,14.61375,15.339137118208,15.169557923203747,15.52701304981891,17.711259384667215
1998-11-30,POMKH,5.173333333333333,2.65,9.843333333333334,23.39,5.622916666666667,5.4725,5.291450833442133,5.263943258270174,5.550494781424088,5.83254890535759,2.981875,3.1374999999999993,2.9419555628031997,3.3744967369404715,2.6829202427653778,3.0737382862189486,10.024583333333334,10.26608333333333,9.996809917269333,9.842724440200639,9.763609961810477,9.860376114293409,19.441875,17.44875,18.5594822709248,18.18983210041416,14.833821515054424,17.74815694941989
1999-02-28,POMRB,5.576666666666667,2.605,10.02,25.1425,5.8845833333333335,5.4325,5.405537166731946,5.376591976859225,5.947628433936413,5.969250581843308,3.1425,2.9112499999999994,2.80717333768192,3.195628430983833,3.4855276395286965,3.3802594136908555,9.843333333333332,10.024583333333329,10.0060859503616,9.892483815857329,10.147258796263499,9.832802179966146,21.614375,18.069375,21.19268936255488,20.7046766985782,18.672148429655575,18.8956731050144
1999-05-31,PREMON,7.496666666666666,4.3,10.386666666666667,20.405,6.020416666666667,5.8133333333333335,6.241988966705835,6.137755524661657,6.993260222047822,6.689509907024254,3.303125,3.0524999999999993,3.404304002609152,3.420219441478682,5.443963788643175,4.335987499404294,9.672708333333333,10.024583333333329,10.158318236883627,9.96341413498297,11.616004285487508,10.70033649373245,20.5375,20.814375000000002,20.87761361753293,20.43736775222958,22.11521452864568,23.449524794967825
1999-08-31,MONSOON,5.576666666666667,3.375,8.398333333333332,20.72,6.251250000000001,5.9558333333333335,5.975860046690167,6.149457713765368,4.020543424952341,4.225533115223205,3.6587499999999995,3.2324999999999995,3.392582401565491,3.417449605818765,2.208175511930575,2.4992648374960993,9.681458333333332,9.662083333333328,9.45432427546351,9.901009312994557,8.765374918942985,9.244366215205003,18.4470625,22.414375,20.814568170519756,20.39392843565952,20.400445212451583,19.917307487628307
1999-11-30,POMKH,5.69,3.215,9.928333333333333,8.375,6.352083333333334,6.085000000000001,5.8615160280141,6.156612422612556,5.484537346602938,5.676997423384546,3.9875,3.373749999999999,3.3215494409392945,3.3774090286743332,2.6842523953248536,3.03577708577075,9.984642857142857,9.683333333333328,9.64392789861144,9.939781737601368,9.905296483530531,9.551607842493572,18.745375,18.660625,15.838740902311853,15.663216065089745,20.321626372671336,17.90398413078702
2000-02-29,POMRB,6.906666666666666,4.885,10.005,23.434,6.346666666666667,6.4175,6.2795762834751265,6.547334998953729,5.920192439518374,5.927325748814665,3.96625,3.9437499999999988,3.9469296645635765,3.725039087301595,3.5720960883273487,3.0995191791615984,10.553452380952379,9.67958333333333,9.788356739166865,9.981216650085107,10.288569082623265,10.115965364501388,20.37725,18.2335,18.876844541387115,18.50849421782164,15.908526022282192,14.644018471930357
2000-05-31,PREMON,6.973333333333334,4.65,12.827142857142857,24.5,6.487916666666667,6.286666666666668,6.55707910341841,6.892700434399694,7.414430096515896,7.305006289312091,4.029375,4.031249999999999,4.228157798738146,3.992379377208429,5.8622169030254545,5.299934647225221,10.95032738095238,10.289702380952377,11.003871186357262,10.204492864398956,11.756368243838995,10.566643871483905,24.206208333333336,19.25725,21.12610672483227,20.654724813396367,19.776229914031102,17.402048707535116
2000-08-31,MONSOON,6.0566666666666675,2.855,10.508333333333333,29.680000000000003,6.622916666666667,6.406666666666668,6.356914128717713,6.844684048043005,4.8416422622164355,4.743343862125009,4.195625,3.901249999999999,3.6788946792428874,3.8168414742211896,2.616107578725785,2.887765974706014,11.47970238095238,10.817202380952377,10.805656045147689,10.267304720278018,8.918799324835984,9.929509388345855,27.74925,21.49725,24.547664034899363,23.941122314325014,20.650840755344365,21.90275737468917
2000-11-30,POMKH,6.34,4.24,10.993333333333334,30.04666666666667,6.571562500000001,6.569166666666668,6.350148477230627,6.84987985649778,5.7244300264974255,5.818631919672669,4.195416666666667,4.1575,3.9033368075457324,3.963456883861887,2.9518651359524783,3.115090193662745,11.571809523809524,11.083452380952377,10.880726960421947,10.358450055154673,10.069895749844276,10.024152998195559,29.149583333333336,26.915166666666668,26.747265087606287,26.09063275821713,24.07723343095132,28.469875241757272
2001-02-28,POMRB,7.336666666666668,5.19,13.175,30.106666666666666,6.283125,6.676666666666668,6.744755753005043,7.1593008824609825,6.517098333080756,6.492673993449752,4.128958333333334,4.233750000000001,4.418002084527439,4.314538742317805,3.9542388400258166,4.557844322234191,11.261625000000002,11.875952380952375,11.798436176253169,10.5877779010354,10.458381574387634,10.425831094119156,29.3809375,28.583333333333336,28.091025719230437,27.42802483340747,26.874515453143385,26.576161103264887
2001-05-31,PREMON,6.1324999999999985,4.343333333333333,10.393999999999998,29.03,5.998958333333333,6.4664583333333345,6.499853451803025,6.99347554543692,7.4075882433757325,7.280815361858165,3.9850520833333327,4.157083333333334,4.388134584049796,4.43417914092398,6.232694340716156,5.029266022208136,11.160375,11.26766666666666,11.236661705751901,10.626065490922215,11.94340042835532,11.133231013994466,29.004583333333333,29.715833333333336,28.466615431538262,27.835632951088854,29.01435621787642,28.44844790098873
2001-08-31,MONSOON,4.59,2.63,10.46,27.00083333333333,5.751458333333334,6.099791666666667,5.735912071081815,6.298084130404554,5.492029367039367,5.162343119291902,3.6680208333333333,4.100833333333334,3.6848807504298775,4.133604691133163,2.884189153786224,2.789235499574292,10.088916666666664,11.255583333333327,10.92599702345114,10.666034180240096,9.091088327044925,9.344523766705617,28.191069444444445,29.046041666666667,27.880302592256292,27.311676938834424,27.994164761633083,26.787034717518935
2001-11-30,POMKH,5.533333333333334,3.31375,10.231666666666666,29.715,5.423229166666666,5.898125000000001,5.654880575982423,5.988193529447458,6.008936038617661,5.739382873068614,3.4338541666666664,3.8692708333333337,3.536428450257927,3.999939654443423,3.1453842760740214,3.44201460914193,9.066166666666668,11.065166666666661,10.64826488073735,10.688396938063315,10.241044685543224,10.171370845468637,27.11088888888889,28.963125,28.614181555353774,28.025504597735686,27.386970160950295,24.32076056187088
2002-02-28,POMRB,6.163333333333334,3.58,5.365,23.930222222222227,5.169583333333334,5.604791666666667,5.858261678922787,5.940921098723729,6.824990267233132,6.650138545786991,3.3659375000000002,3.4667708333333334,3.5538570701547565,3.93145716590714,3.978429581197022,3.906170729022299,8.976333333333333,9.112666666666662,8.53495892844241,10.3910272840828,10.624320888135781,10.108038157501042,27.70307638888889,27.419013888888887,26.74059782210115,26.25771507086529,28.718756341049676,28.34410804344762
2002-05-31,PREMON,4.68,4.08,10.022,26.565,5.162916666666667,5.241666666666667,5.386957007353672,5.436868003026317,6.746379188525344,6.544575787813425,3.30296875,3.4009374999999995,3.764314242092854,3.979583549288136,6.009767268163766,4.374074365784907,9.274458333333335,9.019666666666662,9.129775357065446,10.407331069813205,12.063925071115209,10.26952719624019,28.707138888888892,26.80276388888889,26.67035869326069,26.18062723651568,27.630643560164312,26.378749321264134
2002-08-31,MONSOON,4.013333333333333,2.35,10.113333333333337,34.20333333333333,5.287083333333333,5.0975,4.8375075377455365,4.815807503249602,4.934877799863594,4.622993987285483,3.31,3.330937499999999,3.198588545255712,3.629417074803363,2.6551519579946232,2.6834649771295846,10.53189880952381,8.932999999999996,9.523198547572601,10.428000358075332,9.208628227474803,9.225041567742204,28.640722222222223,28.603388888888887,29.68354854928975,29.044123776394493,26.17528413937155,28.116640187802624
2002-11-30,POMKH,6.0566666666666675,3.09,12.963333333333333,30.545,5.433333333333334,5.2283333333333335,5.3251711893139895,4.986293317786397,5.618878328511693,5.495573855597286,3.4612499999999997,3.274999999999999,3.155153127153427,3.478269862081251,2.908640625680814,3.0811839240040113,11.833047619047619,9.615916666666664,10.899252461876895,10.633014051572118,10.355745529048605,10.188163380527612,28.976805555555558,28.81088888888889,30.02812912957385,29.40125608305896,29.198776488661334,32.08250178700555
2003-02-28,POMRB,6.633333333333333,3.86,12.692857142857141,22.56888888888889,5.403333333333333,5.345833333333333,5.8484360469217265,5.37814691797382,6.3957702159221625,6.513876666920218,3.4525,3.3449999999999993,3.4370918762920564,3.519894340716121,3.7436507947554705,3.918216862749208,11.662297619047619,11.447880952380949,11.616694334268992,10.811968148010417,10.753743212263707,11.837938943851507,28.132638888888888,28.470555555555556,27.044433033299867,26.580307615428108,30.13543119491239,30.884561480109134
2003-05-31,PREMON,5.38,5.01,13.103333333333332,30.615,5.175416666666667,5.520833333333333,5.6610616281530355,5.3340362131472965,5.766618489215305,5.868492773644917,3.28,3.5774999999999992,4.066255125775234,3.8272397489414804,5.852831909084648,4.288942514886393,10.653880952380952,12.218214285714282,12.211349933894727,11.010223427258557,12.234286456732603,11.459809186048528,25.75951388888889,29.48305555555556,28.472659819979917,27.92118839119941,27.929299067045832,27.30346048012684
2003-08-31,MONSOON,3.0733333333333333,1.35,5.666,23.4,4.922499999999999,5.285833333333334,4.625970310225155,4.554965344039266,4.523808290387251,4.540297196077635,3.18125,3.3274999999999992,2.97975307546514,3.284757318509769,2.662579964113621,2.89003693343027,9.756773809523809,11.106380952380947,9.593209960336836,10.714489086891026,9.395703923315448,10.223563027709794,24.196944444444444,26.782222222222227,26.44359589198795,25.991875886577372,27.983681676470436,26.402628907170254
2003-11-30,POMKH,5.173333333333333,2.71,9.343333333333334,22.36333333333333,4.938125,5.0649999999999995,4.844915519468426,4.583665969055542,5.749102904912092,5.492285740286347,3.1825,3.232499999999999,2.871851845279084,3.1018094165479355,2.763728149086254,2.8659793396668034,9.27425,10.201380952380948,9.493259309535436,10.66835161450499,10.516589194640506,9.131180089908508,22.594583333333333,24.73680555555556,24.8114908685261,24.416979855487668,25.931537756201546,24.57213431296254
2004-02-29,POMRB,5.493333333333332,3.45,9.136,18.25,5.189583333333333,4.779999999999999,5.104282645014388,4.752070546176397,6.382318521578972,6.321119272388847,3.300625,3.129999999999999,3.10311110716745,3.1112413825903014,3.563189031682876,3.586725432273806,9.642705357142859,9.312166666666661,9.35035558572126,10.60932500193226,10.893074618045645,9.579768950231323,21.2309375,23.657083333333336,22.18689452111566,21.886441493621728,24.890363334694033,25.164868506336752
2004-05-31,PREMON,6.6450000000000005,5.43,12.8,22.115,5.269583333333333,5.0962499999999995,5.720569587008633,5.319926467341288,5.421915076808964,5.387782996825735,3.38,3.234999999999999,4.03386666430047,3.582690681898171,5.6376600073199095,4.478632614722802,10.474553571428572,9.236333333333329,10.730213351432756,10.790628694977276,12.352466853533766,10.479677778324241,21.87770833333333,21.532083333333336,22.158136712669396,21.811680826090264,23.056975251818447,21.461673099943095
2004-08-31,MONSOON,3.82,1.875,8.916976190476191,20.99083333333333,5.2825,5.282916666666666,4.96034175220518,4.884619450839251,3.8111991631071263,4.221844380925419,3.38375,3.366249999999999,3.170319998580282,3.2124615524235214,2.543457004340971,2.4359086533862016,11.511988095238095,10.049077380952376,10.00491848705013,10.71088472253799,9.511293638582966,10.814404748832125,22.963124999999998,20.929791666666667,21.69121536093497,21.337589655396652,21.651386584753617,24.32893620316636
2004-11-30,POMKH,5.066666666666666,2.82,12.747142857142858,29.94666666666667,5.392708333333333,5.25625,5.002871717989775,4.908295007896619,5.480949704716378,5.490637480731847,3.3850000000000002,3.393749999999999,3.030191999148169,3.089984864327416,2.7420076855938795,2.838934486080728,12.216803571428573,10.900029761904758,11.101808235087223,10.883044414950154,10.649863762561234,10.446613628649455,23.345,22.825625000000002,24.99339588322765,24.46034206214763,21.178119753513403,23.571004479814007
2005-02-28,POMRB,5.703333333333332,3.37,14.031666666666668,19.35,5.61125,5.30875,5.283056364127198,5.151736107969441,5.99058661760895,5.930292906517561,3.455625,3.3737499999999994,3.1661151994889014,3.108373988460729,3.561386973148276,3.6394103460352785,12.643074404761906,12.123946428571426,12.273751607719001,11.131886381389808,11.044905815431038,10.97351692308013,23.415520833333336,23.100625,22.73603752993659,22.33212212603554,25.101915102843627,25.602309815890873
2005-05-31,PREMON,7.316666666666666,5.52,13.542857142857144,24.07,5.715416666666665,5.476666666666667,6.096500485142986,5.93289865591754,5.952615063563496,5.912031437639622,3.45875,3.3962499999999993,4.107669119693341,3.6270636851331717,5.624033071893175,4.570644858462875,12.780059523809525,12.309660714285712,12.781393821774259,11.33878894653117,12.531363825969725,11.798434235336757,21.847708333333337,23.589375,23.269622517961952,22.82920208881881,23.6260861936876,23.230215737375115
2005-08-31,MONSOON,4.8966666666666665,2.35,11.584285714285715,19.6,5.636666666666667,5.745833333333334,5.616566957752458,5.790274603919898,3.8399005402181134,4.236070290232057,3.6825,3.5149999999999992,3.4046014718160045,3.380340366859199,2.5455002480924502,2.609737288540111,12.059047619047618,12.976488095238093,12.302550578778842,11.40908882812625,9.693566362838153,10.233718519725063,20.65791666666667,23.24166666666667,21.80177351077717,21.429866070981138,22.778253542930177,21.80624954472242
2005-11-30,POMKH,4.823333333333333,2.37,11.175714285714287,18.795,5.48,5.6850000000000005,5.299273507984808,5.596567030521277,5.391429123150111,5.547029082884254,3.9475,3.402499999999999,2.9907608830896026,3.155822447870724,2.8155701447254273,3.124236830914769,11.163482142857143,12.58363095238095,11.85181606155302,11.448835154332093,10.846488492598105,10.89147641725438,19.39333333333333,20.453750000000003,20.5990641064663,20.267354239859216,21.291729209864755,19.292822622676518
2006-02-28,POMRB,5.316666666666666,5.61,9.835,20.983333333333327,5.171666666666667,5.588333333333334,5.306230771457551,5.565340756309952,5.9507933184403194,5.781108172326806,3.8200000000000003,3.9624999999999986,4.038456529853762,3.6968056214383678,3.555777762175017,3.303424392871128,10.3825,11.534464285714284,11.045089636931813,11.398222069051938,11.231702231226544,10.323441730584786,16.319583333333334,20.862083333333338,20.75277179721311,20.39030200169716,20.68177382632479,20.897028411143495
2006-05-31,PREMON,6.45,5.4,10.575,12.32,4.9975000000000005,5.371666666666667,5.763738462874531,5.9106298275720786,6.59322714995463,6.373118467152156,3.74875,3.9324999999999983,4.583073917912257,4.155939420248315,5.957998688210621,5.70850560719281,10.069910714285713,10.792499999999997,10.857053782159088,11.396423826745233,12.69335635535829,11.477471918411148,13.587708333333332,17.924583333333338,17.379663078327866,17.164267706631296,21.642187460105713,20.192963221032276
2006-08-31,MONSOON,3.296666666666667,1.45,8.304285714285713,6.76,5.25375,4.971666666666668,4.776909744391385,5.151139407273909,4.270999130141942,4.345203671181723,3.5562500000000004,3.7074999999999982,3.3298443507473543,3.659390780478297,2.8108184367971,2.427222787016222,10.460089285714284,9.972499999999997,9.835946555009738,11.24517957969135,9.8377647838699,9.322351475508588,11.834791666666666,14.714583333333339,13.13179784699672,13.072716875168489,16.86395236821882,18.899409351570988
2006-11-30,POMKH,5.03,2.7,11.955,9.78,5.6375,5.023333333333334,4.878145846634831,5.045866098775302,5.025049412420469,4.890307823302438,3.30875,3.7899999999999983,3.0779066104484123,3.4756899466291182,2.90467213306252,2.4034689915550365,11.088124999999998,10.167321428571425,10.683567933005843,11.336562358727788,10.971113104265173,10.82882347301398,11.693124999999998,12.460833333333337,11.791078708198032,11.721329202025268,12.59015573202422,15.292495216781473
2007-02-28,POMRB,7.16,3.74,12.177142857142856,15.975,5.702916666666667,5.484166666666668,5.790887507980899,5.689613472374109,5.58193287218564,5.59921976066249,3.3825000000000003,3.322499999999998,3.3427439662690475,3.541024052053408,3.6813076829882374,4.571736173874647,11.810982142857142,10.752857142857138,11.280997902660648,11.438010099514596,11.359909302014726,11.393129980833397,13.747916666666667,11.208750000000004,13.46464722491882,13.255538220778751,11.854060721809864,11.449026807226105
2007-05-31,PREMON,7.676666666666668,5.29,13.257142857142856,16.195,5.552083333333333,5.790833333333334,6.545199171455207,6.4637338443486,6.548781839962077,6.757790943725781,3.47375,3.2949999999999977,4.121646379761429,3.9601235162643724,5.781770081804454,4.64431649878875,11.531279761904761,11.42339285714285,12.071455884453531,11.60517358128367,12.834061284374016,12.428253185394576,16.095833333333335,12.177500000000004,14.556788334951293,14.27761308339058,14.351597427196866,14.967944900492869
2007-08-31,MONSOON,2.5933333333333333,2.15,11.405,19.323333333333334,5.3425,5.615000000000001,4.9644528362064575,5.414667711811768,3.9483258145538502,4.23457431031964,3.4475000000000002,3.469999999999998,3.332987827856857,3.621434403572874,2.644604737469236,2.1219403042046006,10.43080357142857,12.198571428571423,11.804873530672118,11.644126788641037,9.992906917916153,10.541279348435985,16.833333333333332,15.318333333333337,16.46340633430411,16.094733780154243,14.066994044096411,14.81261532364392
2007-11-30,POMKH,4.526666666666666,2.73,6.616666666666666,16.0,5.185416666666667,5.489166666666668,4.789338368390541,5.098345681420523,5.098427048311736,4.803798548077849,3.4312500000000004,3.4774999999999983,3.0917926967141143,3.4357250452138706,2.8694448787085864,3.0562624464278905,9.553184523809524,10.86398809523809,9.729590785069938,11.36785306250086,11.14307944726361,11.389006293291525,17.508958333333332,16.873333333333335,16.278043800582466,15.939611159704787,15.975001812748744,15.281335994731602
2008-02-29,POMRB,5.986666666666667,3.5,8.711666666666666,15.655,5.330416666666667,5.195833333333335,5.268269687700991,5.315255587448263,6.2894806044538605,6.097111206224075,3.40625,3.417499999999998,3.2550756180284686,3.4398640759893513,3.6559439140188714,3.430287685849918,8.636666666666667,9.997619047619043,9.322421137708629,11.237268852809516,11.500561049590955,9.965847090161358,17.60291666666667,16.793333333333337,16.028826280349477,15.713281619704391,16.379924654112035,15.93909620066051
2008-05-31,PREMON,7.593333333333334,5.4,9.701666666666666,21.92,5.585416666666666,5.175000000000001,6.198295145953928,6.076745434556944,6.964733638742588,6.830069960255066,3.43875,3.4449999999999985,4.1130453708170815,3.88411311480035,5.723949614347034,5.055419549761572,8.723749999999999,9.108749999999997,9.474119349291843,11.17509500859081,12.954082845512097,11.20094283739238,16.729375,18.224583333333335,18.385295768209687,17.962191592350223,16.927226059933357,14.553194309806944
2008-08-31,MONSOON,3.8366666666666656,1.84,7.628333333333334,14.35,5.730416666666667,5.485833333333334,5.2536437542390235,5.481955320470433,3.2881426121685964,3.5949286180462585,3.5037499999999997,3.3674999999999984,3.203827222490249,3.4775257663919428,2.612161617937816,2.385929905981583,9.591101190476191,8.16458333333333,8.735804942908441,10.979172061152047,10.091786582863126,9.106178107400543,15.557500000000001,16.98125,16.771177460925813,16.45290727216527,17.91009846601809,17.594476776380173
2008-11-30,POMKH,5.323333333333333,3.3,11.090000000000002,13.985,5.7475000000000005,5.6850000000000005,5.281519585876747,5.428297748178886,4.869048950479884,4.95070413002937,3.4924999999999997,3.509999999999998,3.2422963334941493,3.4323202172800307,2.795030373734008,2.498939327468269,10.309434523809525,9.282916666666663,9.677482965745066,11.01548464515235,11.219557863169722,11.400720765542216,13.588125000000002,16.4775,15.656706476555488,15.390821810206488,16.269899275719894,17.718335192844975
2009-02-28,POMRB,6.3500000000000005,3.45,11.177142857142858,8.295,5.616666666666667,5.775833333333334,5.708911751526049,5.728401998009687,6.231025786915702,6.204003792625993,3.4112500000000003,3.497499999999998,3.3253778000964895,3.426055296212854,3.6789759919853764,4.425804786977209,11.198363095238097,9.899285714285712,10.277346922304183,11.055386982057616,11.601700558503781,11.081701496096773,12.440624999999999,14.6375,12.712023885933291,12.573092014343548,15.745195608044291,15.985428018194469
2009-05-31,PREMON,7.366666666666667,5.36,12.982857142857144,13.525,5.474166666666666,5.719166666666667,6.372013717582297,6.348680634646992,7.325501063124187,7.184158694958216,3.2862500000000003,3.4874999999999976,4.139226680057893,3.862785169258525,5.7359379830425885,4.783168582161569,11.87089285714286,10.71958333333333,11.359551010525369,11.21082465216297,13.068431109698789,12.115163473836787,12.161874999999998,12.53875,13.037214331559975,12.8428426569158,13.585887625584386,12.982997822802284
2009-08-31,MONSOON,3.016666666666667,1.23,11.45857142857143,13.565,5.439166666666667,5.514166666666667,5.029874897216045,5.421375905794821,3.587497857131842,3.7108723892354605,3.2412500000000004,3.3349999999999977,2.975536008034736,3.322301001779141,2.616288449000441,2.0365416935987164,12.458875,11.677142857142854,11.399159177743794,11.260280833004135,10.223997278639,10.334540546001353,12.531458333333333,12.3425,13.248328598935984,13.023050379088584,12.534895830139899,14.156326484296414
2009-11-30,POMKH,5.003333333333333,2.91,12.64,12.54,5.49125,5.434166666666667,5.0192582716629595,5.239772123976212,5.069931656010251,4.927900800977283,3.66,3.237499999999998,2.9493216048208417,3.20636420267525,2.70629064031443,2.9458061090664986,12.913843750000002,12.064642857142854,11.895495506646277,11.384131660145671,11.372762832381571,10.9026005071801,13.151041666666666,11.98125,12.964997159361591,12.742672739646837,12.74204013477062,12.911152923797642
2010-02-28,POMRB,6.39,3.48,14.331,12.696666666666667,5.734999999999999,5.444166666666667,5.567554962997775,5.5556360906518085,6.261988251707834,6.1674735187656164,4.7775,3.2449999999999983,3.161592962892505,3.233697600725361,3.544680512493106,3.207260674745592,12.989758928571428,12.85310714285714,12.869697303987767,11.61291431540883,11.762892195305872,11.17097301660397,13.128958333333333,13.081666666666665,12.857664962283621,12.630907285343913,13.055590590085327,13.678959523121714
2010-05-31,PREMON,7.743333333333332,8.68,13.46875,14.08,5.972083333333333,5.538333333333333,6.437866311131998,6.318270235581627,7.322880570457276,7.218007925334254,5.4825,4.074999999999998,5.368955777735502,4.495484165289368,5.626486812524741,5.1605497201768635,12.748965277777776,12.974580357142855,13.10931838239266,11.776106249719051,13.246757436533004,12.40920317420079,12.935833333333335,13.220416666666667,13.346598977370174,13.089686032950352,13.750190301149397,12.51276125174803
2010-08-31,MONSOON,4.59,6.85,11.580000000000002,12.833333333333336,6.061249999999999,5.931666666666667,5.698719786679199,5.91763776561779,3.3469105454516352,3.5709078899653486,5.465,5.479999999999998,5.961373466641302,5.264084144177842,3.0254294196440457,3.179868618854133,12.048024305555556,13.004937499999997,12.497591029435597,11.808977848660053,10.40423836425923,10.108603850117998,12.793333333333335,13.037500000000001,13.14129271975544,12.895200319750156,12.856436043573,12.439390880055239
2010-11-30,POMKH,5.326666666666666,2.93,10.59222222222222,11.726666666666668,6.073151041666666,6.0125,5.549898538674185,5.776859534986468,5.141900698352516,5.304483035449433,5.351406249999999,5.484999999999998,4.7488240799847805,5.030579722514621,3.9034033320764223,4.587917755507533,11.253747519841271,12.492993055555552,11.735443506550247,11.775047710808032,11.552838690320371,11.261153129908648,12.039375,12.834166666666668,12.575442298519931,12.354560040550687,12.639713466258444,13.473715608416255
2011-02-28,POMRB,6.78,3.32,10.77125,12.37,5.8217187500000005,6.11,6.041939123204511,6.133841011701682,6.434602646543622,6.324285750582169,4.690312500000001,5.444999999999998,4.177294447990868,4.861818832977681,4.5637934716865205,4.2324840073379395,10.667720734126984,11.603055555555553,11.349766103930149,11.752937413154573,11.930428396029885,10.667261298697202,10.577083333333334,12.752500000000001,12.493265379111959,12.269079187771073,12.667116742178056,12.072524943881135
2011-05-31,PREMON,7.448541666666666,7.93125,10.674285714285713,8.375,5.787552083333334,6.036302083333334,6.604580140589373,6.679352128121358,7.636146118351419,7.493046252097605,4.182812500000001,5.257812499999998,5.678876668794521,5.772454243348049,6.467297564229079,6.539940190422709,10.510255456349206,10.904439484126982,11.079573948072374,11.724255006453639,13.393129317725787,12.06063751027167,9.465416666666668,11.326250000000002,10.845959227467175,10.694481325621107,13.386590974752846,12.575076401985303
2011-08-31,MONSOON,2.873333333333333,2.31,9.68625,6.84,5.933385416666667,5.607135416666668,5.112081417686957,5.607393283048861,3.978938803545695,3.995577707397685,4.2778125000000005,4.122812499999998,4.331326001276713,5.276819595162012,3.625871181458936,4.848041348332045,10.263459821428572,10.431001984126983,10.522244368843424,11.63117642750949,10.5338120437387,9.790673697363932,8.956666666666667,9.827916666666669,9.243575536480305,9.146616956191714,10.34317088084405,11.56221809716505
2011-11-30,POMKH,6.7700000000000005,3.41,11.22625,8.826666666666666,5.931067708333334,5.967968750000001,5.775248850612174,5.936278692454706,5.202589842656601,4.956722326368157,4.47765625,4.2428124999999985,3.962795600766028,5.031518255836967,3.7265216776279475,2.6468462120996312,10.34359375,10.589508928571428,10.803846621306054,11.641047690253119,11.670753187025092,11.37819487009391,9.157291666666666,9.102916666666669,9.07681198855485,8.957056700697448,8.725882401138731,9.15731641387202
2012-02-29,POMRB,6.503333333333334,3.6,8.162857142857144,11.2,6.061388888888889,5.898802083333334,6.066482643700638,6.148819682750918,6.637413141878392,6.800379680848254,4.8377083333333335,4.312812499999999,3.8176773604596166,4.824222540714777,4.486243648114843,3.3962406078059946,10.998058035714285,9.937410714285713,9.747450829926489,11.449947179241745,12.051103948120558,11.57783833305774,9.814444444444444,8.81041666666667,9.92608719313291,9.74550650688699,9.161305621203454,9.449568871536199
2012-05-31,PREMON,7.706666666666668,9.25,13.923750000000002,11.15,5.855381944444445,5.963333333333334,6.72255625288705,6.747275239486921,7.589687306116723,7.388888870440706,4.989166666666667,4.642499999999998,5.99060641627577,5.949783210803168,6.443815438186373,6.405870029729803,11.605058035714286,10.749776785714285,11.417970497955896,11.640839172706652,13.498071523797044,11.876373043587373,10.168472222222222,9.50416666666667,10.415652315879745,10.208628509956592,10.820835407314718,10.404428589277616
2012-08-31,MONSOON,3.6577777777777776,3.8716666666666666,11.6725,9.322222222222225,5.407152777777779,6.1594444444444445,5.496644862843341,5.89847480175606,3.5632158413259525,3.6765511479468795,5.151666666666666,5.032916666666665,5.143030516432129,5.726588138531019,3.8053576931283306,3.097388120060522,12.709169642857143,11.246339285714285,11.519782298773537,11.677009069885466,10.656436951436502,10.689491954288231,10.258055555555554,10.124722222222225,9.978280278416737,9.795362520460486,9.926821524451036,10.405859429760302
2012-11-30,POMKH,4.3375,3.06,14.095999999999998,9.176666666666666,5.171840277777778,5.551319444444444,5.032986917706005,5.355719821130315,5.980070281436568,5.860913819326864,5.2560416666666665,4.945416666666665,4.309818309859278,5.2976140008867745,4.115017657696528,3.9006215871801926,13.450482638888888,11.963776785714284,12.550269379264122,11.869082324031705,11.803855530300892,11.520577422262939,10.466805555555556,10.212222222222223,9.657634833716708,9.487165614597895,9.47607356051453,10.070235560963969
2013-02-28,POMRB,5.35,5.25,14.126,11.566666666666668,5.058240740740741,5.26298611111111,5.159792150623603,5.228230280501019,6.525194932611698,6.14782383952444,5.183958333333333,5.357916666666664,4.685890985915567,5.383404823951349,4.763066304231398,4.1866652029633,13.417756944444443,13.454562499999998,13.180561627558474,12.055154228539504,12.199723534528474,12.674333293346546,10.555277777777778,10.303888888888892,10.421247566896692,10.209414370777123,9.75043841482815,9.082178375544956
2013-05-31,PREMON,6.9775,8.435,13.891111111111117,12.453333333333333,5.057037037037037,5.080694444444443,5.886875290374162,5.689273659017282,7.521163230999966,7.213065038567317,5.2212499999999995,5.154166666666665,6.18553459154934,6.199470490029977,6.928286182452082,8.530369232584997,13.058916666666669,13.446402777777777,13.46478142097953,12.218088780393463,13.679853061268352,12.538638037144743,10.028125,10.629722222222226,11.23408187347135,10.988974533526578,11.320435911173885,9.91078279609965
2013-08-31,MONSOON,3.4781481481481484,4.11,11.443333333333333,8.726666666666668,4.80537037037037,5.035787037037036,4.923384433483757,4.960442547450781,3.4414326963727446,3.5506350547014427,4.985,5.213749999999998,5.355320754929604,5.9344804994211415,4.0933260578183415,4.935606526593692,12.537972222222223,13.38911111111111,12.656202185921051,12.21419909698991,10.837177497355452,10.781289686395592,9.464166666666667,10.480833333333337,10.231115790749477,10.045640975819143,10.749887184855705,11.40035504351254
2013-11-30,POMKH,4.5075,3.12,11.454444444444444,5.555,4.398599537037037,5.078287037037036,4.757030660090254,4.675127186622801,5.1146087616325,5.177008466948059,4.4818750000000005,5.228749999999999,4.4611924529577625,5.434398409649956,4.395480349931086,3.302894295539253,12.465583333333333,12.728722222222222,12.175499089330408,12.210029035694095,11.982433100389375,11.403529418124581,9.703750000000001,9.57541666666667,8.360669474449686,8.260161896409201,9.728210030432408,10.264087690378178
2014-02-28,POMRB,3.1666666666666665,3.3,12.6,10.676666666666668,4.268726851851852,4.532453703703704,4.120885062720818,4.035305837139907,5.9046795912679855,5.820481263118368,4.015625,4.741249999999999,3.9967154717746576,5.001758709091713,5.010191236594929,4.204138716922698,12.872434027777778,12.347222222222223,12.345299453598244,12.27965263839196,12.362376649674326,11.232910135442578,10.000416666666666,9.352916666666669,9.28706835133648,9.119902166241195,8.443548934765154,8.505856454655323
2014-05-31,PREMON,5.906666666666667,6.359999999999999,14.838,15.26,4.0482708333333335,4.26474537037037,4.8351977042991585,4.417371448960986,7.073631843483738,6.568091235505234,3.945,4.222499999999998,4.9420292830647945,5.299793423376475,6.843167946325898,6.76666510494126,13.095923611111111,12.583944444444445,13.342379672158946,12.491734362143829,13.832945126584859,12.880817456934173,10.248958333333334,10.054583333333335,11.676241010801888,11.39218523483588,10.181325095843265,9.394577590779813
2014-08-31,MONSOON,3.51,2.455,13.75125,8.293333333333335,4.0205,4.272708333333333,4.305118622579495,4.012351596818782,3.193068764258332,3.2921954603990953,4.12875,3.808749999999998,3.9472175698388767,4.688102604711624,3.707303393176959,2.478909591903871,13.285298611111111,13.16092361111111,13.505927803295368,12.624010179722594,10.994814455234637,11.336023358033822,10.585833333333333,9.946250000000003,10.323077939814468,10.12709899888101,11.198768652660997,11.918019374276945
2014-11-30,POMKH,2.712,4.21,10.934444444444445,7.9766666666666675,4.676333333333334,3.823833333333333,3.667871173547697,3.4427458733762117,4.598288219629025,4.853070536992589,4.445937499999999,4.081249999999998,4.052330541903326,4.528592911133893,3.8175664348510487,3.190881449949555,13.457048611111112,13.03092361111111,12.477334459755,12.56632579506823,12.15237807113503,12.812876406662594,10.088333333333333,10.55166666666667,9.384513430555348,9.232770118908437,9.82204099103898,10.914059047522713
2015-02-28,POMRB,4.74,3.68,14.635000000000002,10.95,5.20313888888889,4.2171666666666665,4.096722704128618,3.649238153818325,4.408646646055368,4.303391080406124,5.354374999999999,4.176249999999998,3.903398325141996,4.274225131812656,4.684494660525357,4.253833068838315,13.01707986111111,13.53967361111111,13.340400675853001,12.75107266890386,12.528497740986955,11.784382281388066,9.900833333333333,10.620000000000003,10.010708058333208,9.81885425783193,9.474225714604424,8.943246580866232
2015-05-31,PREMON,9.580000000000002,8.5175,14.176999999999998,11.006666666666666,5.355840277777778,5.1355,6.290033622477171,5.608478016361294,6.393976316965912,6.52886385324385,6.4246875,4.7156249999999975,5.749038995085197,5.1620087860776405,6.624184858857758,7.394571315024367,12.667461805555556,13.37442361111111,13.6750404055118,12.897982085228412,14.009816059080121,13.41934553340331,10.792916666666667,9.55666666666667,10.409091501666591,10.198866022851842,10.907206292499717,9.139266410346504
2015-08-31,MONSOON,4.051111111111111,7.565,10.8925,11.046666666666667,5.479652777777778,5.270777777777779,5.394464617930748,5.470075260479749,3.3727125815055796,4.182125128358824,7.27625,5.993124999999997,6.475423397051118,5.777078233589362,3.8476855194080093,4.596229572555636,12.481033854166668,12.659736111111112,12.562024243307079,12.823757853471745,11.167055644173159,11.168122422129375,11.388958333333335,10.245000000000003,10.664121567666621,10.446503706221865,9.920747123992038,10.702823481049755
2015-11-30,POMKH,3.3925,7.6625,10.996250000000002,12.36,5.202708333333333,5.4409027777777785,4.593678770758449,5.040598459507065,3.8756827535356164,4.117658422863243,7.683645833333332,6.8562499999999975,6.950254038230671,6.368186828013124,4.709440460447123,5.251630069240301,12.042949652777779,12.675187500000002,11.935714545984247,12.757636879400703,12.307452672634284,12.61117648257294,11.997916666666669,11.340833333333336,11.342472940599972,11.098400717334357,10.166452668664668,10.545070491632032
2016-02-29,POMRB,5.05,7.04,13.081770833333335,11.335,4.694652777777778,5.518402777777778,4.776207262455069,5.168543374924743,4.703916847142069,4.628323183311713,7.3079166666666655,7.696249999999997,6.986152422938403,6.755786027228113,5.96357947897236,5.6099366061198275,11.453394097222223,12.286880208333336,12.394137060923882,12.828770614151253,12.683065453924682,11.66105117770068,12.05,11.437083333333337,11.339483764359983,11.106483686167783,11.444115881759055,11.461182662880999
2016-05-31,PREMON,7.054444444444445,8.416666666666666,12.225555555555555,15.493333333333334,4.425885416666667,4.887013888888889,5.687502135250819,5.9590913739576665,7.902313218365389,7.7618524655587695,6.836354166666667,7.671041666666664,7.558358120429709,7.417608964326587,8.217939928000877,8.851985603717434,11.035559275793652,11.799019097222226,12.32670445877655,12.84017097494723,14.154664372776695,13.58739540384839,11.587083333333334,12.558750000000003,13.001023591949323,12.695988322508972,12.239251734111036,11.854594161895061
2016-08-31,MONSOON,2.5122222222222224,4.66,8.127500000000001,6.976666666666668,4.172760416666667,4.502291666666666,4.41739017003938,5.087023106012398,3.6120479597796296,3.6306304228880872,6.791666666666666,6.944791666666663,6.399014872257825,7.116997636034162,5.185189607174732,5.334605313503312,10.799221850198412,11.107769097222228,10.64702267526593,12.582558800040209,11.299913577513342,11.539480012935915,11.832291666666666,11.541250000000003,10.59128082183626,10.42271219029639,12.522381178864167,12.725068544053899
2016-11-30,POMKH,2.78125,6.795,10.418571428571427,12.726666666666668,3.8923611111111116,4.349479166666667,3.762934102023628,4.368931755702931,3.526565471904663,3.490371408421745,6.781458333333333,6.727916666666662,6.557408923354695,7.290923556690799,5.405404788827525,5.527888389008988,10.577837301587302,10.963349454365083,10.55564217658813,12.482814921396962,12.423680536556553,11.799972055186037,11.739583333333334,11.63291666666667,11.445435159768422,11.223571919913768,10.083063697433222,10.446571262367327
2017-02-28,POMRB,3.63625,7.55,11.768750000000002,12.93,3.9030902777777783,3.9960416666666667,3.7122604612141767,4.027224445142616,4.683666516459266,4.620537575577972,6.759375,6.855416666666661,6.954445354012817,7.597227847684764,6.423121046575586,6.192760045016767,10.689285714285713,10.63509424603175,11.04088530595288,12.473853533822991,12.795141692031777,11.946703977340816,12.000416666666668,12.03166666666667,12.039261095861054,11.79081759480508,11.541853414296458,11.369207566538924
2017-05-31,PREMON,6.2250000000000005,7.825,11.7675,13.156666666666665,4.098950892857143,3.7886805555555556,4.7173562767285055,4.618414302395987,7.295642906831457,7.05435153019412,6.6865625,6.707499999999996,7.302667212407691,7.915282632237036,8.685111680492358,8.901485450834404,11.081607142857143,10.520580357142862,11.331531183571727,12.464221966741516,14.258395839598041,13.525469539406847,12.495416666666666,11.447500000000003,12.486223324183298,12.22408840522916,12.939567910529826,11.12312741737029
2017-08-31,MONSOON,3.4275,5.075,9.477142857142855,11.4,4.064620535714286,4.0175,4.201413766037104,4.231826255125531,2.8765871561936343,2.9918173069541973,6.401458333333333,6.811249999999996,6.4116003274446145,7.534103894199307,5.4922467361790055,4.77637098947242,11.49954613095238,10.857991071428575,10.589775853000177,12.304770893408708,11.400178876431587,11.66370829289659,12.169166666666666,12.553333333333336,12.051733994509979,11.819664358580605,12.000452730278228,13.512457355511254
2017-11-30,POMKH,3.4328571428571424,5.7974999999999985,12.2075,12.263333333333335,4.0894642857142856,4.1804017857142854,3.893991116765119,3.901320658845478,3.0208474145063136,3.366170913810861,6.419166666666667,6.561874999999995,6.165960196466768,7.3124459382083185,5.728784740875327,5.718639310196051,13.652931547619048,11.305223214285718,11.236865511800106,12.328490646399041,12.53079274987557,11.836006427775928,12.046875,12.437500000000004,12.136373730039322,11.901318773793694,11.551373569078077,11.865577027382585
2018-02-28,POMRB,2.7099999999999995,6.266666666666668,13.323333333333334,10.783333333333333,4.009620535714285,3.9488392857142856,3.4203946700590713,3.404757515117772,4.108460046821086,4.313990833638475,6.871666666666666,6.2410416666666615,6.2062427845467285,7.192608483824714,6.5467611777335435,6.146607159467459,15.74760119047619,11.693869047619051,12.071452640413398,12.423308326837573,12.91160770996003,12.478392858070734,12.111666666666668,11.900833333333336,11.595157571356927,11.387290184451366,12.232766558104393,11.998443432148026
2018-05-31,PREMON,7.35,9.25,27.44,14.325,3.7484263392857144,4.2300892857142856,4.992236802035443,4.572064722955244,6.688008684298697,6.411395803138376,6.7882291666666665,6.597291666666661,7.423745670728037,7.757782760179534,8.59599316741579,8.148725030769642,16.137270833333336,15.611994047619053,18.21887158424804,13.43595135125088,14.382879672313177,13.718611991714651,12.059375,12.192916666666669,12.687094542814156,12.422513503994246,12.48848689415642,12.121835678946296
2018-08-31,MONSOON,1.66375,7.27,10.562000000000001,10.75,,3.7891517857142856,3.660842081221266,3.7287337043637976,3.043531820547602,3.406845507734903,,7.146041666666661,7.362247402436822,7.80863170142674,5.632089045877472,5.958456381528842,,15.88320833333334,15.156122950548824,13.308857658182488,11.613211779640304,14.536254271690957,,12.03041666666667,11.912256725688493,11.693323846955884,12.201110820397,12.092360723213204
2018-11-30,POMKH,3.107053571428571,2.935,14.24,12.495,,3.707700892857143,3.439326677304188,,3.022970159205756,2.9893669417874715,,6.430416666666661,5.5913484414620935,,6.179402324530229,6.797472097935799,,16.39133333333334,14.789673770329294,,12.749159713088428,12.23800871990182,,12.088333333333335,12.145354035413096,,11.409681263398053,12.018751818559087
