Date,Season,Baskhari,Ramnagar,Akbarpur,Tanda,Bhiti,Bhiyaon,Katehari,Jalalpur,Baskhari_Trend,Baskhari_SMA,Baskhari_EWMA,Baskhari_DES,Baskhari_TES,Baskhari_ARIMA,Ramnagar_Trend,Ramnagar_SMA,Ramnagar_EWMA,Ramnagar_DES,Ramnagar_TES,Ramnagar_ARIMA,Akbarpur_Trend,Akbarpur_SMA,Akbarpur_EWMA,Akbarpur_DES,Akbarpur_TES,Akbarpur_ARIMA,Tanda_Trend,Tanda_SMA,Tanda_EWMA,Tanda_DES,Tanda_TES,Tanda_ARIMA,Bhiti_Trend,Bhiti_SMA,Bhiti_EWMA,Bhiti_DES,Bhiti_TES,Bhiti_ARIMA,Bhiyaon_Trend,Bhiyaon_SMA,Bhiyaon_EWMA,Bhiyaon_DES,Bhiyaon_TES,Bhiyaon_ARIMA,Katehari_Trend,Katehari_SMA,Katehari_EWMA,Katehari_DES,Katehari_TES,Katehari_ARIMA,Jalalpur_Trend,Jalalpur_SMA,Jalalpur_EWMA,Jalalpur_DES,Jalalpur_TES,Jalalpur_ARIMA
1996-02-29,POMRB,1.9,5.3742105263157915,4.001428571428572,3.71,6.17,6.785000000000001,3.2,3.306666666666667,,,1.9,2.0614588869000388,2.044319582271728,0.0,,,5.3742105263157915,5.4654038277211265,4.952690550279765,0.0,,,4.001428571428572,3.172044000825331,3.622609036809713,0.0,,,3.71,2.4146042894412427,3.588620349981713,0.0,,,6.17,6.020863145041329,6.307564328991399,0.0,,,6.785000000000001,6.1091105319051175,6.730439362511727,0.0,,,3.2,2.699323405150819,3.8443897891018777,0.0,,,3.306666666666667,3.3393257809952908,3.3356250000000007,0.0
1996-05-31,PREMON,3.4450000000000003,6.953684210526316,5.791666666666668,5.3900000000000015,6.76,6.35,5.05,5.16,,,2.518,2.371394436689789,2.8782796108027955,1.8999993117783507,,,6.006000000000002,5.487766535944087,7.562579517708171,3.957256738020102e-11,,,4.71752380952381,3.336493922909442,5.1907185170606125,4.001424795978592,,,4.382000000000001,2.807613360593449,5.177996110770581,3.7099974226099692,,,6.406000000000001,6.177728180990884,7.196330028577854,6.169993377751482,,,6.611000000000001,6.114218218510773,6.107015468360877,6.595450418717805,,,3.94,2.780651222156021,5.085217587674762,3.1999957615785237,,,4.048,3.452340041343365,5.216312326869806,3.3066620744103266
1996-08-31,MONSOON,1.765,3.804444444444445,2.95,2.995,6.625,5.3599999999999985,4.17,2.8375000000000004,2.2775,,2.2168,2.3787090333277328,2.060558891171394,2.8158818825128247,5.180116959064329,,5.125377777777779,5.510220739744419,3.358471199909668,-3.990293074522407e-11,4.002738095238096,,4.010514285714286,2.7484386946537787,3.067367610204747,5.121850973557368,3.8356250000000007,,3.8272000000000004,2.768000119754649,3.6884215711637607,5.148155558064079,6.401249999999999,,6.493600000000001,6.267501392384299,4.272546743051448,6.588437542668226,6.22375,,6.1106,6.119330174928145,5.57146174588416,6.213379656291742,3.88625,,4.032,2.740423504791043,2.038748994313774,4.3650212714358165,3.804583333333334,,3.5638,3.427118331222354,2.919570646710814,4.477163921642589
1996-11-30,POMKH,1.7999999999999998,4.5244444444444465,3.33,3.12,5.324999999999998,6.4,2.75,3.4450000000000003,2.3343749999999996,2.2275,2.05008,2.37814686412826,1.8337755141336574,2.1411609916310486,5.168910818713451,5.1641959064327505,4.885004444444446,5.532766820274681,4.6054008889634614,-5.889601815068934e-11,3.9669940476190475,4.01827380952381,3.738308571428571,2.5124151162852355,3.1173576848230353,3.737358390033193,3.8837500000000005,3.803750000000001,3.5443200000000004,2.756746794999129,3.1595992297034527,2.4168024299084827,6.7075,6.22,6.026159999999999,6.039139036096368,6.343675660180034,6.463470001032636,6.22375,6.223750000000001,6.22636,6.124446405965975,6.417152530629034,5.335062186171021,4.0175,3.7925,3.5192,2.474335424501215,3.2238541280882727,3.904004198040263,3.9296875000000004,3.687291666666667,3.51628,3.437377068834687,3.5512459229958937,3.3348970234197655
1997-02-28,POMRB,2.3,5.5015789473684205,3.8771428571428577,3.965,7.62,6.785000000000001,3.95,4.245,2.133125,2.3275,2.150048,2.4515966499110373,2.1722176472289445,1.909027206352767,5.194463364293086,5.196038011695908,5.131634245614036,5.555405153915949,5.233065302021725,4.749916602092631,4.041785714285714,3.9872023809523816,3.7938422857142857,2.59467509849451,3.862913945242178,3.8837730749691555,3.984375,3.8675000000000006,3.712592,2.8846278754457817,3.7920516867731173,4.152165463888771,6.569999999999999,6.5825,6.663696,6.388537072826159,6.796139693186288,5.853626878362051,6.223750000000001,6.223750000000001,6.449816,6.1295669147984455,6.799118823238493,6.289240993745678,3.84625,3.9800000000000004,3.69152,2.5284399167207168,4.087663563131074,3.204201472957423,3.9225000000000003,3.9218750000000004,3.8077680000000003,3.4945272817846273,3.433997050142251,3.4223163370506593
1997-05-31,PREMON,3.5,6.736666666666667,5.63,5.52,7.76,6.35,5.35,5.2225,1.9181249999999999,2.34125,2.6900288000000003,2.7226335860579938,3.0795863343450853,3.2595812829995214,5.307446922299622,5.141783625730996,5.773647214035089,5.5781361185907645,7.811893999311968,6.145911090669851,4.068392857142858,3.9467857142857143,4.528305371428571,3.3484887812062984,5.377642060591221,5.20382029275998,4.131875,3.9000000000000004,4.4355552,3.2476467106030724,5.418142849891371,4.576559980702463,6.110624999999999,6.8325,7.1022175999999995,6.689318883242171,8.269436734199008,7.46581613160713,6.22375,6.223750000000001,6.4098896,6.1346917045016935,6.163783884789583,6.389985535369555,3.6437500000000003,4.055000000000001,4.354912000000001,2.9125060194084074,5.409884443499527,4.913352370482277,3.8553125,3.937500000000001,4.3736608,3.609105504978592,5.359022084925405,4.817841318584334
1997-08-31,MONSOON,0.1,4.225882352941177,3.71,3.67,4.525,5.3599999999999985,2.5,2.7175,1.859375,1.925,1.6540172800000001,2.3955226176271402,2.2223944498680215,2.004095101556131,5.365126902734778,5.247143102855179,5.154541269597524,5.6009600867503915,3.5131203260362307,3.3625020344670227,3.8648214285714286,4.136785714285715,4.200983222857142,3.3980617330798344,3.203252481702777,3.41002993687893,4.19625,4.0687500000000005,4.12933312,3.268045730546179,3.575132286688847,3.808167520215155,5.471875,6.307499999999999,6.07133056,6.180571213756988,5.301205699961363,7.147755702470802,6.22375,6.223750000000001,5.9899337599999996,6.139820778316152,5.618384844430943,5.7369433541567565,3.58125,3.6375000000000006,3.6129472000000002,2.695556027401162,2.3594537275744014,4.28173553014876,3.67625,3.907500000000001,3.71119648,3.574213600248289,3.0580498530079367,3.443181713523505
1997-11-30,POMKH,1.745,5.006875,2.782857142857144,3.625,3.75,6.4,2.8,3.0275,1.761875,1.9112500000000001,1.6904103680000002,2.341755115202148,1.5027606723587659,1.2559163617200948,5.385713848039216,5.367750741744068,5.095474761758514,5.6238774447051325,4.814208111770837,3.9988634007989483,3.6671428571428577,4.0,3.6337327908571426,3.1406676325732787,3.3446220799427566,3.7065746400495727,4.149375,4.195,3.927599872,3.280499693224931,3.3249547829177413,3.038577559473242,4.753750000000001,5.913749999999999,5.142798336,5.611944016123605,5.470158254038017,4.176275849497123,6.22375,6.223750000000001,6.1539602559999995,6.144954141062522,6.455937779817643,5.656712914683652,3.60875,3.6500000000000004,3.2877683199999996,2.583536999808252,3.224801199557069,2.404071546623352,3.6821875,3.8031250000000014,3.437717888,3.5568503121517447,3.675479284195695,3.358158366038439
1998-02-28,POMRB,1.885,5.4805882352941175,2.795714285714286,3.975,4.085,6.785000000000001,3.4,3.23,1.9826562499999998,1.8075000000000003,1.7682462208,2.306192568981238,1.9156671023095377,1.961176857999684,5.356861213235295,5.362503063725493,5.249520151172756,5.64688857403778,5.497418034566993,5.092846679398394,3.33,3.7296428571428573,3.2985253888,2.9379073563705402,3.9767938659814415,3.735303994021865,4.4925,4.197500000000001,3.9465599231999997,3.3494987397415303,4.050746061812599,4.213696617909414,3.9531250000000004,5.029999999999999,4.7196790016,5.251204703452122,5.496131695630862,5.862486470126699,6.223750000000001,6.223750000000001,6.4063761536,6.150091795926946,6.831177566186211,6.379796660288395,3.4762500000000003,3.5125,3.332660992,2.6298166736661335,4.0964897788391355,3.5718749050680616,3.6009374999999997,3.5493750000000013,3.3546307327999996,3.550748613227592,3.577124445827237,3.6873508768050502
1998-05-31,PREMON,3.135,6.922352941176469,5.13,5.135,5.5500000000000025,6.35,6.12,6.285,2.2809375000000003,1.7162500000000005,2.3149477324800003,2.479236535995701,2.7802887140471584,3.1924733033614183,5.330629595588235,5.408924632352943,5.918653267174241,5.669993860127751,8.018322040557802,6.404076524474624,2.9658928571428578,3.6046428571428573,4.0311152332799995,3.6014137346046065,5.316511449466393,4.996388372937059,4.780625,4.101250000000001,4.421935953919999,3.5986965265914495,5.641153433534068,4.909074033400987,3.2193750000000003,4.477500000000001,5.051807400960001,5.30889217733122,5.610588090506399,5.325744792724628,6.22375,6.223750000000001,6.38382569216,6.15523374599754,6.190282696087387,6.2559508852871195,3.29375,3.7050000000000005,4.4475965952,3.2901131622880313,5.328948997873633,4.8850871279231205,3.3518750000000006,3.8150000000000013,4.526778439679999,3.725406618800235,5.3872476195387815,4.542211510408511
1998-08-31,MONSOON,2.23125,3.809375,1.512857142857143,6.8,0.33,5.3599999999999985,0.67,1.005,2.3984375,2.2490625000000004,2.281468639488,2.490098327372503,1.90537140017729,1.0442970418932616,5.382151756535946,5.304797794117649,5.074941960304544,5.693193680251356,3.715337790666954,3.766252281094965,2.9369642857142857,3.055357142857143,3.0238119971108572,2.9518170022257877,3.077865014992213,3.3512399965713078,4.609375,4.883750000000001,5.373161572352,4.089143481224252,3.7753489212791296,3.777287086694656,2.9868750000000004,3.4287500000000004,3.163084440576001,4.159029960522314,2.9152501047927846,4.674390732342317,6.22375,6.223750000000001,5.974295415296,6.160379994526722,5.640287980225794,5.48714906879256,3.39,3.2475000000000005,2.93655795712,2.7434076678260224,2.415200093109639,3.756827010389755,3.3062500000000004,3.386875000000001,3.1180670638079997,3.5859449729565456,3.1287595594944655,3.5785458033470885
1998-11-30,POMKH,2.0,5.213529411764705,2.067142857142857,2.8,2.075,6.4,3.17,2.7475000000000005,2.5609375,2.3128125000000006,2.1688811836928004,2.4548015587298564,1.846241710107748,2.1807330277309727,5.454753880718954,5.356461397058824,5.130376940888609,5.7164884291291305,4.890824499057959,4.469904942556741,2.959285714285714,2.876428571428571,2.641144341123657,2.580521182864055,2.915899520086124,2.5573623544579838,4.50875,4.677500000000001,4.3438969434112,3.8714108402260456,3.701262559389934,4.713730355210974,2.926875000000001,3.0100000000000007,2.727850664345601,3.673792695140996,1.9843315786805906,1.4216821995293016,6.22375,6.223750000000001,6.1445772491776,6.165530546347187,6.474042265798379,5.75276623578447,3.30875,3.3400000000000007,3.0299347742719998,2.7738815590803334,2.9776488787620377,1.953195948837101,3.2378125000000004,3.3168750000000014,2.9698402382848,3.549052225031857,3.630002690059322,2.6759147025074492
1999-02-28,POMRB,2.57,5.686111111111113,3.28,3.43,3.9,6.785000000000001,3.8,3.145,2.80390625,2.4840625000000007,2.3293287102156803,2.511177177600656,2.2352774009852827,2.2411967229804075,5.5096114174836615,5.407842116013073,5.35267060897761,5.739878493546585,5.600432128081752,5.207118731486917,2.884672619047619,2.997499999999999,2.896686604674194,2.692789351633168,3.50605154726797,3.1166513913235105,4.013125,4.541250000000001,3.9783381660467203,3.783390119090775,4.242172068357233,2.9572966904843927,2.9162500000000002,2.963750000000001,3.196710398607361,3.7180789396532963,3.1112596934164642,4.214408782803352,6.223750000000001,6.223750000000001,6.40074634950656,6.1706854046570845,6.846142200277708,6.354385976942634,3.28625,3.440000000000001,3.3379608645631995,2.9489643747673453,3.948467770927568,3.6135575231108983,3.3593750000000004,3.295625000000001,3.03990414297088,3.5351678707597296,3.528336668595772,3.4649348734020986
1999-05-31,PREMON,3.75,7.2976470588235305,4.824285714285715,4.875,5.255000000000001,6.35,5.07,5.8225,3.04,2.637812500000001,2.897597226129408,2.763876892875151,3.1984751871708843,3.3851620265746014,5.512879901960785,5.501665645424838,6.130661188915978,5.7633642655009,8.142145406835956,6.558716627278266,2.8632738095238097,2.9210714285714277,3.6677262485188025,3.3704027906510174,4.985599111988653,5.0921578151176,3.7375000000000003,4.47625,4.3370028996280325,3.941334898744695,5.641961201592472,5.7433742144407685,2.8925000000000005,2.890000000000001,4.020026239164417,4.062141057524676,4.563204316277243,5.25230667357831,6.22375,6.223750000000001,6.380447809703936,6.175844572556545,6.202652021222073,6.288859011487955,3.4337500000000003,3.177500000000001,4.03077651873792,3.4049451696481543,5.268953221543471,5.400442846300102,3.5911458333333335,3.1800000000000006,4.152942485782528,3.67961120770287,5.39517114682031,4.979701731423173
1999-08-31,MONSOON,3.56,3.8729411764705866,1.2216666666666671,3.095,0.54,5.3599999999999985,1.54,2.44,3.1700000000000004,2.9700000000000006,3.1625583356776445,2.975118703408705,2.3766549487752084,1.4462566512689357,5.534355392156863,5.517557189542485,5.227573183937821,5.786946127769745,3.890209694833544,3.763902967350023,2.842232142857143,2.8482738095238087,2.6893024157779486,2.727246739181185,2.7506420384071153,2.597228290036324,3.88,3.55,3.84020173977682,3.79197857887696,5.13160425047013,4.561974815281002,2.7687500000000003,2.9425000000000012,2.62801574349865,3.2480887746632336,2.3253040540906875,3.14203831431281,6.22375,6.223750000000001,5.972268685822361,6.181008053310013,5.65051209952947,5.556375131253135,3.5037500000000006,3.395000000000001,3.034465911242752,3.061402475744065,2.1961845332647694,2.3645821479203173,3.7391666666666663,3.5387500000000003,3.467765491469517,3.622688138131955,2.9446912753009897,2.4408396373058494
1999-11-30,POMKH,2.56,5.176111111111111,2.1871428571428573,4.3,1.675,6.4,3.48,3.1666666666666665,3.2587500000000005,3.1100000000000008,2.9215350014065864,3.0017124420300556,2.548855704372668,2.8683833312984253,5.653302287581699,5.508202614379087,5.206988354807137,5.810624481810842,5.043101351408143,4.713988519998113,2.840904761904762,2.878273809523809,2.488438592323912,2.49050071469394,2.5939522251500287,2.207283925871129,3.916875,3.925,4.024121043866092,3.8570575355906787,3.373541598319358,2.94114859605589,2.66,2.842500000000001,2.2468094460991903,2.881596080079851,1.880740381768827,1.7589238044916145,6.22375,6.223750000000001,6.143361211493417,6.1861758517622185,6.482493221238339,5.711240057818354,3.52875,3.4725000000000006,3.212679546745651,3.1543875670564496,2.933556833817586,2.6396429366783893,3.8753124999999997,3.643541666666667,3.3473259615483766,3.6081379174845485,3.5927570544480267,3.118265934724077
2000-02-29,POMRB,3.05,5.895333333333332,2.9916666666666667,3.0700000000000003,3.31,6.785000000000001,4.05,3.91,3.28,3.2300000000000004,2.972921000843952,3.0998413779291654,2.899416468584538,2.6849664578514365,5.647157329598506,5.560508169934642,5.482326346217615,5.834399721414363,5.714200882958753,5.325806479017042,3.0652023809523814,2.806190476190476,2.6897298220610137,2.574893647927431,3.248811758107755,3.0952145714054167,4.2175,3.835,3.6424726263196554,3.715541108122887,4.009272732653123,4.397327232159167,2.818125,2.695000000000001,2.6720856676595144,2.973750826317112,2.827456518562624,3.877217350044191,6.223750000000001,6.223750000000001,6.40001672689605,6.191347971123358,6.853127510770157,6.352801668187439,3.48625,3.535,3.5476077280473906,3.368284508683064,3.9612518877055223,3.7573165664586834,4.16375,3.834791666666667,3.572395576929026,3.637022036033741,3.5389281484210153,3.248021726721763
2000-05-31,PREMON,3.98,8.04,5.102000000000001,5.53,4.975,6.35,5.02,6.1466666666666665,3.29625,3.2875000000000005,3.375752600506371,3.3461904603048356,3.8129365414505507,3.770147521351894,5.6017512400793645,5.746096405228759,6.505395807730569,5.858272245503665,8.275291206231369,6.748750787955025,3.3182678571428577,2.8756190476190477,3.6546378932366084,3.435043881193684,4.723806776153273,4.807308102501928,4.479375000000001,3.9987500000000002,4.397483575791793,3.991503307167868,5.422327865093434,4.087215444955678,3.0625,2.625000000000001,3.5932514005957086,3.425554770516165,4.093238197097243,4.848827003241228,6.22375,6.223750000000001,6.38001003613763,6.1965244145056175,6.208425872832396,6.389621686136373,3.41125,3.5225,4.136564636828434,3.7885212034304905,5.319840224646866,5.367142944052416,4.4558333333333335,3.915833333333333,4.602104012824082,3.7980926166673736,5.487768238387189,5.5310540551761616
2000-08-31,MONSOON,3.5,3.0814285714285714,2.7383333333333333,4.8450000000000015,2.085,5.3599999999999985,1.25,4.423333333333333,3.3104166666666663,3.2725000000000004,3.4254515603038227,3.4950419746202597,2.887394908212295,3.2344515895422603,5.847474702380953,5.548218253968255,5.13580891320977,5.882242439685909,4.147024484319563,3.7787868104091804,3.436010416666667,3.254785714285714,3.288116069275298,3.361091669525266,2.567841311321942,2.2550219851170734,4.7524999999999995,4.436250000000001,4.576490145475077,4.123237335288527,4.450370842339477,4.99026397160505,3.19140625,3.0112500000000013,2.9899508403574253,3.111900710344199,1.9708344036493428,2.3095999513167853,6.22375,6.223750000000001,5.972006021682578,6.2017051851855065,5.655284594961699,5.7300454624305255,3.365,3.45,2.9819387820970604,3.346089072149342,2.2308665253092372,2.1323778420910617,4.50203125,4.411666666666666,4.530595741027782,3.8560282305733464,3.0006973089801647,2.6740763712450697
2000-11-30,POMKH,2.75,5.604375,2.695,4.645,2.085,6.4,3.17,3.52,3.342083333333333,3.3200000000000003,3.1552709361822937,3.497368673217151,2.90561934311157,2.7525668579550624,5.862506087662338,5.655284226190477,5.323235347925862,5.906310716709151,5.087105782521512,4.829953757613632,3.4710625,3.38175,3.050869641565179,3.2443856123526693,2.659978218909405,2.6540942890039396,5.0649999999999995,4.522500000000001,4.603894087285046,4.206757725247545,3.917385557530184,3.4476454771877094,3.3615625,3.1137500000000014,2.6279705042144554,2.8706419950730937,2.6811189653852043,2.729742675635665,6.22375,6.223750000000001,6.143203613009547,6.206890288019831,6.486438025190321,5.671684101842851,3.34,3.3724999999999996,3.0571632692582362,3.3343479926268125,2.9160866644352614,2.766288771681296,4.4565624999999995,4.499999999999999,4.126357444616669,3.859160470378811,3.7599518733702277,3.9351765478923597
2001-02-28,POMRB,2.9733333333333327,7.432857142857142,3.42575,4.91,3.93125,6.785000000000001,3.99,3.92625,3.405833333333333,3.3008333333333333,3.082495895042709,3.52181234961645,3.211190000950734,3.146870582418661,5.7149340503246755,6.039665178571429,6.167084065898374,5.93047747668001,5.836209946350278,5.454435139961703,3.3522708333333333,3.4902708333333328,3.200821784939107,3.3757520885465295,3.3795282521944583,3.206889972612301,5.055,4.982500000000001,4.726336452371028,4.323474967458875,3.8257514687483267,4.20691423346063,3.5578125,3.269062500000001,3.149282302528673,3.1074550259468676,3.3904909478590435,3.9967393047178668,6.223750000000001,6.223750000000001,6.3999221678057285,6.212079726230874,6.856388169358619,6.388188688345221,3.5599999999999996,3.357499999999999,3.430297961554942,3.5002132567292086,3.8967940093576834,3.7110256366115917,4.318020833333334,4.504062499999999,4.046314466770001,3.8852025878030245,3.7640048752448774,3.8358730324114036
2001-05-31,PREMON,4.31,6.622727272727274,4.948333333333334,6.19,5.715,6.35,4.88,5.7666666666666675,3.4358333333333326,3.383333333333333,3.5734975370256254,3.762062474525588,4.0199152515625975,3.9879627031875033,5.641630478896104,5.685346996753248,6.349341348629935,5.954743117934646,8.684649624393687,7.065445619653278,3.3123125000000004,3.4518541666666662,3.899826404296798,4.0359032057059565,4.898940583638387,4.9894724141886,4.715625,5.147500000000001,5.311801871422617,4.635488879026373,5.71014998024119,5.2297260774083405,3.6384374999999993,3.4540625000000014,4.175569381517204,3.6976959787510753,4.69166679498586,5.256028817466782,6.22375,6.223750000000001,6.379953300683437,6.217273502942916,6.211121037043308,6.397591717655301,3.69625,3.322499999999999,4.010178776932965,3.854200598378127,5.256098394607539,5.225091504428889,4.212395833333334,4.409062499999999,4.734455346728668,4.019555956527266,5.72255362130987,5.337519390780309
2001-08-31,MONSOON,3.68,3.318125,1.9416666666666669,4.105,2.915,5.3599999999999985,3.15,3.695,3.484166666666667,3.428333333333333,3.616098522215375,3.8773570422626076,3.1275627533840185,3.8409163056201403,5.329466044372295,5.744521103896106,5.136854809177961,5.979108040691725,4.185576958934374,3.5728167982629313,3.372885416666667,3.2526874999999995,3.1165625092447455,3.5305426565541462,2.694833951700372,2.3061366311684406,4.290625,4.9625,4.82908112285357,4.569817564452616,4.861353801413809,4.993905506143669,3.50203125,3.6615625000000014,3.671341628910322,3.5111161587493736,2.6553362292036273,2.7438909196500827,6.22375,6.223750000000001,5.9719719804100615,6.222471621444575,5.657512338200269,5.735481726690956,3.57375,3.7974999999999985,3.666107266159779,3.7987083159817736,2.154875699368207,1.868748699840408,4.234531250000001,4.226979166666666,4.3186732080372,4.029558412319744,3.247170044731001,4.1294778871959705
2001-11-30,POMKH,2.81,4.781249999999999,3.172,2.67,1.9,6.4,2.36,3.4033333333333338,3.504375,3.4433333333333325,3.293659113329225,3.8252633346926372,3.129554886137857,2.9589668837142926,5.263288825757575,5.5387398538961055,4.9946128855067755,6.003572659536142,5.165881460375091,5.016208175699137,3.297791666666667,3.3719374999999996,3.1387375055468474,3.4725084054240325,2.6517337153583798,2.3600188660478922,4.0875,4.468750000000001,3.9654486737121424,4.2775665607445665,4.418973772803747,3.8987159287297035,3.3025,3.615312500000001,2.9628049773461935,3.135389032891107,3.4540814355866027,3.117610022673955,6.22375,6.223750000000001,6.143183188246038,6.227674086604773,6.4882794120404625,5.688557922456415,3.5425,3.5949999999999984,3.143664359695867,3.5577435132200375,3.157490073645387,3.529433425907477,4.097083333333334,4.1978124999999995,3.9525372581556537,4.020682943634118,3.868761869183853,3.518792014748488
2002-02-28,POMRB,3.3,5.7586666666666675,3.4333333333333336,3.4850000000000003,3.025,6.785000000000001,3.82,4.22,3.4724999999999997,3.5249999999999995,3.296195467997535,3.8417879410223486,3.3908984116165937,3.233448748545207,5.611887648809525,5.120192234848487,5.300234397970732,6.028137381541296,5.731899874969022,5.931723786042894,3.4077916666666668,3.373833333333333,3.256575836661442,3.499166745128402,3.4423305948842224,3.3859191496360173,4.165625,4.112500000000001,3.7732692042272853,4.152761656028936,4.383272296513823,4.0153503747429,3.4762500000000003,3.3887500000000004,2.987682986407716,3.1037626702706933,3.5810270199189596,3.8502226837032514,6.223750000000001,6.223750000000001,6.3999099129476225,6.232880901657919,6.857910205414272,6.4019783226511855,3.6625,3.552499999999998,3.4141986158175204,3.6406846165690894,3.969315368853527,3.501232594450033,3.9629166666666666,4.271249999999999,4.059522354893392,4.058864546342829,3.8826388211050027,3.9019044559860934
2002-05-31,PREMON,4.145,7.767500000000001,4.34,5.99,5.025,6.35,4.8,4.373333333333334,3.4575,3.4837499999999997,3.635717280798521,3.989379998482179,4.239270599851401,4.260288937640078,5.875090773809524,5.4063854166666685,6.287140638782439,6.0528026181053125,8.26165398465515,6.91964820316096,3.7154583333333333,3.2217499999999992,3.689945501996865,3.8369568651224792,4.953658060990037,4.9516245826981775,4.50125,4.062500000000001,4.6599615225363715,4.451231832928441,5.968652747371228,5.426545633086329,4.114375,3.2162500000000005,3.8026097918446298,3.5369972574894533,4.21537386134062,4.740392842586773,6.22375,6.223750000000001,6.379945947768573,6.238092069740431,6.212379107151986,6.334396530942751,3.9662500000000005,3.532499999999998,3.968519169490512,3.9334653451782424,5.289664673748515,5.063383907855786,4.086250000000001,3.922916666666666,4.185046746269369,4.10478064016964,5.845194689507281,5.381797994041498
2002-08-31,MONSOON,3.59,4.962142857142856,3.43,4.93,4.995,5.3599999999999985,4.19,4.015,3.45375,3.4612499999999997,3.6174303684791123,4.026986508342611,3.2432253054710714,3.739440241305857,5.947958333333334,5.817389880952382,5.757141526126606,6.077568772063861,4.080838144087013,3.4912555577815834,3.9076666666666666,3.5938333333333325,3.585967301198119,3.8031645243354677,2.6524711557875778,2.001762685961571,4.983124999999999,4.268750000000001,4.767976913521823,4.541296935411197,4.627117336903173,4.585329700075544,4.800625,3.736250000000001,4.279565875106778,3.8633723760635315,2.0491126972124247,2.3360871027755676,6.22375,6.223750000000001,5.971967568661143,6.243307594153073,5.658552221843266,5.61055873547865,4.19875,3.792499999999998,4.057111501694307,4.070855339575225,2.1702003541890034,2.174258035543061,4.195833333333334,4.002916666666666,4.117028047761622,4.127961149639678,3.308079835646935,3.719510642870371
2002-11-30,POMKH,2.78,5.242857142857143,4.145,4.53,4.925,6.4,3.75,4.07,3.4743749999999998,3.45375,3.2824582210874675,3.9127540096393205,3.189733040150159,2.9963034942890423,5.759791666666667,5.932791666666668,5.551427772818821,6.102436261747903,5.4161400785961735,4.932871220628397,4.129999999999999,3.8370833333333323,3.809580380718871,4.004335342927331,2.8334870748126786,3.0357126390370466,5.291250000000001,4.733750000000001,4.672786148113094,4.554888777825583,3.836261247066025,3.6582538382222154,5.24375,4.4925000000000015,4.537739525064067,4.098401326307725,4.481040355987975,4.217658759486599,6.22375,6.223750000000001,6.143180541196687,6.248527479776924,6.489138949186677,5.750459331438715,4.29125,4.139999999999999,3.9342669010165845,4.091351070755865,3.3374035733088814,3.6185723111064414,4.342499999999999,4.169583333333333,4.098216828656973,4.152911316975061,3.8927680426276274,3.596742991310988
2003-02-28,POMRB,3.3,5.88,3.998,5.48,5.49,6.785000000000001,4.29,4.43,3.5062499999999996,3.4537499999999994,3.289474932652481,3.877745850872651,3.4267479723628798,3.2482190557250945,5.436190476190476,5.963125000000001,5.682856663691292,6.127405502415754,6.025062222983011,5.861318633740108,4.1845,3.978249999999999,3.884948228431323,4.1127722130566635,3.7399339598353296,3.7721251891445826,5.24984375,5.232500000000001,4.995671688867857,4.721497184121473,4.209941369591499,4.336463053322103,5.074999999999999,5.108750000000002,4.91864371503844,4.408443640933255,5.822764082088469,5.630937192612857,6.223750000000001,6.223750000000001,6.399908324718012,6.2537517298585605,6.858620673465848,6.4030290308482,3.9225000000000003,4.2574999999999985,4.076560140609951,4.217055873237038,4.343599446658856,4.086233682176385,4.226458333333333,4.222083333333333,4.230930097194184,4.197779001266932,3.9820278363655257,4.185724644362044
2003-05-31,PREMON,4.31,6.140833333333334,5.5539999999999985,6.46,6.105,6.35,5.07,5.336666666666666,3.5212499999999998,3.494999999999999,3.6976849595914887,4.006469276199431,4.265448534551054,4.296229961306215,5.24795183982684,5.5564583333333335,5.866047331548109,6.152476909740544,8.51993505952501,7.09526070373392,3.953375,4.281749999999999,4.552568937058793,4.752063655405625,5.290363373904122,5.086422316417158,4.9359375000000005,5.350000000000001,5.581403013320714,5.028738733889296,6.222260917826027,6.065405174557522,4.638750000000001,5.378750000000002,5.393186229023064,4.787624311298482,6.592851344262568,6.3830899802858925,6.22375,6.223750000000001,6.379944994830807,6.258980347546578,6.212966359086961,6.306702572517323,3.3475,4.324999999999998,4.47393608436597,4.49939579091248,5.679323155887131,5.191631042043774,3.8366666666666664,4.462916666666666,4.673224724983177,4.295152311124269,5.854796013557072,4.620243323571352
2003-08-31,MONSOON,3.68,4.0,2.652,4.12875,2.565,5.3599999999999985,0.97,2.123333333333333,3.525,3.517499999999999,3.6906109757548933,4.017735300031051,3.3068551664007337,3.7911834757309935,5.116003787878788,5.315922619047619,5.119628398928866,6.177650897546306,3.956475012114695,3.83597733705282,3.8025625,4.087249999999999,3.792341362235276,4.259908754394035,3.1176251585878543,2.804569890556559,4.6996875,5.1496875000000015,5.000341807992428,4.917759337533222,4.996643343140668,4.811752795833385,4.413125,4.771250000000002,4.261911737413838,4.26940196767406,3.6377438938384787,3.549559715852461,6.22375,6.223750000000001,5.971966996898484,6.2642133361539285,5.659037626970709,5.566038907702731,3.1325,3.519999999999998,3.072361650619582,3.8523781468292038,2.540638649715907,2.8094076828437635,3.6354166666666665,3.9899999999999984,3.6532681683232395,4.199972270043241,3.4848051264692206,4.108867898375214
2003-11-30,POMKH,2.81,4.699090909090909,3.0740000000000007,2.82,3.865,6.4,2.37,2.8433333333333337,3.4827777777777778,3.524999999999999,3.338366585452936,3.8736200459044885,3.26047713387123,3.0124296875221037,5.260172348484848,5.17998106060606,4.951413402993683,6.2029278905373895,5.121707744501008,4.985769488053423,3.7441875000000002,3.8194999999999997,3.505004817341166,3.929420470254209,3.116625267772057,3.0737090807483445,4.658437500000001,4.722187500000001,4.128205084795456,4.604967713822977,4.318095793564465,3.982235718705631,4.309374999999999,4.506250000000002,4.1031470424483025,4.168206698773272,3.626405802291363,2.778989099302525,6.22375,6.223750000000001,6.14318019813909,6.269450700573887,6.489540170747146,5.754030165434656,3.1075,3.174999999999998,2.7914169903717494,3.5369868502529638,3.1311264298238264,2.5421036682938225,3.5083333333333333,3.683333333333332,3.3292942343272776,4.145896495403972,3.929277488175833,3.2990131060147987
2004-02-29,POMRB,3.3,5.368181818181818,3.8625,5.3,4.745,6.785000000000001,3.95,4.046666666666667,3.3631805555555556,3.5249999999999986,3.3230199512717613,3.809586222885073,3.4864999750055317,3.3978384344414794,5.470540404040404,5.052026515151515,5.118120769068938,6.228308310125707,5.680015131684661,5.838231062689287,3.9065624999999997,3.7856249999999996,3.6480028904046993,3.8998948689718143,3.8248066448072797,3.4999127003326085,4.682343749999999,4.677187500000001,4.596923050877274,4.7329771935141585,4.841991046077239,4.428447029731496,4.493125,4.320000000000002,4.359888225468982,4.291695505165209,4.843270506305097,4.90943487054302,6.223750000000001,6.223750000000001,6.399908118883454,6.274692444065239,6.858952311372981,6.388476415748282,3.3875,3.089999999999998,3.2548501942230494,3.5855345290662246,3.94879264836342,3.6239530815707037,3.581666666666667,3.5874999999999986,3.6162432072630333,4.1619403300032,3.9593299263892523,3.8942826027818
2004-05-31,PREMON,3.9722222222222223,7.806,5.2225,6.31,6.02,6.35,5.21,4.703333333333333,3.2979930555555557,3.4405555555555543,3.5827008596519456,3.856771007416955,4.309080422684482,4.208009305460589,5.493626262626263,5.468318181818182,6.193272461441363,6.2537925826001315,8.141033453191556,6.8322199889645665,4.113625,3.70275,4.27780173424282,4.356899002753812,5.342970295636744,5.150253023084989,4.9624999999999995,4.639687500000001,5.282153830526365,5.010818787584071,6.428654501031126,6.440327003762333,4.8149999999999995,4.298750000000002,5.023932935281389,4.678376779319241,5.755926243741028,5.837940275557634,6.22375,6.223750000000001,6.379944871330072,6.279938569788797,6.213240481198725,6.340294621749452,3.7962499999999997,3.1249999999999982,4.0369101165338295,3.91462392545302,5.293319719225519,4.995003948476922,3.8937500000000003,3.4291666666666654,4.051079257691153,4.215806361440941,5.754296967020277,4.482294833305522
2004-08-31,MONSOON,3.0610000000000004,4.017777777777777,4.2825,4.47,4.12,5.3599999999999985,3.07,3.3433333333333333,3.2957430555555556,3.2858055555555543,3.3740205157911674,3.746920128580365,3.2475889553412203,3.637743372820033,5.501123421717171,5.472762626262626,5.3230745879759285,6.279381121981121,3.992519064919649,3.857392331936691,4.1396875,4.1103749999999994,4.279681040545691,4.4280350938862325,3.113993245637776,2.698529555098282,5.2524999999999995,4.7250000000000005,4.957292298315819,4.954387677126909,4.764116284417213,4.2639748040705445,4.994375,4.687500000000002,4.662359761168833,4.541123975028868,3.257977650371625,3.328014966741851,6.22375,6.223750000000001,5.9719669227980425,6.285189081069742,5.65926420822254,5.6288939850580375,3.9862500000000005,3.649999999999998,3.6501460699202974,3.7589458744545086,2.239124703731163,2.421528977939423,4.165,3.7341666666666655,3.7679808879480254,4.187723761886778,3.3024268534249837,3.2034150917896604
2004-11-30,POMKH,2.9075,4.8660000000000005,3.1,4.72,4.885,6.4,3.54,4.12,3.2813055555555555,3.310180555555554,3.1874123094747002,3.613165715807492,3.0502038872185198,2.741154706360778,6.056154671717172,5.514489898989899,5.1402447527855575,6.3050743630221575,5.154043745265187,4.893327389127706,4.1496875,4.116874999999999,3.8078086243274147,4.05771618568503,3.3522540118947517,3.694339341500309,5.30875,5.2,4.862375378989491,4.944140945771613,3.861062980245702,3.8841930961207587,5.10625,4.942500000000001,4.7514158567013,4.610568015599701,4.422947576720217,3.9805171895826668,6.22375,6.223750000000001,6.143180153678825,6.2904439828135885,6.489727456126448,5.728770358660478,4.07875,3.942499999999998,3.606087641952178,3.711625233419875,3.215356522770837,3.229920280576848,4.467916666666667,4.053333333333332,3.908788532768815,4.2045340424194295,3.8296458847910735,3.5532259742245946
2005-02-28,POMRB,3.1844999999999994,5.26125,4.044999999999999,5.72,5.16,6.785000000000001,4.3,4.94,3.281305555555556,3.2813055555555533,3.18624738568482,3.530655701670421,3.3592589242243527,3.3593411217046656,7.538580176767677,5.4877569444444445,5.188646851671335,6.330872733335233,5.739669456562591,5.698976284612898,3.963229166666667,4.162499999999999,3.9026851745964484,4.0460316696221374,4.029742694749105,3.6517780703403835,5.13,5.305,5.205425227393694,5.097615928137536,5.218562186015561,5.333706868925104,5.153125,5.046250000000001,4.91484951402078,4.72689815138833,5.775671433363278,5.537692369411184,6.223750000000001,6.223750000000001,6.399908092207296,6.295703278291369,6.859107115943144,6.3939826724396855,3.8562499999999997,4.0299999999999985,3.8836525851713066,3.833653963770949,4.2074249220670845,4.119879498589185,4.65,4.2766666666666655,4.3212731196612895,4.268913550616157,3.992134992921289,4.2776117920128325
2005-05-31,PREMON,3.9722222222222223,12.35318181818182,5.12,6.34,6.5,6.35,5.6,6.2333333333333325,3.281305555555555,3.2813055555555533,3.5006373202997807,3.5844707802401006,4.185006915648167,4.0757558310614765,9.250380681818182,6.624552398989899,8.05446083827553,6.35677667481339,8.166870807350683,7.031639720022083,3.819583333333333,4.136874999999999,4.3896111047578685,4.416735305612665,5.544621381853181,5.2927024926230875,4.84,5.3125,5.659255136436217,5.333998383625984,6.583876684308909,6.158596420748385,4.9875,5.166250000000001,5.548909708412468,5.122943805585524,6.373755391921401,6.135010229072589,6.22375,6.223750000000001,6.379944855324378,6.300966970676158,6.213368438090125,6.372785111533303,3.455,4.127499999999998,4.570191551102784,4.239244831945053,5.566627966736695,5.179519244334314,4.6433333333333335,4.659166666666666,5.086097205130107,4.409103562048132,5.773114476578383,4.9621750101537385
2005-08-31,MONSOON,3.0610000000000004,11.33,2.893333333333333,3.01,4.0150000000000015,5.3599999999999985,0.9,3.27,3.281305555555556,3.2813055555555533,3.3247823921798685,3.4867706822975033,3.1569884543324633,3.4097003261190437,10.858565340909092,8.452607954545456,9.364676502965317,6.3827866051967055,4.936188902267907,3.87738064653441,3.8389583333333333,3.789583333333333,3.7910999961880543,3.966439148255391,3.2711121933452647,3.0270303325958614,4.6225000000000005,4.9475,4.59955308186173,4.996883891491003,4.847413388807071,4.692019473862244,4.860625000000001,5.140000000000001,4.935345825047482,4.859057317265341,3.7920088035187267,3.795623320421912,6.22375,6.223750000000001,5.971966913194626,6.306235063305402,5.659369973614588,5.685287902597063,3.3125,3.5849999999999973,3.10211493066167,3.5932070449005873,2.531176605840066,2.762067219227104,4.6345833333333335,4.640833333333332,4.359658323078064,4.371906877350765,3.463065260311781,3.6072926882465626
2005-11-30,POMKH,2.9075,11.24818181818182,3.34,3.86,3.665,6.4,2.5,4.14,3.2813055555555555,3.281305555555553,3.157869435307921,3.369592856851399,2.984045921830983,2.8301635111680197,11.653579545454546,10.048153409090911,10.118078629051919,6.408902959808059,7.390529092743499,4.863801377613668,3.8864583333333336,3.849583333333333,3.6106599977128324,3.718665256375071,3.2829742770837886,3.1499657644449894,4.5225,4.7325,4.303731849117038,4.836791258252675,4.3388194929075405,3.6543930290262123,4.964375,4.835000000000001,4.4272074950284885,4.576005978446999,4.568457650554388,4.075481894606768,6.22375,6.223750000000001,6.143180147916776,6.311507561096897,6.489814878679705,5.71509763645182,3.3,3.3249999999999975,2.861268958397002,3.3297356945096435,3.1119404550321805,2.5568499337514483,4.559166666666667,4.645833333333332,4.2717949938468385,4.3848186237727695,3.9952688200026896,3.730561264606262
2006-02-28,POMRB,3.1844999999999994,11.744545454545458,3.96,4.84,5.365,6.785000000000001,4.2,4.8500000000000005,3.281305555555556,3.2813055555555524,3.1685216611847524,3.306657204112176,3.310949297498418,3.27347928809538,10.884878246753248,11.668977272727275,10.768665359249335,6.435126175114978,8.817730781392866,5.568770775581385,4.029166666666667,3.828333333333333,3.7503959986276993,3.726307794986361,4.005746007157476,3.824465715521747,4.8525,4.5125,4.518239109470223,4.854623175459603,5.513994368181537,5.691678883344746,5.220625,4.886250000000001,4.802324497017093,4.7472134931167576,5.090972455431115,4.680043032038764,6.223750000000001,6.223750000000001,6.399908088750066,6.316784467333965,6.859179376846907,6.404175810484282,3.675,3.299999999999997,3.396761375038201,3.4574829975439196,3.9535697242816132,3.7765967461079115,4.608124999999999,4.623333333333332,4.503076996308103,4.438507169856479,4.1884660194349115,4.554384229442531
2006-05-31,PREMON,3.9722222222222223,12.229999999999995,5.585,6.42,7.125,6.35,5.6,5.72,3.281305555555555,3.2813055555555524,3.4900018855997406,3.381696787608111,4.149730437285441,3.89568622658515,9.34422382305195,11.63818181818182,11.3531992155496,6.461456688338355,11.936194326863847,8.255448118172637,4.19875,3.944583333333333,4.48423759917662,4.324549576244544,5.5116929228973675,5.244762338339807,5.477499999999999,4.5325,5.278943465682134,5.128112595734679,6.5525231731895275,5.568703829364007,5.688124999999999,5.042500000000001,5.731394698210256,5.281557977917541,6.229979662365066,6.324561947087112,6.22375,6.223750000000001,6.37994485325004,6.32206578520198,6.213428166821633,6.359058059415856,4.34375,3.2999999999999976,4.2780568250229205,3.8964483910203436,5.337485815279141,5.201598971789967,4.9275,4.494999999999999,4.989846197784861,4.54258020388941,5.931683321366508,5.235789953240699
2006-08-31,MONSOON,3.0610000000000004,5.303571428571429,3.5700000000000003,5.57,5.44,5.3599999999999985,3.9,4.175,3.281305555555556,3.2813055555555524,3.3184011313598445,3.3065028229682776,3.1312289937616518,3.1443103362778695,7.825138122294371,10.131574675324678,8.93334810075833,6.487894925516158,7.915334219622144,5.619373076849716,4.354166666666666,4.11375,4.118542559505972,4.151109984577816,3.3110876960084523,3.203077527750687,6.001250000000001,5.172499999999999,5.39536607940928,5.229931514141376,4.204103874091668,4.441848888502303,6.276875,5.3987500000000015,5.614836818926154,5.307073665058393,4.115636853446103,4.256923346362303,6.22375,6.223750000000001,5.971966911950023,6.3273515180507,5.659419343622166,5.65561392187547,4.779999999999999,4.049999999999998,4.126834095013752,3.9406773661796333,2.3388404946474037,2.342769505478116,5.289375,4.7212499999999995,4.663907718670917,4.553330718684791,3.552999692275275,3.889798486111289
2006-11-30,POMKH,2.9075,4.949375,4.02,6.3,5.98,6.4,4.85,5.79,3.2813055555555555,3.281305555555552,3.1540406788159068,3.212330924274308,2.9652359430582953,2.9765421192472394,7.114236607142856,8.556872970779224,7.339758860454998,6.5144413389399185,8.54154379305333,6.348843810546505,4.483958333333334,4.2837499999999995,4.079125535703583,4.138282953551112,3.4161706177063755,3.4662334491013365,6.322500000000001,5.7825,5.757219647645568,5.43843983291837,4.326243666781825,4.459127254409593,6.655625,5.977500000000002,5.7609020913556925,5.450241526676192,5.561702849226295,4.942542740593273,6.22375,6.223750000000001,6.143180147170014,6.332641670810241,6.48985568647163,5.734595771607572,4.99125,4.6374999999999975,4.416100457008251,4.186913293602019,3.4323744767043154,3.60692880531232,5.545000000000001,5.133749999999999,5.114344631202551,4.65847472882248,4.149250233421824,4.406863442943363
2007-02-28,POMRB,3.1844999999999994,5.890666666666666,4.523333333333333,6.59,7.76,6.785000000000001,5.34,6.0950000000000015,3.281305555555556,3.2813055555555515,3.166224407289544,3.172203030877807,3.297213943815267,3.2053123506287626,7.713061011904761,7.0934032738095265,6.760121982939665,6.541096373503106,8.456432443392561,6.9954672345156235,4.598333333333333,4.424583333333333,4.256808654755483,4.29694436871527,4.219002348926279,4.149222481736411,6.132499999999999,6.22,6.090331788587341,5.669387506051729,5.507069407161632,5.864059882737917,6.6875,6.576250000000002,6.560541254813415,5.96759387867941,6.887824175439803,6.309677568777156,6.223750000000001,6.223750000000001,6.399908088302009,6.337936246776256,6.859213107363929,6.40789192354496,4.8725,4.922499999999998,4.78566027420495,4.525255479729919,4.600003509173074,4.744347259807391,5.4868749999999995,5.444999999999999,5.506606778721531,4.780304946633397,4.455899530054395,5.2122863487291
2007-05-31,PREMON,3.9722222222222223,12.396666666666668,6.06,7.24,7.76,6.35,6.15,6.5200000000000005,3.281305555555555,3.2813055555555515,3.4886235332626154,3.2695059875897803,4.139700657713963,3.9054244862483283,8.183437900641024,7.135069940476194,9.014739856430467,6.5678604834023355,10.459902695708656,9.151645432207284,4.715416666666666,4.543333333333332,4.97808519285329,4.987411605250032,5.776205623081938,5.57096495577904,5.69125,6.424999999999999,6.550199073152404,5.979474492394859,6.812849811675811,6.358943695689165,6.30875,6.735000000000001,7.040324752888049,6.365534730196998,8.390496305737942,8.030963515509729,6.22375,6.223750000000001,6.379944852981206,6.34323524914646,6.213456047471976,6.331397517143316,4.4475,5.059999999999997,5.331396164522971,5.022782287162236,6.06319885050136,5.756105545255071,5.2575,5.645,5.911964067232919,4.92590400313531,6.214830964352783,5.927799982267183
2007-08-31,MONSOON,3.0610000000000004,9.927499999999998,4.01,3.23,5.0600000000000005,5.3599999999999985,2.4,2.91,3.281305555555556,3.2813055555555515,3.3175741199575692,3.2154930294747714,3.1239050849396,3.1403606368306316,8.065026098901098,8.291052083333337,9.379843913858279,6.594734099208197,6.772562961945409,5.518634053354725,4.8625,4.653333333333332,4.590851115711974,4.8540267624598785,3.606418795408448,3.5353307734304456,5.4525,5.839999999999999,5.222119443891442,5.594411510244957,5.061815787232485,5.361202874144116,5.755000000000001,6.6400000000000015,6.24819485173283,6.05391817636095,5.3486629201150935,4.9073116648528945,6.22375,6.223750000000001,5.971966911788723,6.348538681282963,5.659442388945264,5.604875237962088,4.155,4.684999999999997,4.158837698713782,4.640576297919781,3.0363295605636744,3.0036522639293897,5.343541666666667,5.328749999999999,4.711178440339752,4.854546474130777,3.9188819704856215,4.275370659499177
2007-11-30,POMKH,2.9075,4.088461538461537,4.516666666666667,5.11,3.33,6.4,2.95,5.22,3.2813055555555555,3.281305555555551,3.1535444719745414,3.1410293211490323,2.959887905234457,2.970510717477017,7.458395146520146,8.075823717948722,7.263290963699582,6.621717663077599,8.569412035655821,5.989730271927384,4.991666666666666,4.777499999999999,4.56117733609385,4.871356630983782,3.7326833462956115,3.8205419517791426,5.325,5.542499999999999,5.177271666334866,5.559194602192758,5.313113277834136,4.449352477241945,5.375,5.977500000000002,5.080916911039698,5.418436261549607,5.8140339602681275,4.896487372270387,6.22375,6.223750000000001,6.143180147073235,6.353846548128242,6.489874735055851,5.75288773929679,4.05625,4.209999999999997,3.6753026192282694,4.371724057233848,3.776891073228076,3.443088643703367,5.5320833333333335,5.186249999999999,4.914707064203851,4.918100792517792,4.490051109233015,4.541017799798168
2008-02-29,POMRB,3.1844999999999994,5.804285714285713,5.203333333333333,5.87,5.98,6.785000000000001,4.9,7.353333333333333,3.281305555555556,3.2813055555555506,3.1659266831847246,3.1190112392570417,3.2933087192532864,3.1996430052485123,6.044237949550449,8.054228479853483,6.679688863934034,6.64881163812471,8.303878087138463,6.703229341330573,4.8325,4.947499999999999,4.818039734989643,5.102119635810811,4.561892231798427,4.498801861176123,5.09625,5.362499999999999,5.454362999800919,5.650784031877946,6.077841734753567,6.561564340171479,4.64125,5.532500000000002,5.440550146623819,5.535900220027697,5.375582761050306,4.841702846138215,6.610000000000001,6.223750000000001,6.399908088243941,6.359158852990324,6.859228852361684,6.402673418000461,3.7437500000000004,4.099999999999997,4.165181571536961,4.532742235781293,4.583993822332925,4.253779646811745,5.233333333333333,5.500833333333332,5.890157571855644,5.106920508497938,4.753289832872351,5.293437400554852
2008-05-31,PREMON,3.9722222222222223,7.63,6.413333333333332,6.94,6.5,6.35,5.8,6.7700000000000005,3.281305555555555,3.2813055555555506,3.488444898799724,3.2330811317951813,4.136848998957754,3.900090437759378,5.444409965034965,6.862561813186817,7.059813318360421,6.676016476309596,10.320781533957025,9.870248339948098,4.5024999999999995,5.035833333333332,5.456157174327119,5.722462773733877,6.16845332553215,6.00548857750166,4.74625,5.2875,6.048617799880551,5.905873945245734,7.087614641618323,6.133350827593215,3.9999999999999996,5.217500000000003,5.864330087974292,5.745217911090774,6.715461803417959,6.835028956498396,7.1025,6.223750000000001,6.379944852946364,6.364475599079304,6.213469061822603,6.3310152333745835,3.41875,4.0124999999999975,4.819108942922177,4.880002463485567,5.979085567536044,5.7015883861423,4.635833333333333,5.563333333333332,6.242094543113387,5.259402719621067,6.499865310895149,6.233789653246569
2008-08-31,MONSOON,3.0610000000000004,3.3809090909090918,2.3833333333333333,1.7,0.45,8.45,0.25,0.27,3.281305555555556,3.2813055555555506,3.3174669392798344,3.1939556753194847,3.1218227571592085,3.1353345829518484,5.7831737012987015,5.2259140859140905,5.588251627379889,6.703332620601511,5.694050516109188,6.527510368416436,4.253333333333333,4.629166666666665,4.227027637929605,4.820562823874841,3.9929688687712734,3.8837481638586766,4.5,4.904999999999999,4.3091706799283305,5.272995024324482,4.444872207219801,4.838772068442919,3.8725,4.065000000000003,3.698598052784575,4.522099838458127,3.9259629902193884,4.134070798211642,7.323125,6.99625,7.2079669117678185,6.369796791655432,5.659453146223519,5.607149560249861,3.3375,3.4749999999999974,2.991465365753306,3.9882736292801275,2.909508128308263,2.7891116888217957,3.956666666666667,4.9033333333333315,3.853256725868032,5.022277900215046,4.14008978907513,4.148658147549279
2008-11-30,POMKH,2.9075,5.836428571428572,3.5033333333333334,3.84,2.81,7.25,2.5,3.08,3.2813055555555555,3.28130555555555,3.1534801635679006,3.1323772797584604,2.9583673554849135,2.965785859532877,5.982108225108225,5.6629058441558495,5.6875224049993625,6.730760538181042,6.380880197548567,5.515278730703708,4.162916666666667,4.375833333333332,3.9375499160910965,4.379302375847963,3.824469235567559,3.4907679847180293,4.48125,4.5874999999999995,4.121502407956998,5.0625396587220175,5.2952165231387,3.805922144040872,3.8125,3.9350000000000027,3.343158831670745,4.1212151640042745,2.453504775512493,1.6379025479279359,7.4375,7.20875,7.224780147060692,6.3751224324224065,7.025780771085133,8.633368681324914,3.2812500000000004,3.362499999999998,2.7948792194519836,3.6338460508794674,3.3250958578692726,2.5785358467388297,3.3468750000000007,4.368333333333332,3.5439540355208194,4.949073551357522,4.65143863724595,4.0640257625855885
2009-02-28,POMRB,3.1844999999999994,6.766428571428571,4.223333333333334,5.17,5.48,7.7,4.7,4.0600000000000005,3.281305555555556,3.2813055555555497,3.16588809814074,3.1214109871496376,3.2921983889879787,3.195199848448519,6.420750541125541,5.903441558441564,6.1190848715710455,6.758300683715149,6.914455134155651,6.460965667430968,4.5075,4.130833333333332,4.051863282987991,4.246412118774221,4.49187260877124,4.331583351765985,4.94,4.412499999999999,4.5409014447741995,5.093175800251571,6.0167383742488365,6.330733335554106,4.265,3.810000000000003,4.197895299002447,4.423703948916949,3.742051484414591,4.670695761353837,7.2212499999999995,7.437500000000001,7.414868088236415,6.380452526106207,7.44960804643676,7.192762694323465,3.39375,3.312499999999998,3.55692753167119,3.7860118622658567,4.132486964084916,4.210091589249157,3.1187500000000004,3.545,3.750372421312492,4.931917490290285,4.884854879763916,5.477066827414266
2009-05-31,PREMON,3.9722222222222223,8.259333333333332,6.670000000000001,7.49,6.52,6.35,5.55,5.1850000000000005,3.281305555555555,3.2813055555555497,3.488421747773333,3.2451643199518974,4.136038217659015,3.8959091474041965,6.8425119047619045,6.060774891774897,6.975184256275961,6.785953517391585,9.408726210020019,9.298669194761578,4.834166666666667,4.1949999999999985,5.099117969792795,5.011781182614499,5.965199352696266,5.756287543312067,5.248749999999999,4.549999999999998,5.7205408668645195,5.499247321564478,7.028664574657829,5.818222256439543,4.9325,3.815000000000003,5.126737179401468,4.894306291703036,5.771100049790066,6.434192579467808,6.864374999999999,7.4375,6.988920852941849,6.385787075331319,6.860147078844082,7.206593637879801,3.46875,3.2499999999999973,4.354156519002714,4.127512958637778,5.567977088602715,5.608809353916733,2.8899999999999997,3.1487500000000006,4.324223452787495,4.979767425018919,6.311935661783889,5.26868360539492
2009-08-31,MONSOON,3.0610000000000004,6.260714285714285,4.883333333333333,4.82,4.05,6.72,1.4,0.03,3.281305555555556,3.2813055555555497,3.317453048664,3.213932545065356,3.1212307114268256,3.1313951703113756,7.059208333333332,6.780726190476195,6.689396268051291,6.813719494174733,5.0948969385706455,5.759205800539355,4.9504166666666665,4.8199999999999985,5.0128041152090095,5.07119960701609,3.8570539604669354,3.747705381659121,5.155,5.329999999999998,5.360324520118712,5.4205730559018654,3.4026402064429746,4.104791924729611,5.215,4.715000000000003,4.696042307640881,4.691199569202373,3.567918300230283,3.548947860661553,6.59875,7.005,6.88135251176511,6.391126084872585,6.193978120315412,6.544121403398003,3.30625,3.5374999999999974,3.1724939114016286,3.5562236457194536,2.524277756588749,2.1288378000979065,2.4800000000000004,3.0887500000000006,2.606534071672497,4.720189082398387,3.6402434620686503,1.7241938578589484
2009-11-30,POMKH,2.9075,6.3307142857142855,3.616666666666666,3.19,4.55,6.125,1.95,1.49,3.2813055555555555,3.2813055555555493,3.1534718291984,3.1584856208432206,2.9579350340238872,2.9620811383513757,7.337744047619048,6.9042976190476235,6.5459234751164885,6.841599080635966,6.487954909922653,5.564604458398656,5.029999999999999,4.848333333333332,4.4543491357920715,4.660281264022769,4.074490571438021,4.411378127446077,5.030000000000001,5.167499999999999,4.492194712071227,5.084249640393077,4.888775824142893,4.541692625718987,5.3475,5.150000000000004,4.6376253845845286,4.64936275637555,4.501890174852266,4.168322390432994,6.1425,6.723749999999999,6.578811507059066,6.396469557870257,7.167570318966132,6.410649713431871,3.20625,3.3999999999999977,2.683496346840977,3.15035999141512,3.18646241525268,2.9444481053640317,2.3512500000000003,2.6912500000000006,2.1599204430034984,4.5464687599593585,4.266489760258903,3.1436498015102448
2010-02-28,POMRB,3.1844999999999994,8.005714285714287,5.04,5.07,6.0,6.7,3.95,2.37,3.281305555555556,3.281305555555549,3.16588309751904,3.1521494954832003,3.2918827007902625,3.19171497870764,7.357619047619048,7.214119047619052,7.129839799355608,6.869592744443121,7.1001336419783305,6.502108806955647,4.999999999999999,5.052499999999998,4.688609481475243,4.779451407253258,4.72188083490515,4.4456541622968215,4.97,5.142499999999998,4.723316827242736,5.0935695648429355,5.837323737776965,4.981738406670869,5.64,5.280000000000004,5.182575230750718,4.948914269718713,5.60294332014189,5.931020801585345,6.0275,6.47375,6.62728690423544,6.401817498770145,7.371698920777299,6.180822120596475,3.503125,3.2124999999999977,3.1900978081045865,3.215073304017399,3.927777620642523,4.101181716727055,2.9754166666666673,2.2687500000000003,2.243952265802099,4.424894045265536,4.452677737655087,4.0773965008327995
2010-05-31,PREMON,3.9722222222222223,9.248333333333337,6.4899999999999975,6.59,7.0600000000000005,3.7,5.5,5.8450000000000015,3.281305555555555,3.281305555555549,3.488418747400313,3.2794713022047146,4.1358076969749415,3.8926292365885398,7.267842261904764,7.461369047619053,7.977237212946699,6.897700951606607,9.80828687752083,9.011470432076901,5.059583333333333,5.007499999999998,5.409165688885145,5.404765782707433,6.2811028990768145,6.281601153609047,5.053749999999999,4.917499999999999,5.469990096345642,5.349589917129556,7.357226717604696,7.03297674291495,5.946250000000001,5.415000000000004,5.933545138450431,5.421832912390621,6.81675034260331,6.786958296565432,6.3843749999999995,5.811249999999999,5.456372142541264,6.407169909126028,6.622320197061941,6.031215505856033,3.990625,3.1999999999999975,4.114058684862752,3.630475289308608,5.275680237869704,5.289424583426118,3.935,2.4337500000000003,3.68437135948126,4.509046282373125,5.771075650478168,4.302485452609224
2010-08-31,MONSOON,3.0610000000000004,5.430714285714287,4.823333333333333,5.24,5.85,8.45,3.825,4.363333333333333,3.281305555555556,3.281305555555549,3.3174512484401877,3.250497082823501,3.12106238147122,3.128305379938532,7.20418942577031,7.2538690476190535,6.958628042053734,6.925924161932223,5.614113732814735,5.849570479337965,5.107083333333333,4.992499999999998,5.17483274666442,5.360055792854731,4.100350021860752,3.9938856777620226,5.1125,5.022499999999999,5.377994057807385,5.35438130831609,4.059944395452468,3.8258887904180288,6.02828125,5.865000000000003,5.900127083070259,5.508771403758346,4.306141018425055,4.007360203987174,6.65,6.2437499999999995,6.6538232855247585,6.4125267974043325,5.537809269016832,5.232863570394846,4.305625,3.8062499999999972,3.9984352109176515,3.666045736790963,2.270899924409973,1.9473355018942913,4.680833333333333,3.517083333333334,3.9559561490220894,4.505141596323636,3.008630003114556,1.3973800192625463
2010-11-30,POMKH,2.9075,6.442500000000003,4.153333333333333,3.44,5.2,7.25,3.425,4.833333333333333,3.2813055555555555,3.2813055555555484,3.1534707490641125,3.1960966937060284,2.9578121167425575,2.9591746607156435,6.837664565826332,7.2818154761904825,6.752176825232242,6.954262854441007,6.733280827133301,5.717861655224821,5.205416666666666,5.126666666666664,4.766232981331985,5.053249005703141,4.27337968232127,4.358755343620839,5.185833333333334,5.084999999999999,4.602796434684431,5.064365830351695,4.334371051136403,4.712791514021921,5.991562500000001,6.0275000000000025,5.620076249842155,5.426936001422783,5.8856570945502,5.418297460262387,7.065624999999999,6.524999999999999,6.892293971314855,6.417888163717815,6.925233530262015,7.078066715614481,4.4325,4.174999999999997,3.769061126550591,3.6131110727898332,3.3632999830291634,3.5610528172240428,5.042291666666666,4.352916666666667,4.306907022746587,4.528800851025625,3.930568183769276,3.5234035401526
2011-02-28,POMRB,3.1844999999999994,7.384705882352941,4.883333333333333,5.29,6.00625,7.7,4.995,4.993333333333333,3.281305555555556,3.281305555555548,3.165882449438467,3.1898391632319387,3.2917929445772893,3.188980424735417,6.450551470588236,7.126563375350146,7.0051884480805215,6.982717501527406,7.318350911079668,6.823538218796469,5.047916666666667,5.087499999999998,4.813073122132524,5.017123921391151,4.9702254881010965,4.828338851403575,4.770416666666667,5.139999999999999,4.877677860810659,5.109762377939475,5.669353963585011,4.499482778875256,5.7190625,6.029062500000002,5.774545749905293,5.548443602402152,6.540591276493047,6.376444120443894,6.923750000000001,6.7749999999999995,7.215376382788913,6.423254012817408,7.3664986629700655,7.315782011607669,4.12875,4.436249999999998,4.259436675930354,3.909192440746027,4.313132994710644,4.5920042401565455,5.026666666666666,5.00875,4.581477546981286,4.561585424288146,4.34760654013432,3.7512954315472067
2011-05-31,PREMON,3.9722222222222223,6.937142857142858,7.433333333333334,6.956666666666668,6.760000000000002,6.025,5.4700000000000015,6.113333333333332,3.281305555555555,3.281305555555548,3.4884183585519692,3.3165860191236196,4.13574215551571,3.890055312130082,6.29727468487395,6.548765756302526,6.977970211705456,7.011288575204825,9.85614141734071,9.024518471771431,4.788958333333333,5.3233333333333315,5.861177206612847,5.894088049900517,6.4701480099626,6.35279000918033,4.409166666666668,5.231666666666666,5.709273383153063,5.421736091655596,7.2021161553902076,7.162260680461744,5.461562499999999,5.954062500000003,6.168727449943177,5.814349075158167,7.188122715236334,6.847256851856869,6.210000000000001,7.35625,6.739225829673347,6.428624347154231,6.791451313911373,5.9931908524554665,3.7756250000000007,4.428749999999998,4.743662005558213,4.298735266110115,5.766991266574861,5.723130883730796,4.929583333333333,5.075833333333333,5.194219861522104,4.660280220858736,5.931356933193117,5.639285900411187
2011-08-31,MONSOON,3.0610000000000004,4.644999999999999,2.62,1.55,3.97,4.99,1.425,3.97,3.281305555555556,3.281305555555548,3.317451015131182,3.28629850627399,3.12101452203979,3.1258809445590403,6.124707282913167,6.352337184873954,6.044782127023273,7.039976548620836,5.183082365526932,5.723979583506345,4.820833333333334,4.772499999999998,4.564706323967709,4.974228594088937,4.39983388882621,4.571409195728048,4.625416666666667,4.309166666666666,4.045564029891837,4.815983195285238,4.674377369013115,4.402600887466573,5.362656250000001,5.484062500000002,5.289236469965906,5.3805823334369,4.269329349457397,4.142356227360841,5.678750000000001,6.49125,6.039535497804009,6.433999170868859,6.08083164092765,7.606030346685245,3.6381250000000005,3.8287499999999985,3.416197203334928,3.7715851542904733,2.6784751821492923,2.431953124482835,4.907916666666667,4.977499999999999,4.704531916913263,4.631334242752765,3.2505538378187384,3.7025240079119155
2011-11-30,POMKH,2.9075,6.0020000000000024,4.285,4.24,5.02,5.0,3.0,4.45,3.322277777777778,3.2813055555555475,3.153470609078709,3.2299652032851025,2.9577771690053267,2.956893637944607,6.116476190476192,6.242212184873954,6.027669276213965,7.0687819064879855,6.230248862157197,5.860608089373306,4.7179166666666665,4.805416666666665,4.452823794380626,4.712732977219049,4.20641474357047,3.662011368045822,4.708645833333334,4.509166666666666,4.123338417935102,4.720577502644133,4.005130190294664,2.8411110434544167,5.2787500000000005,5.439062500000002,5.181541881979543,5.287154091841429,4.728215365145839,4.173947932108369,5.1381250000000005,5.92875,5.623721298682405,6.4393784883524905,6.77401374748168,4.021440639030975,3.60875,3.7224999999999984,3.2497183220009567,3.607843706157041,3.3199074579929384,2.721274109933853,5.0337499999999995,4.881666666666666,4.6027191501479585,4.6302934321263365,4.1220576774206386,3.98455301412236
2012-02-29,POMRB,3.1844999999999994,6.444666666666667,5.006666666666667,6.22,5.395,5.7,4.32,5.203333333333333,3.44,3.281305555555547,3.1658823654472252,3.2213312581199522,3.2917674251620044,3.1868340223339207,6.2780707282913175,6.007202380952386,6.194468232395046,7.097705127503574,6.828012928866705,6.922775333423121,4.849401041666667,4.836249999999999,4.674360943295042,4.741887285217765,4.93234310263153,4.934155477956269,5.0990625,4.741666666666666,4.962003050761061,4.959159120142339,5.576400730110869,6.073219204587563,5.355312499999999,5.286250000000003,5.266925129187726,5.301082998116318,5.977419034255053,6.202227181466611,4.898125,5.42875,5.654232779209443,6.4447623037833495,6.851288483720051,5.222630078116795,3.7520312500000004,3.553749999999998,3.6778309932005744,3.742366396031766,4.208444632136067,4.525471335699869,5.162317708333333,4.934166666666666,4.842964823422108,4.673342636722573,4.50050802601409,4.314308917704459
2012-05-31,PREMON,4.3,7.811333333333335,6.486666666666667,6.6925,6.7,3.7,5.91,6.91,3.5033125000000003,3.363249999999992,3.6195294192683347,3.4008128098315824,4.13572352081517,3.8880348982382924,6.321391456582633,6.225750000000005,6.841214272770362,7.126746695545681,9.27451412879496,8.493475682357495,5.106927083333334,4.5995833333333325,5.3992832326436915,5.305069384542139,6.455869948318444,6.616842313272775,5.6187499999999995,4.675624999999999,5.654201830456637,5.246734031276196,7.194701493342326,6.1922820403698,5.670000000000001,5.271250000000002,5.840155077512636,5.610355607798992,6.595719938239888,6.43609092970908,5.27,4.8475,4.872539667525666,6.450150619274323,6.018734783545489,3.6132238311096607,4.0203125,3.6637499999999976,4.570698595920344,4.226946251611287,5.570696392683443,5.407467387429755,5.218177083333333,5.133333333333333,5.669778894053264,4.816973579284136,6.068208016004707,5.874709193165594
2012-08-31,MONSOON,3.675,5.0635658263305325,4.618541666666667,4.9375,4.6425,5.3950000000000005,2.13125,4.201875,3.4855624999999995,3.516749999999992,3.6417176515610006,3.469202489140946,3.2094300063419117,3.244591001566085,6.3908081232493,6.330391456582638,6.13015489419443,7.1559070876412525,4.896985940579588,5.44449553555801,5.198802083333334,5.0992187499999995,5.086986606252882,5.1516347871284704,4.249040587130108,3.9756645155903367,5.6625,5.522499999999999,5.367521098273983,5.213534689849607,3.5462522391688376,3.6633663608745484,6.12,5.439375000000002,5.361093046507582,5.377528099794103,4.000619244602044,4.096716637198767,5.8725000000000005,4.94875,5.0815238005153995,6.455543440842765,5.038903369898278,4.844222732409028,4.2853125,3.840312499999998,3.5949191575522064,3.852101498458276,2.584385400598372,2.3800490475284724,5.1375520833333335,5.191302083333333,5.082617336431959,4.7990888473170115,3.4576000102372584,4.907574537616419
2012-11-30,POMKH,2.8,5.9300000000000015,4.346666666666667,5.01,6.865,7.57,4.44,4.665,3.48375,3.489874999999992,3.3050305909366005,3.3853191437955426,3.1879867725585513,3.206739210990512,6.534141456582634,6.312391456582638,6.050092936516658,7.185186796315277,6.087198805175468,5.866123232130727,5.520052083333334,5.114635416666666,4.790858630418396,4.9066105562145585,4.370315312528541,4.503021623812952,5.6221875,5.714999999999998,5.2245126589643895,5.195416919717706,4.324027181901726,4.550402104340518,6.3497916666666665,5.9006250000000025,5.96265582790455,5.706905005700655,5.0317464788880235,4.7575244782697945,6.735,5.5912500000000005,6.07691428030924,6.4609407725490335,5.98302551805826,5.232128437018658,4.3465625,4.200312499999998,3.932951494531324,3.9940445135018607,3.3543725409138094,3.03603234739785,4.915885416666667,5.245052083333333,4.915570401859175,4.807725331120077,4.3170540143135865,4.666193937766481
2013-02-28,POMRB,3.15,7.072000000000001,5.68,5.8,7.15,7.95,5.0,4.343333333333333,3.4690625,3.481249999999992,3.2430183545619604,3.359709834841321,3.4308684926540263,3.2043849833806393,6.545195728291317,6.469224789915972,6.458855761909995,7.214586310256277,6.699386026490662,6.778307530649379,5.926484375,5.282968749999999,5.146515178251037,5.15208895208048,5.081275142768449,5.043984306938969,5.61546875,5.6099999999999985,5.4547075953786335,5.307769377259799,6.068111632998144,5.763692573978113,6.286145833333334,6.339375000000003,6.43759349674273,6.0254600026225,7.218139442178542,7.281242456864934,7.2093750000000005,6.1537500000000005,6.826148568185545,6.466342617068506,6.643194750879172,7.573376610645968,4.14703125,4.370312499999998,4.3597708967187945,4.250786251198331,4.468674265240082,4.988178587818439,4.787421875,5.0300520833333335,4.686675574448838,4.79640238294695,4.723592131815225,5.03141428350587
2013-05-31,PREMON,4.32,8.330666666666666,8.383333333333333,6.79,6.783333333333334,8.35,5.72,5.996666666666667,3.5631250000000003,3.486249999999992,3.6738110127371764,3.530413512807159,4.22798985533174,4.0235371567526155,6.421406862745098,6.599058123249304,7.207580123812663,7.244106119873827,9.29934708019789,8.293867073636141,6.064583333333332,5.7571354166666655,6.441242440283956,6.360307735949952,6.6815819576728925,6.896554615428373,5.3815625,5.634374999999999,5.98882455722718,5.568261067758927,7.213621117295019,6.549571327329935,5.959583333333334,6.360208333333337,6.575889431378972,6.1866022392022,8.14911440157648,7.634777888639597,6.6125,7.316250000000001,7.435689140911326,6.471748978186444,6.2369470092960695,6.723688172938139,3.72,4.322812499999998,4.903862538031277,4.65238553301211,5.898351791530427,5.7724215083553165,4.581666666666666,4.80171875,5.210672011335969,4.88227170616838,6.245905758945969,5.625455271001672
2013-08-31,MONSOON,3.5375,4.632666666666666,5.973333333333334,4.786250000000001,4.050000000000002,4.54,0.7250000000000001,4.0875,3.7825,3.4518749999999923,3.6192866076423056,3.5623855778030067,3.2822000639912323,3.465511178166207,6.039633169934641,6.491333333333338,6.177614740954264,7.273746708691926,5.022202421062559,5.329726781775731,5.930833333333333,6.095833333333331,6.254078797503707,6.561258943848443,4.7194046383887684,4.852982521931391,4.8615625,5.596562499999999,5.507794734336308,5.469924578839705,4.299271011235972,4.420159184481138,5.4039583333333345,6.212083333333338,5.565533658827384,5.685217181704395,4.660239227552808,4.275679508700806,5.722499999999999,7.102500000000002,6.277413484546796,6.477159857109817,6.025718318212412,7.123226377131556,3.2331249999999994,3.971249999999998,3.2323175228187657,3.9247734917819233,2.8288922153366296,2.3222709780942767,4.314791666666666,4.773125,4.761403206801582,4.853961604098549,3.5740243729709076,4.070456048459551
2013-11-30,POMKH,3.69,5.370588235294118,4.096666666666667,3.29,4.8450000000000015,3.65,2.43,3.1333333333333333,3.888125,3.6743749999999924,3.6475719645853832,3.615145878308979,3.204029402377743,3.0379292874825916,5.5597651143790845,6.351480392156867,5.854804138690206,7.303508578675653,6.099523865197588,5.853466856162073,5.524583333333333,6.033333333333331,5.3911139451688905,6.002897041330285,4.970172417987453,5.092380712345149,4.545,5.1665624999999995,4.620676840601785,5.138416355467901,4.774690349656856,4.849085207045586,5.079791666666668,5.707083333333339,5.277320195296431,5.481438740452185,4.930096835517313,4.731035164922498,5.103750000000001,6.122500000000002,5.226448090728077,6.482575259397856,6.650415427125128,5.664784020401376,2.9918750000000003,3.4687499999999982,2.9113905136912592,3.6002106238333003,3.3337259502029903,2.8848646678976397,4.272291666666667,4.390208333333334,4.110175257414282,4.768301648043349,4.401114068882595,4.375170671591474
2014-02-28,POMRB,4.015,4.577222222222222,4.86,3.36,4.725,4.75,3.115,3.74,3.9028125,3.8906249999999925,3.79454317875123,3.7172745376641134,3.6826905487544335,3.520234437526769,5.505896241830065,5.727785947712423,5.343771372103012,7.333392223385077,6.5956485671125336,6.8151355161722975,5.106354166666667,5.828333333333331,5.178668367101334,5.719432494050778,5.556700819020858,5.223371428774428,4.93796875,4.556562499999999,4.116406104361071,4.8578125800772565,6.0784436929353385,5.078339533466661,5.140000000000001,5.100833333333339,5.056392117177858,5.29724128329529,5.950162386752788,5.954276048156647,4.7675,5.3225000000000025,5.035868854436846,6.487995190046881,6.514995937478207,3.886114840789893,3.214375,2.9974999999999987,2.9928343082147557,3.4483765232992116,4.1284870696349625,4.276589818980984,4.342604166666667,4.239375000000001,3.962105154448569,4.718088160044462,4.680454121004852,4.045785288745132
2014-05-31,PREMON,4.3,6.986500000000001,5.953333333333332,6.6975,6.615,6.6,5.675,6.26,3.8087500000000003,3.885624999999992,3.996725907250738,3.8604902743955463,4.645237307206629,4.59005413334209,5.558620506535949,5.3917442810457565,6.000862823261808,7.3633981466970475,8.710228670461985,8.263448516997705,4.979166666666666,5.220833333333331,5.488534353594133,5.830574052920066,6.967338491561592,6.991628514002129,6.03125,4.5334375,5.148843662616644,5.154430121127738,7.082895473670344,6.01994653340191,5.3031250000000005,5.058750000000006,5.679835270306715,5.587954259314402,6.177685251500916,5.919116386798083,5.010937500000001,4.885000000000002,5.661521312662108,6.493419653300653,5.576007262560504,5.007215169552668,3.6496874999999998,2.986249999999999,4.0657005849288534,3.873882116610554,5.310028485136767,5.0550208992809464,4.918333333333333,4.305208333333334,4.881263092669141,4.816720960342416,6.174794520900441,5.453122143114058
2014-08-31,MONSOON,3.675,5.5458823529411765,5.0575,8.0225,4.7,3.6,2.55,4.386666666666667,3.5893749999999995,3.9199999999999924,3.868035544350443,3.8880429139689556,3.581485293862212,3.7434327055227374,5.739525326797386,5.6200482026143845,5.818870635133555,7.393526842188939,4.2798092891503146,5.141529414350154,4.980208333333334,4.9918749999999985,5.31612061215648,5.608973601671553,4.60753495398407,4.31696472640939,7.219749999999999,5.342499999999999,6.298306197569987,5.633219149490294,4.521603660547795,4.935415121012939,5.541874999999999,5.221250000000006,5.2879011621840295,5.373452151369963,3.7850645079029066,4.146074467965333,5.530625000000001,4.650000000000002,4.836912787597265,6.4988486499889495,5.175903400024951,4.80511048251327,4.014374999999999,3.4424999999999994,3.459420350957312,3.600472639810832,2.3278404099076764,1.9359894598477245,5.331666666666667,4.380000000000001,4.683424522268152,4.803663424256846,3.556199763104417,4.396661208024387
2014-11-30,POMKH,2.8,4.879166666666666,3.995,8.799999999999997,5.5,6.5375000000000005,4.0875,7.44,3.48625,3.6974999999999922,3.4408213266102656,3.7597869392296204,3.459667619299369,3.3390478997585276,5.923318070409982,5.497192810457522,5.442989047746799,7.423778813561943,5.693219161158401,5.7129246195613765,5.347708333333332,4.966458333333332,4.787672367293888,5.047407521236089,4.740590773214988,4.666342848840655,7.789062499999999,6.719999999999999,7.298983718541992,6.18473062585823,4.334906539820536,5.19623915033529,5.751250000000001,5.385000000000005,5.372740697310418,5.391484330428367,4.98220480825566,5.17489129342007,5.708125,5.371875000000003,5.517147672558359,6.5042821875255665,5.784959755599901,4.663271462497506,4.189375,3.8568749999999996,3.7106522105743873,3.677935596934991,3.2062970503127506,3.3891205771491215,5.175,5.456666666666668,5.786054713360891,4.971024498616863,4.302642370072196,3.9350149752683956
2015-02-28,POMRB,3.15,6.5158823529411745,4.97,7.358,5.98,6.02,4.375,2.74,3.4568749999999997,3.481249999999992,3.324492795966159,3.6880799254000594,3.6292542836368256,3.4470128716860584,5.862980503565062,5.98185784313726,5.8721463698245495,7.454154569259088,6.172065147901757,6.259405303133892,5.846354166666666,4.993958333333332,4.860603420376333,4.90355576487068,5.345847785735329,5.157751687359649,7.858624999999999,7.719499999999998,7.322590231125195,6.435699773876389,5.358650137649584,5.8626909187801,5.885000000000001,5.698750000000006,5.6156444183862515,5.515169137277418,6.368819407930486,6.184842272843273,5.576875,5.689375000000003,5.718288603535015,6.509720267598504,6.300413478688304,6.68199566965912,4.4818750000000005,4.171875,3.976391326344632,3.8179946527665978,4.287763014495218,4.580210376150728,5.224166666666667,5.206666666666667,4.567632828016535,4.858841957037244,4.839681620288614,5.142082891340544
2015-05-31,PREMON,4.34,6.5181818181818185,8.783333333333333,7.254,7.035,6.75,5.815,6.006666666666668,3.6450000000000005,3.491249999999992,3.7306956775796953,3.8154213664694323,4.372854399620307,4.105842610240287,5.977884098336304,5.864778297682715,6.130560549167457,7.484654612901814,8.766180460431078,7.925763047281623,6.266458333333333,5.701458333333331,6.429695385559134,6.162593354680817,6.8034630045470745,6.873947110892036,7.843,7.858624999999998,7.295154138675117,6.639030545699832,7.42035068658343,7.0280483836965635,6.0912500000000005,5.803750000000006,6.183386651031751,5.851669442333906,7.104825897039309,6.8510737016719085,5.4471875,5.726875000000003,6.130973162121009,6.515162894766987,5.6188951922047305,7.378308286650302,4.9503125,4.206875,4.711834795806779,4.273279668401476,5.646108626153774,5.630484114480206,5.176666666666668,5.143333333333334,5.143246363476588,4.939529247382423,6.332403068128506,5.061619939207658
2015-08-31,MONSOON,3.4,5.5315,6.216666666666666,8.0225,5.35,2.4,4.75,5.033333333333334,4.08375,3.4224999999999914,3.598417406547817,3.777911379632389,3.3933781934099865,3.653711522506992,6.254475193107546,5.861182709447421,5.890936329500475,7.515279451303491,4.2293343262152625,5.211950328308562,6.618333333333333,5.991249999999997,6.344483898002146,6.38709479970506,4.88200634127313,5.4730574335619835,7.776847222222222,7.858624999999998,7.5860924832050705,6.943551910831365,6.367701257877549,6.608036951535842,6.4125,5.966250000000007,5.85003199061905,5.725005901816094,4.4038714673900525,4.534429204535303,5.5216666666666665,5.426875000000003,4.638583897272605,6.520610069732545,5.237367722106805,4.152868206757181,5.15875,4.756875,4.727100877484068,4.467851110060797,2.6324251079452394,2.179903517722195,5.693333333333333,5.3050000000000015,5.099281151419286,4.961617213199003,3.735676670016317,4.4292375720289785
2015-11-30,POMKH,4.58,5.812777777777778,6.196666666666665,8.674999999999999,6.5,6.7,5.635,6.413333333333332,4.325416666666667,3.8674999999999917,3.9910504439286907,3.9367442023635135,3.2481182334677436,3.2944530870358975,6.642248421717172,6.094585487225199,5.859672908811396,7.546029597307013,5.650070994515686,5.490945676579645,6.278333333333334,6.541666666666663,6.2853570054679535,6.535517217812362,5.144594404581481,5.0653709866280145,7.691538194444444,7.827374999999998,8.021655489923042,7.31919159344688,6.492495109920132,7.309048096930269,6.710625,6.216250000000007,6.11001919437143,5.8906755972234555,5.619976654976746,5.663349193706242,5.566458333333333,5.467500000000002,5.463150338363564,6.526061801576347,5.627648955370593,2.3170860548081427,5.3031250000000005,5.143750000000001,5.09026052649044,4.840031209406978,3.8153335110622253,4.3522753552691045,6.2787500000000005,5.048333333333335,5.624902024184905,5.064631380579075,4.633690261770192,5.571936912968324
2016-02-29,POMRB,4.88,7.794999999999999,5.583333333333334,6.953777777777778,7.55,6.453333333333332,4.495,7.9,4.2508333333333335,4.299999999999992,4.346630266357215,4.139138612424474,3.9549923990230864,4.099911486993499,6.7301319444444445,6.414364898989906,6.633803745286837,7.576905566612567,6.327199018938853,6.289961759394915,5.64875,6.694999999999997,6.004547536614106,6.403326683132664,6.013055406699939,6.0205058166739365,7.656756944444445,7.726319444444443,7.594504405064936,7.365996826157261,6.488204628788723,6.761456304962576,6.648125,6.608750000000007,6.686011516622858,6.258326241802936,7.226820381749225,6.816579181127804,6.279583333333333,5.575833333333335,5.859223536351472,6.5315180913335835,6.198567304537903,6.674473481778882,5.298124999999999,5.173750000000001,4.852156315894264,4.923984254899526,5.047540517838375,5.131832784397618,6.138125,6.338333333333335,6.534941214510943,5.2550071411719115,4.825442972790182,3.799141315843265
2016-05-31,PREMON,4.543333333333334,8.34125,5.45,6.97575,7.85,6.675,6.85,5.53,4.0183333333333335,4.350833333333325,4.425311493147662,4.2736750238957635,5.077439439156992,4.811367287972738,6.513995248538012,6.870131944444451,7.316782247172103,7.607907871532261,9.149482927871125,7.5591089938788425,5.36125,5.861666666666665,5.782728521968464,6.1983835469552915,7.462782647024555,7.563191461200416,7.722381944444445,7.656756944444444,7.3470026430389614,7.4069148854731734,7.662534609518627,7.230618586406248,6.4125,6.812500000000006,7.151606909973715,6.609752620772154,8.395711290900383,7.9184711411016835,7.193333333333333,5.557083333333336,6.185534121810883,6.536978943100828,5.6098649306079444,7.507165936791235,4.9399999999999995,5.4325,5.651293789536559,5.514845031348056,6.303121638551703,5.7704067849762435,5.905729166666667,6.219166666666668,6.1329647287065665,5.303298110037626,6.699997145895468,7.025989355644112
2016-08-31,MONSOON,2.6,4.4115,4.513333333333333,8.0225,4.035,8.18,3.675,4.385,3.7720833333333332,4.150833333333326,3.695186895888597,4.06758783376182,3.9627337083348926,3.8327544394704236,6.329872441520468,6.590131944444451,6.154669348303262,7.639037021146077,4.904909092603881,5.262194180240187,5.343749999999999,5.435833333333331,5.274970446514411,5.672124963988595,4.956743572213368,4.615304497277414,8.186701388888888,7.656756944444444,7.617201585823377,7.611717360984426,7.2962561237545245,7.397242565809064,6.2025,6.483750000000006,5.904964145984229,6.007267366378853,5.405425885892314,5.234931994010095,7.6516666666666655,7.002083333333336,6.98332047308653,6.542444361475454,5.216896361990231,4.219858097871063,4.73,5.16375,4.860776273721935,5.344369710010957,3.350152415800563,3.224713649805443,5.435208333333333,6.057083333333334,5.43377883722394,5.281857444454211,4.158077877153787,4.712751896040574
2016-11-30,POMKH,3.52,5.203684210526316,5.6,9.2,5.93,8.23,3.845,5.2025,3.7141666666666673,3.8858333333333257,3.6251121375331588,4.013953288063836,3.448043992956718,3.364095193017721,6.164361659356726,6.437858552631585,5.774275293192484,7.670293542738472,5.96114425926029,5.5404106717374155,5.456458333333334,5.286666666666665,5.404982267908647,5.582451079247196,4.958996268375253,4.752863873393389,8.620177083333333,7.788006944444444,8.250320951494025,7.984551814501834,7.594233218873344,8.105497471240424,5.99,6.341250000000006,5.9149784875905365,5.977382589853499,5.213101737127755,4.963654357099102,7.9281250000000005,7.384583333333336,7.481992283851918,6.547914349387546,6.613150423068515,9.395280050554522,4.71375,4.7162500000000005,4.454465764233161,5.183944949144644,4.245103352090665,4.342571511079272,5.229791666666666,5.754375000000001,5.341267302334364,5.307246824858249,5.035938866590363,6.2686506858197095
2017-02-28,POMRB,3.97,6.931111111111113,6.04,10.143333333333333,6.44,8.59,4.605,5.346666666666667,3.9762500000000003,3.658333333333326,3.7630672825198954,4.033034553008543,3.815010763836428,3.881945150678426,5.938340664774682,6.221886330409364,6.2370096203599354,7.70167795911434,6.451478506947454,6.612516170109734,5.607916666666666,5.400833333333331,5.658989360745188,5.671414380784944,5.767270864507178,5.785152610522194,8.183805989583332,8.585395833333331,9.007525904229748,8.469023378069924,6.907574904073177,7.26558927482067,6.255625,6.063750000000006,6.124987092554322,6.071073701434766,6.720767931353187,6.579122848715448,7.57625,7.918750000000003,7.92519537031115,6.5533889108467696,7.278500878573947,7.432460147186178,4.838125,4.74375,4.514679458539897,5.174366103020489,5.1207590319803495,4.419455808895721,5.294166666666667,5.116041666666668,5.343427048067285,5.339586060317316,5.217311664784704,5.18096927760363
2017-05-31,PREMON,4.99,7.881052631578946,5.895,7.254,7.26,6.75,6.61,6.44,4.30625,3.7699999999999934,4.253840369511938,4.220528467233087,4.72971942379357,4.4213925344665075,5.920217148262814,6.106836988304099,6.89462682484754,7.733190792215781,9.073164332191608,7.706544905363177,5.725,5.512083333333331,5.753393616447113,5.713043095424533,7.319847168851165,7.391431112630605,7.679841145833333,8.654958333333331,8.30611554253785,8.418392770751627,7.7282607206334575,8.440580916950795,6.781874999999999,5.916250000000005,6.578992255532594,6.330739798401042,7.522468050704495,7.195321496724799,7.119375,7.937500000000003,7.45511722218669,6.558868048334359,6.873067192902348,7.938802571436747,5.184375,4.68375,5.3528076751239375,5.595810502549752,6.382248192052144,6.075066102088104,5.1978124999999995,5.343541666666668,5.782056228840371,5.435299142712152,6.71166493302022,5.176123699832236
2017-08-31,MONSOON,4.25,3.063529411764706,5.28,4.2532812500000015,6.75,5.29,4.91,3.99,4.53875,4.182499999999993,4.252304221707163,4.273849250244184,3.829326246910535,3.420564617133137,5.930385276917784,5.769844341245276,5.362187859614407,7.764832557374439,4.750663143670776,5.038382526457257,5.799166666666666,5.7037499999999985,5.564036169868268,5.5440590939633845,4.899890391166197,4.803615426342584,7.647028645833333,7.712653645833331,6.68498182552271,7.872862150506261,7.914905518653792,7.17497400079299,7.108125,6.595000000000005,6.647395353319556,6.413793557051903,4.704390164572636,4.686105568532215,7.02375,7.215000000000003,6.589070333312014,6.5643517659081265,6.274029304121588,6.032822853964382,5.53625,4.9925,5.175684605074363,5.602813315933712,3.3780191521829406,3.3081783595233136,5.445625,5.244791666666668,5.065233737304222,5.383823097992536,4.291244144821031,4.971578415453969
2017-11-30,POMKH,4.51,6.406666666666666,5.77,8.9375,7.425,7.465,5.380000000000001,4.826666666666667,4.6475,4.4299999999999935,4.355382533024298,4.363444575436291,3.795770740768325,4.57507886041047,8.208799019607843,6.070589955280363,5.779979382435311,7.7966037964427475,5.564572325511578,5.435549752170236,5.824270833333333,5.746249999999998,5.646421701920961,5.5720352925257535,5.022718359339889,5.215512446825876,7.526122395833333,7.647028645833331,7.585989095313626,8.154100603194175,8.407660011087085,7.780364285074643,7.284375,6.968750000000005,6.958437211991734,6.632104351602515,6.5889630166528805,6.901554278097789,6.97375,7.023750000000004,6.939442199987209,6.569840069615719,6.985734086179429,7.63334596624229,5.71125,5.376250000000001,5.257410763044618,5.690039023109163,4.46686630190763,4.7057276578040135,5.322916666666667,5.150833333333335,4.9698069090492005,5.380283735060652,5.137362721993002,4.83353152557944
2018-02-28,POMRB,4.84,5.809473684210527,6.463333333333334,10.143333333333333,7.555,8.59,5.885,7.705,4.62625,4.647499999999994,4.549229519814579,4.500182824028928,4.336012346421586,4.704537490243128,10.614615153078775,5.790180598555217,5.791777103145398,7.828505032280481,6.379615957619675,6.655943746747166,5.735833333333334,5.852083333333332,5.97318635448591,5.849729981799342,5.846553585634334,5.952181568326525,7.405216145833333,7.647028645833332,8.608926790521508,8.599676838918855,8.315163974579534,9.271386342157758,6.85,7.247500000000005,7.197062327195041,6.82976771606772,8.169063714292616,7.551462992693878,7.284999999999999,7.023750000000004,7.599665319992325,6.575332962650705,7.453793979693469,6.924454161469017,5.7700000000000005,5.69625,5.508446457826771,5.8650258911922455,5.553461154005566,5.056108006831437,4.754791666666668,5.740416666666667,6.063884145429521,5.546258534041209,5.289569167787633,5.971319416168718
2018-05-31,PREMON,4.99,27.23,5.6724999999999985,6.286750000000001,7.555,6.35,6.73,3.1,4.543125,4.647499999999994,4.725537711888748,4.65172427414271,5.344875080073039,4.9222566316241165,11.74580096073517,10.627417440660482,14.36706626188724,7.860536835384198,8.788197585574895,7.711110416025581,5.407708333333333,5.796458333333332,5.852911812691546,5.822030503236062,7.449503898849644,7.348862656084781,7.4380286458333345,7.405216145833334,7.680056074312905,8.355501398483433,7.656028046393817,7.518417201776334,6.2853125,7.3212500000000045,7.340237396317025,6.9818078629126035,8.768125141186442,7.955316638759724,7.741875,6.923750000000004,7.099799191995395,6.580830446796546,7.017959299743895,6.8183785750069825,5.7178125,5.72625,5.997067874696063,6.201696454702784,6.951047839629936,6.700661504554517,4.62765625,4.905416666666667,4.8783304872577125,5.43716511210604,6.887379188688469,6.1070203971062185
2018-08-31,MONSOON,4.08,2.9611111111111112,4.795,4.2532812500000015,2.98,8.18,5.26,2.785,,4.604999999999993,4.467322627133249,4.636054305923928,4.278522952976607,3.6646726596471115,,10.601812865497083,9.804684201576789,7.892699659912539,8.451379038649167,4.552593953432432,,5.675208333333332,5.429747087614928,5.487787425356225,4.977986258863673,4.8878050414303065,,7.405216145833334,6.309346144587744,7.799102488478722,6.581709890805058,5.921962235335938,,6.378750000000004,5.596142437790215,6.052084004141688,5.372062415080936,5.252998519722616,,7.646250000000004,7.531879515197237,6.5863325283755705,6.324421047192456,7.882427227592596,,5.81375,5.702240724817638,6.172851628378717,3.874730195396364,3.8193154900549557,,4.604166666666668,4.040998292354628,5.307833038238922,4.274868471296661,3.3697521953604577
2018-11-30,POMKH,4.015,15.55857142857143,3.63,9.2,6.6775,8.23,4.612500000000002,5.014583333333333,,4.481249999999994,4.2863935762799485,,4.077918287397135,4.335769877838137,,12.889789055973274,12.106239092374645,,8.493252351413123,5.637193885011678,,5.140208333333332,4.709848252568957,,5.018368809862325,5.208024253856972,,7.470841145833333,7.465607686752646,,8.737825755323124,8.214481802518765,,6.191875000000004,6.0286854626741295,,4.55859902294864,4.552333656500018,,7.837500000000003,7.811127709118342,,7.528597659686382,8.296255756916358,,5.621874999999999,5.266344434890583,,4.940011831183701,5.066627900170243,,4.651145833333334,4.430432308746109,,5.04914228008709,4.3079127726159685
