Date,Season,Sikandra Rao,Hathras,Mursan,Sadabad,Hasayan,Sahpau,Sasni,Sikandra Rao_Trend,Sikandra Rao_SMA,Sikandra Rao_EWMA,Sikandra Rao_DES,Sikandra Rao_TES,Sikandra Rao_ARIMA,Hathras_Trend,Hathras_SMA,Hathras_EWMA,Hathras_DES,Hathras_TES,Hathras_ARIMA,Mursan_Trend,Mursan_SMA,Mursan_EWMA,Mursan_DES,Mursan_TES,Mursan_ARIMA,Sadabad_Trend,Sadabad_SMA,Sadabad_EWMA,Sadabad_DES,Sadabad_TES,Sadabad_ARIMA,Hasayan_Trend,Hasayan_SMA,Hasayan_EWMA,Hasayan_DES,Hasayan_TES,Hasayan_ARIMA,Sahpau_Trend,Sahpau_SMA,Sahpau_EWMA,Sahpau_DES,Sahpau_TES,Sahpau_ARIMA,Sasni_Trend,Sasni_SMA,Sasni_EWMA,Sasni_DES,Sasni_TES,Sasni_ARIMA
1996-02-29,POMRB,6.79,12.1,11.1,10.5025,3.39,11.7,10.475,,,6.79,6.648063328887598,6.922335335193294,0.0,,,12.1,12.066982773443904,12.271361774919422,0.0,,,11.1,11.036711812215747,10.630412602269992,0.0,,,10.5025,10.520607755275742,9.785827496516022,0.0,,,3.39,3.2811003397222978,3.8122425503042328,0.0,,,11.7,9.276012637266708,11.700864993899483,0.0,,,10.475,10.491488436180095,10.47508070021371,0.0
1996-05-31,PREMON,7.03,12.123333333333335,11.26,10.82,6.8100000000000005,10.083333333333334,11.56,,,6.886,6.721077733260946,7.060686975140811,4.902818100728112,,,12.109333333333334,12.114522782804752,12.506235815906702,12.099995036386849,,,11.164,11.243341420122293,12.003358613393402,11.099991579892999,,,10.6295,10.60632400015303,12.565249904866496,10.502466793085047,,,4.758,4.109973915568226,5.328379626791845,1.4426023012165672,,,11.053333333333335,8.417762151581273,10.084151967384484,2.54182301995812,,,10.908999999999999,11.056098716322149,11.560030484752271,0.0
1996-08-31,MONSOON,7.4,11.14,9.73,10.185,2.49,11.550000000000002,11.095,6.6800000000000015,,7.0916,6.880259342290767,6.337152299829206,5.44071044100245,11.815,,11.7216,11.603569848312963,10.8968458133079,12.117493969479666,10.453750000000001,,10.590399999999999,10.548062660887586,10.692668852760082,11.204023480063693,10.573437499999999,,10.4517,10.370176349099111,10.233056673323388,10.698076172113804,4.2406250000000005,,3.8508,3.013582929175554,4.039595661320171,2.9550411365472495,11.408333333333333,,11.252000000000002,8.616476803612102,11.550772775405502,1.71955029557362,11.052499999999998,,10.9834,11.2377254128632,11.095013416550131,0.0
1996-11-30,POMKH,4.904999999999999,11.36,10.05,10.825,3.07,12.3,11.08,6.783125,6.53125,6.216959999999999,6.264676961390343,5.547560969384491,6.158470842881625,12.17,11.680833333333334,11.57696,11.487950301344991,10.327252645550262,11.44970327267219,10.3025,10.535,10.37424,10.375354969152031,10.194295758621134,10.31757174134739,10.5725,10.583124999999999,10.60102,10.525906369839703,9.613376627141488,10.416073469644644,4.3149999999999995,3.9400000000000004,3.53848,2.601025178727631,3.1084397344197265,1.8928915117750793,11.408333333333333,11.408333333333335,11.671200000000002,9.339846376233135,12.30072702527318,4.517848272645126,11.0525,11.0525,11.02204,11.323261965032394,11.080002596959083,0.0
1997-02-28,POMRB,7.98,13.173333333333336,10.45,10.425,5.795,11.7,10.475,6.383125,6.828750000000001,6.922175999999999,6.728660986813017,6.987780399286356,6.1905218429952615,12.575000000000001,11.949166666666668,12.215509333333333,12.417335788174167,13.389291316054628,11.661771407454621,10.26625,10.3725,10.404544,10.499222710657719,10.258106846937798,10.215138463654455,10.63625,10.563749999999999,10.530612000000001,10.43304602695427,9.867448104776958,10.63222018922381,4.11625,4.54125,4.441088,3.738241047029605,3.6231686480193104,3.258162316474206,11.408333333333333,11.408333333333335,11.68272,9.874284318502129,11.699855294421983,11.669805210720986,11.0525,11.0525,10.803224,11.023593207136628,10.475002901417433,7.34848178101513
1997-05-31,PREMON,6.665,13.89,10.7,10.89,5.0,10.083333333333334,11.56,5.920625,6.737500000000001,6.8193056,6.671293318905555,7.610508548450608,7.334360319655736,12.817916666666669,12.390833333333335,12.8853056,13.232773353455755,13.513433843907357,12.821186068182703,10.25,10.2325,10.5227264,10.689734614832348,11.465162366975187,10.41706819454103,10.63375,10.581249999999999,10.674367200000002,10.589440465863522,12.563320324024247,10.536126144373801,4.069375,4.088749999999999,4.6646528,4.358634116621343,6.2895767373760165,7.328817179935845,11.408333333333335,11.408333333333335,11.042965333333335,9.753002512208798,10.083233308430652,10.051521367060166,11.0525,11.0525,11.1059344,11.329547419722806,11.560000270273866,8.109637173129826
1997-08-31,MONSOON,4.565,12.613333333333335,10.0,10.625,2.71,11.550000000000002,11.095,5.354375,6.0287500000000005,5.91758336,6.018712219928543,6.8358912921526755,6.722283546001252,12.924583333333334,12.759166666666669,12.776516693333335,12.915791635850098,12.627780518717357,12.793715330411384,10.128749999999998,10.3,10.31363584,10.41845735872706,10.141447361996569,10.062778552326948,10.595625,10.691249999999998,10.654620320000001,10.55716167304404,10.268895488084729,10.69609796049673,3.614375,4.143749999999999,3.88279168,3.7155491864433854,3.632116915392352,1.8064157291396854,11.408333333333333,11.408333333333335,11.245779200000001,10.312070471291289,11.549942435306878,11.513297498265594,11.052499999999998,11.0525,11.10156064,11.30878574545034,11.095001682246401,7.783427719366386
1997-11-30,POMKH,4.04,11.83,9.65,10.365,2.475,12.3,11.08,4.875625,5.8125,5.166550016,5.407092009919464,4.2009773346359625,3.1624103952085223,12.7225,12.876666666666669,12.397910016,12.34567902647361,12.319163860078364,12.433471696886004,10.04875,10.2,10.048181504,10.103995965160857,10.13366000735135,10.135024423135969,10.500625,10.576249999999998,10.538772192,10.423454973077485,9.861430212974362,10.686741711455577,3.1862500000000002,3.994999999999999,3.319675008,3.085244380058445,3.1265345894888465,3.000285753849507,11.408333333333333,11.408333333333335,11.667467520000002,11.141067740320649,12.299982552977937,12.261578751377069,11.0525,11.0525,11.092936384000001,11.257125112000866,11.079998039743758,7.772904833761113
1998-02-28,POMRB,4.315,13.556666666666667,9.88,10.58,2.75,11.7,10.475,5.0112499999999995,4.89625,4.8259300096,5.0574998173527295,6.3125942994343305,6.739912899109278,12.214583333333334,12.972500000000004,12.861412676266667,13.01923091202486,13.982147105310966,12.82597271701659,9.840000000000002,10.057500000000001,9.980908902400001,10.070251208032117,9.994739843771395,9.984690894971068,10.41375,10.614999999999998,10.5552633152,10.44589612599084,9.7437207400587,10.476005296425292,3.203125,3.2337499999999992,3.0918050048,2.759492365376368,3.7424618801087908,5.232050878391999,11.408333333333333,11.408333333333335,11.680480512,11.58341381748721,11.699976740871621,11.664256162673242,11.0525,11.0525,10.8457618304,10.884113206090309,10.475001131545781,5.664833223847276
1998-05-31,PREMON,6.5,11.89,10.63,9.975,4.62,10.083333333333334,11.56,5.0062500000000005,4.855,5.49555800576,5.4489026247308985,5.161335315443414,4.78033754377394,11.517916666666668,12.472500000000004,12.47284760576,12.42572731162023,14.266120808127871,13.73378760881217,9.3425,10.040000000000003,10.24054534144,10.444027357566686,11.018617284313326,10.008240337714966,10.064374999999998,10.386249999999999,10.323157989119998,10.188366226678461,12.585945617738858,10.672784003854181,3.07125,3.138749999999999,3.7030830028799997,3.477923550764537,4.846016807188557,3.6340111361642773,11.408333333333335,11.408333333333335,11.041621640533334,11.223817705766235,10.083306583196745,10.053130080409037,11.0525,11.0525,11.131457098240002,11.163027547237501,11.559999582914273,6.251596378775609
1998-08-31,MONSOON,5.815,10.55,8.4,10.845,3.225,11.550000000000002,11.095,4.9816666666666665,5.1675,5.623334803456,5.5242150006360005,4.923927394242424,5.606440688531316,10.372916666666667,11.956666666666669,11.703708563456,11.426911733592695,11.683278999869291,11.55085899877813,8.785,9.640000000000002,9.504327204864001,9.466071941969304,9.919844819091995,10.136810965379286,9.34,10.441249999999998,10.531894793471999,10.434939817929807,9.799197559471525,10.040183188940158,2.65625,3.267499999999999,3.5118498017279998,3.398410935911267,2.602230135117772,2.5067547682499165,11.408333333333333,11.408333333333335,11.24497298432,11.476329862335797,11.549971974363157,11.512948423121564,11.052499999999998,11.0525,11.116874258944001,11.149457297225041,11.095001415298677,6.000126455234896
1998-11-30,POMKH,2.75,8.32,7.27,7.35,0.905,12.3,11.08,4.984583333333334,4.845000000000001,4.4740008820736,4.683512137506208,4.182818019342436,4.314167034197462,9.322916666666666,11.07916666666667,10.3502251380736,9.759593543434928,10.476358849752332,10.647059422223492,8.28375,9.045000000000003,8.6105963229184,8.400990231427588,9.088622930171386,8.989060268745899,8.858125,9.687499999999998,9.259136876083199,9.011470089244767,9.753875145612746,10.711022914245817,2.2725,2.874999999999999,2.4691098810368,2.2645040850077147,2.660627260176433,2.567335672247782,11.408333333333333,11.408333333333335,11.666983790592,11.976459344973007,12.29997279562522,12.261659677304786,11.0525,11.0525,11.102124555366402,11.125313392461184,11.079997936070095,5.992014522217453
1999-02-28,POMRB,5.408333333333334,7.906666666666666,7.8,7.8,1.0,11.7,10.475,4.583958333333333,5.118333333333334,4.847733862577494,4.8678273580453375,5.244629480687154,4.800904400912809,8.788333333333332,9.66666666666667,9.372801749510828,8.769374255212123,11.175584605507076,10.321929294198467,7.78625,8.525000000000002,8.28635779375104,8.157131579021707,8.152215389533346,8.050221413333892,8.314375000000002,8.992499999999998,8.67548212564992,8.430129426823388,8.109540199202893,8.772418953275366,2.061875,2.437499999999999,1.88146592862208,1.5194050005605,2.852800781530337,2.0189772133295443,11.408333333333333,11.408333333333335,11.680190274355201,12.104374715337062,11.69997329479131,11.66423772436127,11.0525,11.0525,10.851274733219842,10.788597565215376,10.475001091282362,7.556210913926233
1999-05-31,PREMON,5.43,9.14,8.7,8.9,3.3,10.083333333333334,11.56,4.489583333333334,4.850833333333334,5.0806403175464965,5.0036581926508195,5.940103487713438,5.9291760411337275,8.622916666666665,8.97916666666667,9.279681049706497,8.982550824618427,8.868211622449891,8.341694371295372,7.4399999999999995,8.042500000000002,8.451814676250624,8.506446077549883,9.034228403071827,8.158671743064582,7.71125,8.723749999999997,8.765289275389952,8.601390639498485,10.350124387245808,8.418575526503322,2.165625,2.107499999999999,2.448879557173248,2.0983967987173107,3.770892506176832,3.692046673028286,11.408333333333335,11.408333333333335,11.041447497946454,11.479338640102942,10.083306926827492,10.053134298460826,11.0525,11.0525,11.134764839931906,11.10385416646675,11.559999567277295,8.33888287971239
1999-08-31,MONSOON,3.68,9.023333333333332,6.35,7.57,2.8600000000000003,11.550000000000002,11.095,4.477291666666667,4.317083333333334,4.520384190527898,4.588877959654659,4.824599491282959,4.407006005389582,8.720833333333333,8.597500000000004,9.177141963157231,9.017308299214214,8.147530373723683,9.053970252069295,7.3,7.530000000000003,7.6110888057503745,7.454118103622546,7.967947062107871,7.716255761758867,7.390000000000001,7.904999999999998,8.28717356523397,8.102238341259051,8.172894067646503,8.595798201376002,2.5168749999999998,2.016249999999999,2.6133277343039487,2.411745283177861,1.5627551819464267,2.6145589923527033,11.408333333333333,11.408333333333335,11.244868498767872,11.521949484045129,11.549973808392322,11.512947458993429,11.052499999999998,11.0525,11.118858903959143,11.12139987527943,11.095001409225793,8.00345203723261
1999-11-30,POMKH,4.13,8.523333333333332,6.55,5.8,2.1,12.3,11.08,4.182499999999999,4.662083333333333,4.3642305143167395,4.428622886296264,2.5827365082988667,2.4367061802640526,9.011666666666667,8.648333333333337,8.91561851122767,8.762366162482477,7.431624240142424,8.213565184584768,7.61375,7.350000000000002,7.186653283450225,7.044776354231876,7.078120324213561,6.521019593823856,7.242500000000001,7.5174999999999965,7.2923041391403824,7.038495806697281,7.261883000776221,7.854235887473774,2.8825,2.314999999999999,2.407996640582369,2.296027070382152,1.517276716618096,0.7892821411811795,11.408333333333333,11.408333333333335,11.666921099260723,11.86779970226022,12.299974050123957,12.26165989771558,11.0525,11.0525,11.103315342375486,11.120609511697136,11.079997933711587,7.992631687475196
2000-02-29,POMRB,3.93,8.486666666666666,7.4,6.78,2.615,11.7,10.475,3.82875,4.2924999999999995,4.190538308590044,4.257704145175242,5.315112909816785,5.110128399233832,9.305833333333332,8.793333333333337,8.744037773403269,8.625333292917222,9.293673539016554,8.49389290812075,8.04625,7.250000000000003,7.271991970070134,7.287339656299797,6.9126402159270235,6.719473466747059,7.222500000000001,7.262499999999997,7.08738248348423,6.891196891370239,6.112164199282956,6.857100044174577,3.0387500000000003,2.718749999999999,2.4907979843494212,2.452166619201298,2.492032067155354,1.4092300021134914,11.408333333333333,11.408333333333335,11.680152659556434,11.898561194358065,11.699974301929714,11.664237673972893,11.0525,11.0525,10.851989205425292,10.7986591640885,10.475001090366394,6.930923196665646
2000-05-31,PREMON,4.55,10.886666666666667,11.61,8.74,4.61,10.083333333333334,11.56,3.29875,4.0725,4.334322985154026,4.3183692637283295,5.187824436830125,5.146774234817877,9.59875,9.230000000000004,9.601089330708628,9.862752345353766,9.986602466350961,9.318477183715169,8.321250000000001,7.977500000000004,9.00719518204208,9.596224351088996,8.296203191344993,7.43014727674772,7.4350000000000005,7.222499999999997,7.748429490090539,7.684524615340502,8.865943695656483,6.611897083207017,3.0949999999999998,3.046249999999999,3.3384787906096527,3.6661981154738212,4.27666542850596,3.7054014228237326,11.408333333333335,11.408333333333335,11.041424929067194,11.232092049493136,10.083307886747216,10.053134309979768,11.0525,11.0525,11.135193523255175,11.121862095406172,11.559999566921562,7.6488278905446165
2000-08-31,MONSOON,1.73,9.63,6.9,7.57,2.8,11.550000000000002,11.095,3.1937499999999996,3.585,3.2925937910924157,3.5388056635897467,3.835671482094593,3.783826266711981,10.015052083333332,9.381666666666671,9.612653598425176,9.75054051691123,9.92209882563088,10.450002976152458,8.70875,8.115000000000004,8.164317109225248,8.271970363998994,9.409198898305899,9.100334030991352,7.827500000000001,7.222499999999997,7.677057694054324,7.598506923919383,7.384007017768551,8.04431526956115,3.20421875,3.031249999999999,3.1230872743657914,3.684564984529693,2.5903223395782957,3.2445983994688214,11.258333333333333,11.408333333333335,11.244854957440317,11.2709086073758,11.549974800313414,11.512947456360163,11.052499999999998,11.0525,11.119116113953105,11.141763892305317,11.095001409087637,7.341154450310772
2000-11-30,POMKH,1.84,10.26,8.2,7.5,2.61,12.3,11.08,3.4612499999999997,3.0125,2.7115562746554494,3.023096843510334,1.9900536212969513,1.5788887750470435,10.210104166666667,9.815833333333337,9.871592159055105,10.040324497586628,8.710844884820808,9.345396145588072,8.6475,8.527500000000003,8.17859026553515,8.302313562694879,7.986951314132542,7.866365943044973,8.082500000000001,7.647499999999996,7.6062346164325945,7.52002493606706,6.887220499928843,6.390891822067309,3.3303125,3.158749999999999,2.917852364619475,3.48362794780313,2.0743260633717746,2.0039629526205065,10.554166666666667,11.408333333333335,11.666912974464191,11.63788757576125,12.299975044193244,12.261659898317554,11.0525,11.0525,11.103469668371863,11.139500134962212,11.079997933657932,7.33122950062581
2001-02-28,POMRB,5.38,10.080416666666665,8.85,8.22,2.97875,10.5,10.475,3.7475000000000005,3.375,3.77893376479327,3.6928336849276775,3.1810794128458078,3.4708102556311204,10.334062499999998,10.214270833333337,9.955121962099728,10.076198774906969,9.940074942918372,9.968708189588835,8.662500000000001,8.890000000000004,8.447154159321089,8.655324768508038,8.264234761105847,8.354609414872103,8.33625,8.007499999999997,7.851740769859557,7.798061231144716,6.8268542729734705,7.181727985064257,3.6103124999999996,3.249687499999999,2.9422114187716852,3.422914101589214,2.968587314885825,2.6783340055984795,10.0,11.108333333333334,11.200147784678514,11.20903969598538,11.699975285736572,11.664237673837048,11.0525,11.0525,10.852081801023118,10.813840000396102,10.475001090345557,6.97768581228577
2001-05-31,PREMON,5.24,10.853333333333332,9.67,9.34,5.255,5.65,11.56,4.29875,3.5475000000000003,4.363360258875963,4.122623231895875,4.7209632617535995,5.257684560905845,10.585312499999999,10.205937500000005,10.31440651059317,10.511476610893066,11.98414387260862,11.224304884116968,9.0625,8.405000000000005,8.936292495592653,9.254212225513946,9.706583719871654,10.087972453872169,8.635000000000002,8.157499999999997,8.447044461915734,8.450390005580294,9.9614755859029,8.213217361493932,4.0421875,3.4109374999999993,3.867326851263011,4.5335917500104745,4.7443112229242494,4.486886717955725,10.0,10.0,8.980088670807108,8.930625321218375,10.016826863979624,9.778810494520423,11.0525,11.0525,11.135249080613871,11.132567993868907,11.559999566913469,7.70043417565857
2001-08-31,MONSOON,3.33,10.655,8.96,9.0,4.3950000000000005,11.550000000000002,11.095,4.51875,3.9475000000000007,3.950016155325578,3.867751375380946,3.4086273857936202,2.871750520900173,10.864010416666666,10.462187500000004,10.4506439063559,10.604057263920518,10.291146613176508,10.11546790364288,9.31125,8.920000000000005,8.945775497355593,9.176968419699376,8.818110970744518,8.229395387154222,8.84,8.514999999999997,8.668226677149441,8.65712674277878,8.219347700922208,8.26581028042333,4.514843750000001,3.809687499999999,4.078396110757807,4.954923456153851,3.1010162612217655,2.971146390619402,10.0,10.0,10.008053202484266,9.487657207195326,11.23823884597647,10.562184656690095,11.052499999999998,11.0525,11.119149448368322,11.148141506561617,11.095001409084494,7.390684877070228
2001-11-30,POMKH,4.65,11.245,9.34,8.46,4.4700000000000015,12.3,11.08,4.233750000000001,4.650000000000001,4.230009693195347,4.073514794335779,2.9528956554045025,3.2529674097127512,11.177499999999998,10.708437500000004,10.768386343813539,10.966286017078055,10.314940701684884,10.83247741234088,9.5025,9.205000000000005,9.103465298413356,9.33700431842353,8.97958464330312,9.10654095245178,8.9975,8.754999999999997,8.584936006289665,8.529843024283522,8.034801683653036,7.969262392295533,4.792500000000001,4.2746875,4.235037666454685,5.214407828494778,2.99994256397151,3.107799891391175,10.000000000000002,10.0,10.924831921490561,10.386734960851209,11.990089183173389,12.479007297344076,11.0525,11.0525,11.103489669020995,11.142267769912795,11.079997933656712,7.380692964212539
2002-02-28,POMRB,4.33,11.325,9.7,8.9,4.9,10.5,10.475,4.2446874999999995,4.387500000000002,4.270005815917209,4.124801350731394,5.575758922299748,5.476785877775548,11.652291666666667,11.019583333333337,10.991031806288124,11.176104793496831,10.556799439787884,10.905030587089676,9.6175,9.417500000000006,9.342079179048014,9.602396912572129,9.344902789810536,9.46707537573612,8.885,8.924999999999997,8.7109616037738,8.656173858042065,7.8759413424302345,8.629260853482918,5.027500000000001,4.755000000000001,4.501022599872812,5.52089252869679,4.138666573123926,3.545786684912776,10.0375,10.0,10.754899152894337,10.444867790356257,10.255858451263911,10.419118238661289,11.0525,11.0525,10.852093801412597,10.814017539838604,10.475001090345083,7.477427811636234
2002-05-31,PREMON,4.01,12.116666666666667,10.35,9.92,5.555,5.65,11.56,4.7943750000000005,4.080000000000002,4.1660034895503255,4.067540824951565,5.232901263336396,4.534762940924496,12.128958333333332,11.33541666666667,11.44128575043954,11.701482976842026,12.34700027413309,11.480474745559917,9.713750000000001,9.587500000000006,9.745247507428807,10.070083083675355,10.64945403295315,9.885446397974123,8.835,9.069999999999997,9.194576962264279,9.180549961835808,10.816764411463536,9.56249858351613,5.1987499999999995,4.830000000000001,4.922613559923687,5.993959257873024,6.240355579053258,5.690416799900387,10.075,10.0,8.712939491736602,8.54014447598335,5.638842901439208,5.646987475374305,11.0525,11.0525,11.135256280847559,11.131078760616969,11.559999566913286,8.25193942744772
2002-08-31,MONSOON,4.647500000000001,13.19,9.2,7.52,5.975,11.85,11.095,5.623125000000001,4.4093750000000025,4.3586020937301955,4.213173020911668,3.041911421717138,2.0358804896812,12.448541666666667,11.96916666666667,12.140771450263724,12.524501159741458,11.870956892064093,11.632435089532438,9.879999999999999,9.647500000000006,9.527148504457283,9.699888863257087,9.603946393269394,9.917542870643002,9.0325,8.699999999999996,8.524746177358567,8.398129359659414,8.93008935760911,9.29048495145253,4.984999999999999,5.2250000000000005,5.343568135954213,6.48293155256341,4.299652565864968,4.336386520589386,10.075,10.075,9.967763695041961,9.520442264406439,11.525450916658109,11.506732536309451,11.052499999999998,11.0525,11.119153768508536,11.145828553642994,11.095001409084423,7.920005877814226
2002-11-30,POMKH,7.73,12.523333333333332,9.87,9.54,4.26,12.3,11.08,6.499375,5.179375000000002,5.707161256238118,5.214230438673113,3.7849857011184422,4.4223157692210044,12.73875,12.288750000000004,12.293796203491567,12.541520715932913,12.718966475138176,12.817725114625551,10.05875,9.780000000000005,9.66428910267437,9.867893848420625,9.439345946486235,9.622816317559561,9.15,8.969999999999995,8.93084770641514,8.869280505919681,7.595240549941722,8.306960660235173,4.786874999999999,5.1725,4.910140881572527,5.872931966542977,4.35312499634891,4.871284720255929,10.075000000000001,10.075,10.900658217025178,10.628463494201172,12.278686056853262,12.331661602674552,11.0525,11.0525,11.10349226110512,11.139776754841971,11.079997933656683,7.909298343955081
2003-02-28,POMRB,7.88,12.603333333333332,10.5,9.4,3.4,10.5,10.475,7.3021875,6.066875000000001,6.576296753742871,5.961382391231096,6.45878009302589,7.345607447976116,12.861666666666665,12.608333333333338,12.417611055428274,12.592689066441974,12.323445865532422,12.192943027777597,10.166250000000002,9.980000000000004,9.998573461604622,10.277660555534469,9.846623665904207,9.892272337751555,9.565000000000001,9.094999999999995,9.118508623849085,9.065686873735105,8.234263157150304,9.253503961450562,4.473125,4.797499999999999,4.306084528943516,4.864729391926515,4.860197088174853,4.588021677257237,9.990625,10.075,10.740394930215107,10.809318597596725,10.468623555938652,10.45280193295948,11.0525,11.0525,10.852095356663073,10.811791360148915,10.47500109034507,6.845301652383549
2003-05-31,PREMON,7.47,13.16,10.98,10.36,5.47,5.65,11.56,7.4475,6.931875000000002,6.933778052245723,6.36684916672622,7.201038728528912,6.338000082361397,12.617083333333333,12.86916666666667,12.714566633256965,12.91782459195342,13.406074659731066,12.682095476159741,10.12875,10.137500000000005,10.391144076962773,10.727329129607018,11.329362506671806,10.474337303454991,9.9,9.204999999999995,9.615105174309452,9.601799979653226,11.249477842086197,9.792776533279453,3.9406250000000003,4.776249999999999,4.77165071736611,5.0487732908015195,6.002577976844045,4.714370067658445,9.906249999999998,10.075,8.704236958129064,8.925949787369195,5.6207636227994096,5.639287275757894,11.0525,11.0525,11.135257213997843,11.129331857236743,11.55999956691328,7.554337670792731
2003-08-31,MONSOON,7.61,13.13,9.43,10.4,3.55,11.175,11.095,7.06,7.672500000000001,7.204266831347434,6.692578688612706,6.438028853556558,5.654327282452709,11.980833333333333,12.854166666666671,12.880739979954178,13.050994653754405,13.677785575121446,13.382596283107668,9.9475,10.195000000000004,10.006686446177664,10.140216871480076,10.254040272797809,10.380252899338755,9.85625,9.924999999999994,9.929063104585671,9.914185504797832,9.366628780704046,9.897424066243115,3.61625,4.17,4.282990430419666,4.301594186784696,4.444948926624711,5.66285487008725,10.01875,9.906249999999998,9.692542174877438,9.604865846085627,11.806346820661428,11.80735110859659,11.052499999999998,11.0525,11.119154328398707,11.144631579041713,11.09500140908442,7.250465091474511
2003-11-30,POMKH,5.93,10.626666666666667,9.34,9.34,2.425,12.3,11.08,6.888749999999999,7.222500000000001,6.69456009880846,6.431644589024508,7.687874775506005,8.12963939614147,11.329166666666667,12.380000000000004,11.979110654639173,11.755811056368577,12.812209287831093,12.577347579289265,9.751249999999999,10.062500000000005,9.740011867706599,9.806950146452209,9.838481870290266,10.046986739272164,9.83,9.874999999999995,9.693437862751402,9.613000737735078,9.3147790483784,10.0107922302541,3.45,3.71125,3.539794258251799,3.260431511751681,3.3752330868836844,3.1896911419717293,10.685416666666667,9.90625,10.735525304926464,10.713618651082276,12.220474314959262,12.108632094996965,11.0525,11.0525,11.103492597039224,11.139094166213543,11.079997933656683,7.240662750206181
2004-02-29,POMRB,6.58,9.41,9.58,9.25,2.64,11.4,10.475,6.668749999999999,6.897500000000002,6.648736059285076,6.437804852717865,7.319709005940183,5.779970172577039,10.816041666666667,11.581666666666672,10.951466392783505,10.501344966323149,11.543005186481825,11.134699922369558,9.747499999999999,9.832500000000005,9.676007120623959,9.769233911017668,9.690707342084155,9.844027395140646,9.776250000000001,9.837499999999995,9.516062717650842,9.407383767476237,8.945900753949958,9.820506105534072,3.23125,3.5212499999999998,3.1798765549510795,2.6643576834534115,3.3987483216881333,2.570034948080223,11.323958333333334,10.13125,11.001315182955878,11.27127260050542,10.421647797685361,10.503787187553696,11.0525,11.0525,10.852095558223535,10.811520837102913,10.47500109034507,7.555223857678321
2004-05-31,PREMON,7.4,11.14,10.33,10.3,4.9,10.083333333333334,11.56,6.33,6.880000000000003,6.949241635571045,6.681210474175663,6.852180448150765,5.884934286335196,10.422708333333333,11.076666666666672,11.026879835670103,10.862189404506141,11.008811539635715,10.539647344289072,9.905,9.670000000000005,9.937604272374376,10.141072471493603,10.716993740319612,9.85194540561106,9.77375,9.822499999999994,9.829637630590504,9.76276730429842,11.508691425819162,9.938067364537394,3.0562500000000004,3.37875,3.867925932970648,3.3829355489538657,4.91005734593556,4.876741745687606,11.408333333333333,11.239583333333334,10.634122443106861,11.1178742404242,5.622863775838907,5.833374746063999,11.0525,11.0525,11.13525733493412,11.129360359872532,11.55999956691328,8.337793584225434
2004-08-31,MONSOON,5.92,11.045,10.05,10.03,2.37,11.85,11.095,6.16125,6.457500000000003,6.537544981342627,6.420740852426127,6.465226751162121,6.945818758027122,10.389375,10.555416666666671,11.034127901402062,10.976551417592239,11.24563981929146,11.479935767615912,10.087500000000002,9.825000000000005,9.982562563424626,10.176794212370407,9.619191156376868,9.604689282970757,9.972499999999998,9.729999999999995,9.909782578354303,9.83758401428027,9.45823142091008,9.20265305412792,3.041875,3.08375,3.2687555597823885,2.822849727478015,3.4795296192777028,3.226193704805861,11.445833333333335,11.408333333333335,11.120473465864116,11.656074350985332,11.429391509291007,12.104025057000396,11.052499999999998,11.0525,11.119154400960472,11.144842200568508,11.09500140908442,8.002406558562388
2004-11-30,POMKH,4.91,9.565,9.98,9.69,2.205,12.3,11.08,6.06125,6.202500000000003,5.886526988805576,5.943242435848782,6.166420650884104,6.429423571962625,10.634374999999999,10.290000000000004,10.446476740841238,10.227198592759558,9.703102428998218,9.995654983406038,10.28125,9.985000000000003,9.981537538054775,10.157799648692114,9.953261311617688,9.837482983079383,10.215,9.817499999999995,9.821869547012582,9.727032333004319,9.164005868750342,10.39572643968409,2.975625,3.0287500000000005,2.8432533358694334,2.3627895881539556,2.3289962256058905,1.896457439311455,11.760416666666666,11.408333333333335,11.592284079518471,12.247328937399482,12.588794637337816,12.195118633308036,11.0525,11.0525,11.103492640576285,11.139387551057654,11.079997933656683,7.991587622250675
2005-02-28,POMRB,6.25,10.205,10.4,10.49,2.745,11.7,10.475,5.76125,6.120000000000003,6.031916193283346,5.998402805921744,6.297898989679981,5.817012506622262,10.706875,10.488750000000003,10.349886044504743,10.229585139806499,9.491637783336714,9.244706344266493,10.3625,10.190000000000003,10.148922522832866,10.367066724671899,10.119245883811264,10.003937414602449,10.42625,10.127499999999996,10.08912172820755,10.023133216508556,9.058070849319419,9.963710970808117,2.7912500000000007,3.0550000000000006,2.80395200152166,2.321645539811387,2.6606981854734104,2.431536347631102,11.86875,11.483333333333336,11.635370447711082,12.413861449647092,11.637533821967173,11.380590936419722,11.0525,11.0525,10.852095584345772,10.811820282476953,10.47500109034507,7.209943650345898
2005-05-31,PREMON,6.93,12.305,11.06,11.0,4.2650000000000015,12.3,11.56,5.35375,6.002500000000003,6.391149715970007,6.235421576981892,6.48552817002886,6.607537555965035,10.886875,10.780000000000003,11.131931626702846,11.368528701038155,11.537715055245119,11.136274952060669,10.375,10.372500000000004,10.51335351369972,10.812573793037798,11.379385646986755,10.494924887610177,10.64375,10.302499999999995,10.45347303692453,10.413297340874063,12.213056352756787,10.643875486331718,2.700625,2.8962500000000007,3.3883712009129967,3.115432409105161,4.564058663486193,4.6576333265369145,11.700000000000001,12.037500000000003,11.90122226862665,12.714166530393666,10.102287336341039,10.117976856060594,11.0525,11.0525,11.135257350607464,11.12962176036578,11.55999956691328,7.956749269498673
2005-08-31,MONSOON,3.99,10.46,9.97,11.02,1.53,10.5,11.095,5.05875,5.520000000000003,5.430689829582004,5.544790468250615,5.738080279012327,6.268373057224432,11.358749999999999,10.633750000000003,10.863158976021708,10.892282036639038,11.97398007304053,11.874597042390912,10.42125,10.352500000000003,10.296012108219832,10.462778072692302,10.321971151826698,10.733612991037122,10.7775,10.549999999999994,10.680083822154717,10.636576698861395,10.160304435599215,10.841415837266137,2.7393750000000003,2.6862500000000002,2.645022720547798,2.443576957517815,2.8809414372913698,2.0912056241898203,11.775,11.700000000000003,11.34073336117599,12.127028565262725,11.969111820258753,12.303719574384445,11.052499999999998,11.0525,11.11915441036448,11.145042281704283,11.09500140908442,7.636689718433196
2005-11-30,POMKH,3.58,11.59,10.16,10.44,2.3200000000000003,12.3,11.08,4.9075,5.187500000000003,4.6904138977492025,4.939962539939202,4.7455086219883835,3.624714464442503,11.660625,11.140000000000004,11.153895385613025,11.285679643446123,9.766556447381,9.79804316198402,10.48125,10.3975,10.2416072649319,10.390981776179903,10.18841995614095,10.257683202400028,10.901250000000001,10.737499999999994,10.58405029329283,10.500539660123712,10.017262028938667,10.516817668475412,2.8068750000000002,2.7150000000000003,2.515013632328679,2.2908995586131127,1.7864135181987402,1.7896327320444758,11.85,11.700000000000003,11.724440016705595,12.312767076059677,12.358381199561165,11.84085353926358,11.0525,11.0525,11.103492646218688,11.139520663636082,11.079997933656683,7.626365216785924
2006-02-28,POMRB,5.22,11.955,10.59,10.81,2.9400000000000004,12.3,10.475,4.763750000000001,4.930000000000002,4.902248338649521,4.993118780899839,5.266122055436868,5.051705099811199,12.0475,11.577500000000004,11.474337231367816,11.664244987831818,11.025033101780638,11.532115286662165,10.58375,10.445000000000002,10.38096435895914,10.579691344607296,10.321453558698703,10.343536200581982,11.10125,10.817499999999994,10.674430175975697,10.590837991754352,9.857109822908908,10.462935369433172,3.0575,2.76375,2.685008179397207,2.501541114357134,2.3712332300736962,2.6508430878521225,12.075000000000001,11.850000000000001,11.954664010023357,12.439932725227948,11.754050411867317,11.760435345502305,10.994375,11.0525,10.852095587731213,10.811893136330484,10.47500109034507,7.244902050545818
2006-05-31,PREMON,6.75,12.97,11.35,11.67,4.609999999999999,12.3,11.56,4.54375,4.8850000000000025,5.641349003189713,5.47655297381843,5.59803203025235,6.179539396279951,12.459375,11.743750000000004,12.07260233882069,12.3881844192125,13.249019554934728,12.739367153738987,10.7525,10.517500000000002,10.768578615375484,11.067200818867457,11.574300634953737,10.715188929806862,11.475000000000001,10.984999999999994,11.072658105585418,11.024049912181978,12.760564130804566,11.067885575422002,3.3975,2.8499999999999996,3.4550049076383242,3.589839650673269,4.385793598265476,4.10604678487033,12.3,11.850000000000001,12.092798406014015,12.513815058049744,12.270484402936173,12.376535764634772,10.87625,11.0525,11.135257352638728,11.129646227976385,11.55999956691328,7.9953286591226425
2006-08-31,MONSOON,3.02,12.89,10.5,11.95,3.19,12.3,10.63,4.486249999999999,4.642500000000002,4.5928094019138275,4.728741667671062,4.497385826142211,4.641648680404711,12.800625,12.351250000000004,12.399561403292415,12.677544246959075,12.072359911290695,11.59739247769612,10.93875,10.650000000000002,10.661147169225291,10.862773675877708,10.573688538981926,10.718072337577555,12.04,11.217499999999994,11.423594863351251,11.386952521871688,10.772129767605778,11.284175631837547,3.7649999999999997,3.2649999999999997,3.3490029445829945,3.7333788898719416,2.733337495753735,1.6691205531499669,12.3,12.3,12.17567904360841,12.543438404000394,10.546722334072276,10.442543556854593,10.680625000000001,10.936250000000001,10.933154411583239,10.901710722967843,11.09500140908442,7.673717255446864
2006-11-30,POMKH,2.79,12.455,10.98,12.5,3.38,12.3,10.6,4.4875,4.445000000000002,3.8716856411482965,4.136214932033159,3.784137851158529,2.9667361108741215,13.1725,12.567500000000003,12.421736841975449,12.574830723556056,12.73592668581808,12.925758567547213,11.08,10.855000000000004,10.788688301535174,11.012791794324334,10.6063793169259,10.653989213890915,12.692499999999999,11.732499999999995,11.854156918010752,11.831659825545646,10.796152796209917,11.490895456025461,3.8675,3.5299999999999994,3.361401766749797,3.858731239825832,2.518575923273036,2.828457005144818,12.3,12.3,12.225407426165045,12.539549266798227,12.448361891020747,12.677810017855862,10.545,10.816250000000002,10.799892646949942,10.706565087201255,10.795588548085405,7.663342694037966
2007-02-28,POMRB,5.55,13.82,11.26,13.27,4.82,12.3,9.39,4.4325,4.5275000000000025,4.5430113846889775,4.524559052867987,4.700432217166992,4.599339009144767,13.409374999999999,13.033750000000001,12.981042105185269,13.267226277942086,12.48631997158675,12.406070072690799,11.270000000000001,11.022500000000004,10.977212980921106,11.231671416818724,10.979586132815292,10.994048518943602,13.274999999999999,12.347499999999993,12.420494150806451,12.419441711098145,11.30867850302975,12.347388419402842,3.7575,3.999999999999999,3.9448410600498782,4.648759116499466,3.219957926990154,3.196048836354865,12.187500000000002,12.3,12.255244455699028,12.512989228763017,12.41785901803036,12.166820997672868,10.603125,10.545000000000002,10.235935588169966,9.950308014249096,10.070962013139845,7.517599054951468
2007-05-31,PREMON,6.43,14.079999999999998,11.81,14.43,3.55,12.3,11.56,4.646249999999999,4.4475000000000025,5.2978068308133865,5.054009282524305,5.743865324634667,6.470851216063865,13.745624999999999,13.311250000000001,13.42062526311116,13.726312053709595,14.380533105124398,13.804920321794445,11.33125,11.137500000000005,11.310327788552662,11.624633103078317,12.239522636171042,11.411443659569764,12.506250000000001,13.037499999999993,13.224296490483871,13.259788408008545,14.741634478838293,13.058982078943275,3.78875,3.7349999999999994,3.7869046360299268,4.552776454626565,5.537348381002447,5.07540468456733,12.075000000000001,12.3,12.273146673419419,12.473536046243657,12.414303490814286,12.283634712414786,10.72125,10.545000000000002,10.76556135290198,10.53748627906338,10.739462257785096,8.296271606228066
2007-08-31,MONSOON,2.9,13.675,11.56,13.85,3.37,11.4,11.095,4.853750000000001,4.417500000000002,4.338684098488032,4.39684376341104,3.6881994487029304,3.299310599582912,14.145,13.5075,13.522375157866696,13.71785573357332,13.742033476954138,13.567320768990568,11.341249999999999,11.402500000000005,11.410196673131598,11.68626988695166,11.116313910237054,11.356585541200774,10.5225,13.512499999999992,13.474577894290324,13.462771680897301,13.162196287984061,13.803589725153309,3.914375,3.78,3.6201427816179557,4.267204350705296,3.164455788875621,2.6811927230683246,12.075000000000001,12.075,11.923888004051651,12.057256644309202,12.31981238631209,12.256930725806777,10.916875,10.66125,10.897336811741187,10.8063592031224,10.776331866694607,7.278497475829912
2007-11-30,POMKH,4.62,14.36,10.41,4.45,3.45,12.3,11.08,4.916874999999999,4.875000000000003,4.451210459092819,4.436548250953236,3.3945414320463305,2.732280510327239,14.3325,13.98375,13.857425094720018,14.085124173663429,13.43270825123878,13.090731320035836,11.87,11.260000000000005,11.010118003878958,11.11797390457413,11.458076744491542,11.641183570741527,10.148125,11.499999999999993,9.864746736574194,9.381438214712027,12.928897836371123,13.618760621807276,4.129375,3.7975000000000003,3.552085668970774,4.00561199452027,2.9209501063840833,3.2919149760207316,12.075000000000001,12.075,12.074332802430991,12.080854192654677,12.27560768780657,12.057292480434905,11.0525,10.78125,10.970402087044713,11.008322798440016,10.956237226962152,7.24566605226868
2008-02-29,POMRB,5.38,15.11,11.91,5.45,5.755,12.3,10.475,4.8825,4.832500000000002,4.822726275455691,4.686031135554875,5.745954066959378,6.000620777820684,14.398124999999999,14.30625,14.35845505683201,14.66028637632694,14.620017787407088,14.530306806980166,12.775416666666667,11.422500000000005,11.370070802327374,11.621194733493779,10.98198225536711,11.008224181150787,10.820000000000002,9.544999999999995,8.098848041944516,7.585178614585016,8.094722804718131,8.906206633941963,4.106666666666667,4.03125,4.433251401382464,4.945837629220493,3.612738699241558,4.59059839178929,12.1875,12.075,12.164599681458595,12.118812237824663,12.279971102462078,12.308673279709556,10.994375,11.0525,10.772241252226827,10.82647352622495,10.42693652663853,5.512220850224418
2008-05-31,PREMON,7.105,14.29,15.39,19.255000000000006,4.335,12.3,11.56,4.588125,5.001250000000002,5.735635765273415,5.364272886249129,6.250211399729717,6.324901480281673,14.409583333333334,14.35875,14.331073034099205,14.480315993233438,15.316146786488307,14.690565142589247,13.848333333333334,12.317500000000004,12.978042481396425,13.677414963603562,12.628787868532818,11.730129393428621,12.619375000000002,10.751249999999997,12.561308825166712,12.755999569237805,9.109161929506122,7.432411652885375,4.059583333333334,4.2275,4.393950840829479,4.956364567511776,5.611677293889506,3.783357574180712,12.3,12.075,12.218759808875157,12.162823950502693,12.284299691689252,12.251206829711181,10.87625,11.0525,11.087344751336097,11.235389910208085,11.541332880644251,7.858205872833906
2008-08-31,MONSOON,1.95,13.99,15.223333333333334,14.4,2.4033333333333338,12.3,10.63,4.399375,4.763750000000003,4.221381459164049,4.337878946842961,3.8328677839449536,3.3582927555686073,14.362083333333333,14.4375,14.194643820459524,14.235056093618061,14.412546330468052,13.809199528429833,14.649583333333334,13.233333333333338,13.876158822171188,14.593875652522332,13.41167754974892,13.8108970811502,16.221875000000004,10.888749999999996,13.296785295100028,13.431313764979782,13.020676913021902,13.813299054347368,4.018125,3.985833333333333,3.597703837831021,3.945017817835475,3.7882886468282067,3.5238569681988103,12.3,12.299999999999999,12.251255885325094,12.20661800624356,11.431155786801313,11.367768996385317,10.680625000000001,10.936250000000001,10.90440685080166,11.047783776955145,11.087751885747565,8.162225335515458
2008-11-30,POMKH,3.215,14.136666666666665,15.33,18.295,4.04,12.3,10.6,4.056875000000001,4.412500000000002,3.818828875498429,3.9854771731215464,3.683685713414824,2.957275331083917,14.437916666666666,14.381666666666668,14.171452958942382,14.201808791719982,14.38650456349463,14.157227092955226,14.94125,14.463333333333338,14.457695293302713,15.096495568421966,14.57064552456124,14.253534244757992,18.345,14.349999999999996,15.296071177060018,15.53969319963881,13.150477717866426,14.081940811712476,3.902916666666667,4.133333333333333,3.7746223026986128,3.905189029668232,3.0485842849385385,2.923579731429058,12.022916666666667,12.3,12.270753531195057,12.245918719218587,12.37817393591095,12.466300540555153,10.545,10.816250000000002,10.782644110480996,10.855673414392067,10.792773073080674,8.172032414956801
2009-02-28,POMRB,5.275,14.953333333333333,13.4,20.425,4.833333333333333,12.3,9.39,3.9906250000000005,4.386250000000003,4.401297325299058,4.3384610991656185,4.886020156951162,4.904487529682112,14.647916666666665,14.342500000000001,14.484205108698763,14.629025036667013,14.72402053243242,14.422112855214053,15.143333333333334,14.83583333333334,14.034617175981627,14.337495700745537,15.17428408138138,15.403811103972174,19.330000000000002,18.093749999999996,17.34764270623601,17.64813166438048,15.46961450152934,16.648151634459953,4.2125,3.902916666666666,4.198106714952501,4.291417269059706,4.124037234586529,5.658397727072241,11.652083333333334,12.3,12.282452118717035,12.27823524179755,12.375294560974,12.215172736694127,10.66125,10.545000000000002,10.225586466288597,10.077633862895173,10.069868575801424,9.040723204260928
2009-05-31,PREMON,4.4700000000000015,15.053333333333335,16.233333333333334,21.265,4.335,10.083333333333334,11.56,4.367500000000001,3.7275000000000036,4.428778395179435,4.351790602884674,6.05148777244823,6.391052875725313,14.832916666666668,14.533333333333337,14.711856398552593,14.87954724657593,14.536700234130672,14.242086152610545,15.270416666666668,15.046666666666674,14.91410363892231,15.44143562252256,15.206774002049867,15.40817482021071,20.310625,18.596249999999994,18.914585623741605,19.181200306727227,20.474677423423586,19.482475449045374,4.524583333333333,3.902916666666666,4.2528640289715005,4.364178429766329,5.155596011681009,3.8277045365100806,11.558333333333335,11.745833333333334,11.402804604563556,11.392721637716152,12.372530498670368,12.272581351136528,10.8975,10.545000000000002,10.75935187977316,10.63351029251754,10.73903760290056,8.33672279428029
2009-08-31,MONSOON,4.055,14.906666666666665,15.996666666666668,20.27,4.88,11.550000000000002,11.56,4.426875000000001,4.253750000000004,4.279267037107661,4.240160652115785,1.8507542852010777,1.1426619788352645,14.897083333333335,14.762500000000001,14.789780505798223,14.915212988587058,14.732411544115607,14.47950534628919,15.102083333333333,15.240000000000007,15.347128850020052,15.856879232957557,14.953407403689729,15.839575565232224,19.6215625,20.06374999999999,19.456751374244963,19.57965893568421,19.473848888287286,20.073685753419625,4.295,4.522083333333333,4.503718417382901,4.682367993185507,3.472318791128012,2.3491336058120336,11.483333333333336,11.558333333333334,11.461682762738135,11.267862913234916,12.201958178369072,11.752720511281327,11.288750000000002,10.777500000000002,11.079611127863895,11.11602591742802,10.776166944787676,6.9576444218043925
2009-11-30,POMKH,4.125,14.7,15.573333333333332,20.27,4.0600000000000005,12.3,11.56,4.4975000000000005,4.481250000000004,4.217560222264597,4.182130046765507,3.7666244698281584,4.71574720366119,14.884583333333332,14.903333333333334,14.753868303478935,14.819625596114205,15.115101060122095,14.596850153063013,14.865416666666668,15.30083333333334,15.437610643345364,15.839295745598486,15.653346505618842,15.969046296739112,18.56125,20.55749999999999,19.782050824546978,19.798574376574336,19.29744090380139,16.64567567947141,4.127916666666667,4.527083333333334,4.32623105042974,4.50624319683147,4.016758231670689,4.759938281759886,11.408333333333333,11.558333333333334,11.797009657642882,11.521255738894666,12.16318664256348,12.206847015586085,11.56,11.017500000000002,11.271766676718338,11.48459958311952,11.240582562321418,6.9131580226922615
2010-02-28,POMRB,4.84,14.903333333333334,11.81,12.9375,2.9766666666666666,11.7,11.56,4.529375,4.372500000000004,4.466536133358758,4.349816814720883,5.553471830519339,5.232194066481008,14.784166666666666,14.890833333333333,14.813654315420695,14.885868232289692,15.602259034517875,14.87256072591215,14.779166666666667,14.903333333333341,13.986566386007219,13.872582556234004,15.755559073429987,15.074616048036793,18.07,18.68562499999999,17.04423049472819,16.648198909339108,19.425985802943664,19.018587344914764,3.9141666666666666,4.062916666666667,3.786405296924511,3.8187569444840728,4.729794670618683,4.602167819666808,11.408333333333333,11.408333333333335,11.758205794585727,11.523056992681688,12.16637338467764,12.274484637454085,11.501875,11.560000000000002,11.387060006031003,11.72828302282106,10.830950728860591,4.839708663653653
2010-05-31,PREMON,5.47,15.003333333333332,15.93,20.27,4.855,10.083333333333334,11.56,4.3575,4.622500000000003,4.867921680015256,4.6513272476828895,5.698602824441534,5.269114540922228,14.725416666666668,14.878333333333332,14.88952592258575,14.970495045212996,15.054401685864233,14.761451811060642,14.521666666666668,14.827500000000008,14.76393983160433,15.056785484102491,14.490960986180061,14.111496952294871,17.5796875,18.43687499999999,18.334538296836914,18.188013536672432,18.422162624190605,21.15078466267417,3.402291666666667,4.192916666666667,4.213843178154707,4.195366753373742,4.708353016353196,3.444779746203557,11.408333333333335,11.408333333333335,11.08825681008477,10.878909008997965,10.036584658410568,9.913629913801776,11.38375,11.560000000000002,11.456236003618603,11.857584088106103,12.361860529151997,8.083527511697287
2010-08-31,MONSOON,3.31,14.153333333333334,15.61,17.335,2.65,11.550000000000002,11.095,4.225,4.436250000000003,4.244753008009154,4.23342750503472,3.1487574761889863,2.8834513371919135,14.596666666666668,14.689999999999998,14.595048886884783,14.548830614724812,14.770200844767102,14.718442083275576,14.6825,14.73083333333334,15.102363898962597,15.46802755691811,14.484003733350912,15.106915524830798,18.392187500000002,17.70312499999999,17.93472297810215,17.724844826132998,17.976608245060806,18.775855802839903,3.2320833333333336,3.635416666666667,3.588305906892824,3.462285067252155,3.6669047038665337,4.844728467998765,11.408333333333333,11.408333333333335,11.272954086050863,10.96800893153623,11.537435980623137,11.544838604891188,11.188125,11.443750000000001,11.311741602171162,11.650290960101584,11.406417676272035,9.093554269367779
2010-11-30,POMKH,3.495,14.983333333333334,13.9,19.2825,2.195,12.3,11.08,4.050625,4.278750000000003,3.9448518048054924,3.9937177543407723,3.700287626330366,3.711292316940767,14.345416666666667,14.76083333333333,14.750362665464204,14.804763458642402,14.423273759905744,14.072334351992764,15.047222222222222,14.312500000000009,14.62141833937756,14.778916856393455,15.233368714365291,15.259880314910516,19.3903125,17.45624999999999,18.47383378686129,18.339056281771295,17.045269347123945,19.517190200639373,3.153125,3.169166666666667,3.0309835441356943,2.7230359715389327,3.1944298789768895,3.048355021850682,11.408333333333333,11.408333333333335,11.683772451630517,11.398912967536793,12.280147934177071,12.254369480363051,11.0525,11.32375,11.219044961302696,11.433727550360327,11.20094170824612,9.126135777679735
2011-02-28,POMRB,4.41,13.589999999999998,14.77,20.425,3.4799999999999995,11.7,10.475,3.7231250000000005,4.171250000000003,4.130911082883296,4.0920545194696984,4.946683160811378,4.7221627880324775,14.104999999999999,14.432499999999997,14.286217599278523,14.16743217633421,15.273806484246752,14.850220047033822,15.090277777777777,15.052500000000009,14.680851003626536,14.895393978201934,14.586844963862355,13.167617573002577,19.819375,19.32812499999999,19.254300272116772,19.18611769053512,17.83786115300344,20.016918860368577,2.8412499999999996,3.295,3.2105901264814163,2.8156934889399685,3.300522468934812,2.160421239982144,11.408333333333333,11.408333333333335,11.690263470978309,11.534666477701135,11.704666147309496,11.66590428656188,11.110625,11.0525,10.921426976781618,10.935565732371154,10.521971650823623,10.45813040299997
2011-05-31,PREMON,4.505,14.306666666666667,15.887777777777776,20.7675,3.72,10.083333333333334,11.56,3.52375,3.9300000000000033,4.280546649729978,4.188851279534808,5.3046774681518745,4.4392248722291265,13.665416666666665,14.258333333333333,14.29439722623378,14.262841756011587,14.480217244326614,13.85901761771639,15.256111111111112,15.041944444444452,15.163621713287032,15.533821624088672,15.788680460497245,15.52542504829466,20.3096875,19.45249999999999,19.859580163270063,19.804269583119673,21.599417921067683,20.759069226022948,2.81125,3.0112499999999995,3.41435407588885,3.076976725881107,4.203548408156445,4.777482437160883,11.408333333333335,11.408333333333335,11.04749141592032,10.976073876131593,10.085499804695036,10.052753317042805,11.228750000000002,11.0525,11.17685618606897,11.128686722985142,11.57824137852499,8.098832972477577
2011-08-31,MONSOON,1.655,12.926666666666668,15.996666666666668,20.27,1.2899999999999998,11.550000000000002,11.56,3.443125,3.5162500000000034,3.230327989837986,3.4259297750352506,2.637574062441096,3.335868815746629,13.267916666666668,13.951666666666664,13.747305002406936,13.55896199561077,13.826946951420064,13.833208595088347,15.371111111111112,15.138611111111118,15.496839694638886,15.901952148386577,14.981261583797716,15.630438217766395,19.167291666666667,20.186249999999987,20.023748097962038,19.921976745951206,19.74679211196203,20.29836891886579,2.903125,2.6712499999999992,2.56461244553331,2.198561288459455,2.784347751180451,2.1585318764739267,11.408333333333333,11.408333333333335,11.248494849552191,11.113955837016539,11.55146205070551,11.513034552556949,11.424375000000001,11.168750000000001,11.330113711641383,11.310892037451335,11.10208592516187,7.089831649037419
2011-11-30,POMKH,3.555,12.693333333333333,14.84,20.27,3.3150000000000004,12.3,11.56,3.56625,3.5312500000000036,3.3601967939027917,3.4438024468431956,2.6197063370126026,2.4483385827918847,13.185416666666665,13.379166666666663,13.325716334777495,13.109047183332233,13.846333743816661,13.669025686052665,15.320138888888888,15.373611111111119,15.234103816783332,15.479718319768192,15.66456100474606,15.262259750820052,17.839270833333334,20.433124999999986,20.122248858777223,19.9866457318247,19.427068574565087,20.336383866161512,2.8833333333333333,2.951249999999999,2.8647674673199863,2.510721464930948,2.1517540287129955,1.589387980488859,11.408333333333333,11.408333333333335,11.669096909731316,11.56563789364629,12.300372270047472,12.261639987850039,11.56,11.288750000000002,11.42206822698483,11.460373042609264,11.367158710872603,7.0572832192490225
2012-02-29,POMRB,3.705,12.7,14.75,10.298333333333334,3.095,11.7,11.56,4.044375,3.355000000000003,3.498118076341675,3.500094722135613,4.230694892783728,4.289680345922019,13.420625,13.156666666666665,13.075429800866496,12.905888610419874,12.657608484814913,12.377353961204953,14.779950980392158,15.368611111111118,15.04046229007,15.22689182792858,15.32199155806044,15.309929281094044,16.629360119047618,17.90145833333332,16.192682648599664,15.574330687050667,19.487549276846373,17.493898914332476,3.035729166666666,2.8549999999999995,2.956860480391992,2.7061182690924928,3.159562359613611,3.716306566831194,11.408333333333333,11.408333333333335,11.68145814583879,11.699551164212679,11.700574255446098,11.66424222543323,11.501875,11.560000000000002,11.4772409361909,11.568002500612614,10.880108717031938,6.001067371526143
2012-05-31,PREMON,6.195,14.536666666666667,15.5,20.27,3.9466666666666654,10.083333333333334,11.56,4.564375,3.7775000000000034,4.576870845805005,4.265627502000844,4.516450394093232,4.250643454138613,13.853541666666667,13.214166666666666,13.659924547186565,13.807685860590817,13.446166769723419,13.316909363616507,14.229485294117648,15.271666666666674,15.224277374042,15.49378325106226,16.072713494597938,15.36087070623975,14.240967261904762,17.77708333333332,17.8236095891598,17.598024217190158,17.06564131053887,16.514317483714162,3.1420833333333333,2.9116666666666657,3.352782954901861,3.3246314668384476,3.8865132215134173,3.3993381740357713,11.408333333333335,11.408333333333335,11.042208220836606,11.121990584170563,10.083978716355025,10.053133269501464,11.38375,11.560000000000002,11.51034456171454,11.63397977286813,12.380951865305878,8.31757747282461
2012-08-31,MONSOON,3.7899999999999987,14.578333333333335,12.062941176470584,11.088214285714288,2.2825,11.550000000000002,11.095,5.1831249999999995,4.311250000000003,4.262122507483003,4.102353290939771,2.7981448799215425,3.2544393100626454,14.39,13.627083333333333,14.027288061645272,14.244708031552364,13.096349814082672,13.534151624599916,14.171985294117647,14.288235294117651,13.959742895013434,13.835625446138742,14.863964638570192,15.480469967182113,13.00029761904762,15.481636904761892,15.129451467781596,14.614333441673109,17.33236181218533,17.36225614753191,3.17875,3.159791666666666,2.9246697729411166,2.978633152181382,2.5106937540555276,1.3861962611286638,11.408333333333333,11.408333333333335,11.245324932501966,11.232509007741587,11.550679905810494,11.51294769421681,11.188125,11.443750000000001,11.344206737028724,11.420496478439224,11.41383211957411,8.529589839568237
2012-11-30,POMKH,5.58,14.505,14.37,10.344642857142855,3.1733333333333333,12.3,11.08,5.7125,4.817500000000003,4.7892735044898025,4.509512030548667,4.1378803494169105,4.176629531849056,14.879583333333333,14.08,14.218372836987164,14.40581931558628,14.277798232735805,13.988916506031012,14.173235294117646,14.170735294117652,14.123845737008061,14.227057028264564,13.267385316724717,13.061958063224143,12.026005952380952,13.000297619047608,13.215528023526101,12.643407989589978,13.459271864301245,14.779010993490068,3.3641666666666667,3.1243749999999997,3.024135197098003,3.107573470943975,2.6819134049888644,3.4894443300589844,11.408333333333333,11.408333333333335,11.667194959501181,11.653693168944049,12.300657421340032,12.261659843942768,11.0525,11.32375,11.238524042217236,11.233970670198605,11.203821232708764,8.53642894817287
2013-02-28,POMRB,6.630000000000001,15.18,14.76,10.298333333333334,3.53,11.7,10.475,6.026249999999999,5.548750000000004,5.525564102693882,5.1017475636734515,5.5278296976992,5.157554925873653,15.166041666666668,14.7,14.6030237021923,14.845598916077796,14.436068254883391,14.0547515242587,14.173235294117646,14.173235294117653,14.378307442204836,14.620951605486091,14.076082514471748,13.80540456072385,11.051714285714286,13.000297619047608,12.048650147448994,11.539914034786682,11.441738121161197,12.590757831315091,3.518229166666667,3.233125,3.2264811182588016,3.382092386322892,3.2887831146807818,2.9081365074550454,11.408333333333333,11.408333333333335,11.680316975700709,11.757772708593446,11.700645961180484,11.664237686267297,11.0525,11.0525,10.933114425330341,10.783969905109727,10.52308996285234,8.444001981749372
2013-05-31,PREMON,7.505,15.973333333333334,15.5,12.475666666666667,4.995,10.083333333333334,11.56,6.20875,5.876250000000003,6.3173384616163295,5.773009474802168,7.114547475498282,6.716438151030774,15.202708333333332,15.059166666666664,15.151147554648713,15.477565003800613,16.158077477090924,15.583482567629144,14.231985294117646,14.173235294117653,14.826984465322901,15.198159542511055,15.577066193778192,14.626989046729088,11.051714285714286,11.051714285714276,12.219456755136063,11.904843911245592,13.244481197185376,11.775923553637254,3.49375,3.4952083333333333,3.933888670955281,4.370469131361059,4.137341406412579,3.9122633467136128,11.408333333333335,11.408333333333335,11.04152351875376,11.15439738813621,10.08397198244632,10.053134307169229,11.0525,11.0525,11.183868655198205,11.028643282971403,11.578675693916228,7.99416426491498
2013-08-31,MONSOON,4.989999999999998,15.433333333333332,12.062941176470584,11.088214285714288,2.466666666666667,11.550000000000002,11.095,6.133749999999999,6.176250000000003,5.786403076969798,5.511422149860267,4.675149675528983,4.091201030071647,15.130833333333332,15.272916666666664,15.264021866122562,15.475413316805229,15.36588580081654,15.465463531018697,14.289485294117647,14.173235294117653,13.721367149781974,13.691397725613285,14.664409805225372,13.967991000137168,11.051714285714285,11.051714285714276,11.766959767367354,11.486467745790813,11.424989375380564,11.705165905517482,3.375,3.5412499999999993,3.3469998692398355,3.826090581523362,2.992636280378202,2.626962989241629,11.408333333333333,11.408333333333335,11.244914111252257,11.244012671164366,11.550633557533516,11.51294745700266,11.052499999999998,11.0525,11.148321193118925,11.013339077311088,11.102254598889973,7.864819448241503
2013-11-30,POMKH,5.84,13.943333333333333,14.84,10.344642857142855,2.793333333333333,12.3,11.08,5.876875,6.241250000000003,5.807841846181878,5.575434860903194,5.872408527243305,5.732505104296594,15.056666666666665,15.132499999999995,14.73574645300687,14.667095083489858,15.22479494649304,15.05286803342212,14.288235294117646,14.290735294117654,14.168820289869185,14.401241809692099,13.187041630025284,13.629576705214248,11.051714285714286,11.051714285714276,11.198033003277555,10.924940755860934,10.653710623370046,11.356739861482685,3.21375,3.4462499999999987,3.1255332548772343,3.461102652605148,3.1633781887494203,3.076663855364526,11.408333333333333,11.408333333333335,11.666948466751354,11.64932694386985,12.300627678927302,12.261659898170677,11.0525,11.0525,11.120992715871356,11.007816747290457,11.082814832596547,7.860647034800425
2014-02-28,POMRB,5.77,15.166666666666664,14.75,10.298333333333334,2.9599999999999995,11.7,10.475,5.904375,6.026250000000003,5.792705107709127,5.600006006060716,6.566979742641715,5.774526751949904,15.03,15.129166666666661,14.908114538470787,14.958450991404051,14.821279475113084,14.432157953051826,15.259117647058822,14.288235294117653,14.401292173921512,14.700728992576755,14.324506118365058,14.479438976290295,11.051714285714286,11.051714285714276,10.838153135299866,10.59577834594044,10.109305815458656,6.95723100806669,3.1558333333333333,3.3037499999999986,3.0593199529263404,3.2257257577158174,3.441831700007465,3.2165341756782118,11.408333333333333,11.408333333333335,11.680169080050812,11.742810299109696,11.700621588944083,11.664237673870625,11.0525,11.0525,10.862595629522815,10.69987058328401,10.476095080692785,8.061848854824806
2014-05-31,PREMON,6.31,15.393333333333333,15.5,12.475666666666667,4.275,10.083333333333334,11.56,6.065,5.727500000000003,5.999623064625476,5.774712466163964,7.178216387959528,6.925738400408168,15.175208333333334,14.984166666666662,15.102202056415805,15.215166855739438,15.873490961744544,15.466430599079063,16.89375,14.288235294117655,14.840775304352906,15.237081017199104,15.67111130629602,14.89272099626429,11.051714285714286,11.051714285714276,11.493158547846587,11.386130384762541,12.611675246141328,12.65362315350602,3.318958333333333,3.1237499999999985,3.5455919717558047,3.696918657831104,4.130638457433929,4.512451795384908,11.408333333333335,11.408333333333335,11.04143478136382,11.134127281557,10.083948835487096,10.053134310003147,11.0525,11.0525,11.141557377713688,11.045750842563502,11.560424436568331,8.335672384946823
2014-08-31,MONSOON,6.404999999999999,15.800000000000002,19.83,11.088214285714288,2.723333333333333,11.550000000000002,11.095,6.1025,6.081250000000003,6.161773838775286,5.925172327736678,4.207804507985297,4.047696146706329,15.189375000000002,15.07583333333333,15.381321233849484,15.553492652890817,15.019491663939998,15.013325913761122,18.2725,16.230000000000008,16.836465182611743,17.75173649204932,14.702273739291044,14.076435534680952,11.051714285714285,11.051714285714276,11.331180842993668,11.20148357907079,11.124453753448444,8.966969507689486,3.5416666666666665,3.187916666666665,3.216688516386816,3.3113609629685863,2.549022423412624,2.151003739447529,11.408333333333333,11.408333333333335,11.244860868818293,11.222110272397925,11.55060953186196,11.512947456354818,11.052499999999998,11.0525,11.122934426628213,11.090727032763015,11.095166414401112,7.219096205841906
2014-11-30,POMKH,5.71,14.738333333333335,20.15,10.344642857142855,3.841666666666667,12.3,11.08,6.3462499999999995,6.048750000000004,5.981064303265171,5.828264464245448,6.0649796145958685,6.700387373760583,14.998750000000001,15.27458333333333,15.124126073643023,15.133734872532239,14.602585244402261,14.675530760847117,19.62625,17.557500000000005,18.161879109567046,19.145078762570098,17.842213845856694,18.431950199489943,11.051714285714286,11.051714285714276,10.936565648653342,10.768368831022649,10.510978621717554,9.787134790158262,3.651041666666667,3.4499999999999984,3.466679776498756,3.5410647510246545,2.980076134738981,2.7570720432186295,11.408333333333333,11.408333333333335,11.666916521290975,11.62833299663337,12.300603632948816,12.261659898318776,11.0525,11.0525,11.105760655976928,11.11141543647365,11.080062016262284,7.183077619419162
2015-02-28,POMRB,6.2,14.485,20.47,10.298333333333334,3.693333333333333,11.7,10.475,6.599375,6.1562500000000036,6.068638581959103,5.903032757268887,6.406183451833179,5.9793747924034975,15.02125,15.104166666666663,14.868475644185814,14.803559531767222,15.730522646313752,15.223848812813547,20.319375,18.987500000000004,19.08512746574023,19.991359201520908,19.37086290049327,19.418081391568922,11.051714285714286,11.051714285714276,10.681272722525339,10.509756838395953,10.04151876191487,10.064479154713364,3.7720833333333332,3.6333333333333315,3.5573411992325865,3.655453481687667,3.6622253830801363,3.2232719871314837,11.408333333333333,11.408333333333335,11.680149912774585,11.724506442119841,11.700597790588713,11.664237673836768,11.0525,11.0525,10.853456393586157,10.80380053317802,10.475025977908835,5.526651158602405
2015-05-31,PREMON,7.83,14.55,20.61,12.475666666666667,4.416666666666667,10.083333333333334,11.56,6.678749999999999,6.5362500000000034,6.773183149175462,6.430808932603489,7.235550871324994,6.658183007480162,15.355625000000002,14.89333333333333,14.741085386511488,14.68703739622363,15.5388910637106,14.698548242841836,20.413125,20.265000000000004,19.695076479444136,20.47708382953662,21.11989272037183,20.29727170826906,11.051714285714286,11.051714285714276,11.39903030018187,11.338869678426658,12.579481452353331,11.091056644133468,3.968125,3.668749999999998,3.901071386206219,4.104605852684917,4.613502421901638,4.327033729454536,11.408333333333335,11.408333333333335,11.041423280998085,11.11956028103487,10.08392533462062,10.053134310010888,11.0525,11.0525,11.136073836151695,11.135383108077642,11.560009232419613,8.152818127181309
2015-08-31,MONSOON,6.91,16.823333333333334,20.265,11.088214285714288,3.5500000000000003,11.550000000000002,11.095,6.641249999999999,6.662500000000003,6.827909889505277,6.533431554508679,5.750392673630741,6.164963641119201,15.514166666666668,15.149166666666664,15.573984565240227,15.865250696621379,14.989094362719733,14.879909773946324,20.459375,20.373750000000005,19.923045887666483,20.53454710396039,19.948672078517795,21.963565596265706,11.051714285714285,11.051714285714276,11.274703894394836,11.1755182777511,11.109164102928458,11.252616764853496,4.095000000000001,3.8754166666666645,3.7606428317237315,4.004382629627262,2.9199085700283156,2.698379914416681,11.408333333333333,11.408333333333335,11.244853968598852,11.21154008825875,11.550586267559407,11.512947456353048,11.052499999999998,11.0525,11.119644301691018,11.158564474776878,11.095005162847286,8.847891258356297
2015-11-30,POMKH,5.84,16.39,20.465,10.344642857142855,4.583333333333333,12.3,11.08,6.4925,6.695000000000002,6.432745933703167,6.293575668481558,6.443849693787669,6.327735175067638,15.441805555555556,15.562083333333328,15.900390739144138,16.171937401961774,14.816314957157433,15.711382357873955,20.466250000000002,20.452500000000008,20.139827532599888,20.666645900029412,20.214353000740267,21.067644641478296,11.051714285714286,11.051714285714276,10.902679479494044,10.754103346545318,10.50371717826784,10.857068871082646,4.252395833333333,4.060833333333331,4.089719032367572,4.404073432104524,3.602536311808447,3.9542657255774776,11.408333333333333,11.408333333333335,11.666912381159312,11.621580655828476,12.300580589581612,12.261659898319179,11.0525,11.0525,11.10378658101461,11.155917213200766,11.079999391493983,8.870312972265172
2016-02-29,POMRB,5.77,14.101666666666668,20.525,10.298333333333334,3.966666666666667,11.7,10.475,6.38875,6.587500000000003,6.1676475602219,6.104625843376914,6.727802443791093,5.837661316587313,15.413611111111113,15.466249999999995,15.180901110153151,15.072992007745063,16.069210308112435,15.708463051678669,20.411875000000002,20.46625000000001,20.29389651955993,20.762312888483393,20.514097131585675,20.820402079766843,11.051714285714286,11.051714285714276,10.66094102102976,10.501919299949263,10.038070117951134,10.565325877205398,4.401458333333333,4.1291666666666655,4.04049808608721,4.3797812945334025,4.208812688294391,3.8152470280455475,11.408333333333333,11.408333333333335,11.680147428695587,11.721065611945253,11.70057496678416,11.664237673836677,11.0525,11.0525,10.852271948608767,10.827573782625617,10.475001656520845,9.773412282599356
2016-05-31,PREMON,7.07,14.354444444444445,20.61,12.475666666666667,5.4025,10.083333333333334,11.56,6.189479166666667,6.397500000000004,6.52858853613314,6.3508799030052545,7.486679368805651,6.683759288095427,15.12548611111111,15.417361111111106,14.850318443869668,14.704904319424482,15.62776157527378,14.263472014482808,20.318125,20.46625000000001,20.420337911735956,20.85321365162102,21.61303169577687,20.693443483918713,11.051714285714286,11.051714285714276,11.386831279284522,11.334563690151185,12.577843603725718,11.325507947165418,4.456458333333333,4.3756249999999985,4.585298851652325,5.049456080496901,5.035080997996014,4.30295499425206,11.408333333333335,11.408333333333335,11.041421790550686,11.11865434822343,10.08390273178051,10.053134310010908,11.0525,11.0525,11.13536316916526,11.14267948573451,11.559999786797219,8.151720973758124
2016-08-31,MONSOON,6.84,16.793333333333333,19.83,11.088214285714288,3.7566666666666655,11.550000000000002,11.095,5.975024509803922,6.380000000000005,6.653153121679884,6.456858387883826,5.757434219361006,6.471319461388017,14.864027777777778,15.409861111111105,15.627524399655133,15.857206981229604,16.26873297438052,15.692299740508991,20.271874999999998,20.35750000000001,20.184202747041574,20.491712970935126,20.147217023426034,20.526036843059728,11.051714285714285,11.051714285714276,11.267384481856428,11.173152543260017,11.108386247007354,11.362365737992185,4.5493749999999995,4.427291666666664,4.253845977658061,4.707499666314713,3.649580155863891,3.791593961463925,11.408333333333333,11.408333333333335,11.244853074330411,11.212459088673986,11.550563884017153,11.512947456353045,11.052499999999998,11.0525,11.119217901499155,11.154541406413127,11.09500149448007,6.968334613560911
2016-11-30,POMKH,4.315833333333333,14.115,20.15,10.344642857142855,4.816666666666666,12.3,11.08,6.04609068627451,5.998958333333339,5.718225206341263,5.795387730025224,5.905560570102522,5.75165367952764,14.73263888888889,14.841111111111104,15.02251463979308,14.93557336955592,15.261406060921848,16.25700602684273,20.265,20.27875000000001,20.170521648224945,20.481847602186406,20.03442743704128,20.182466076483536,11.051714285714286,11.051714285714276,10.898287831971,10.752803598537598,10.50334775473028,10.908443450576263,4.6007291666666665,4.485624999999998,4.478974253261503,4.892136487806142,4.203305782476197,4.428064501498941,11.408333333333333,11.408333333333335,11.666911844598246,11.623702617569597,12.300558422983624,12.26165989831918,11.0525,11.0525,11.103530740899494,11.14543812700388,11.079997966821528,6.930160860006158
2017-02-28,POMRB,5.5785294117647055,14.285,20.47,10.298333333333334,4.476666666666667,11.7,10.475,6.145465686274509,5.951090686274515,5.66234688851064,5.698736822772554,5.68764880981373,4.89754508142391,14.580208333333333,14.886944444444437,14.727508783875848,14.604122579252527,13.331403977860912,13.270121710224338,20.373749999999998,20.265000000000008,20.290312988934968,20.64353667250992,20.253480069957146,20.18377388538275,11.051714285714286,11.051714285714276,10.658306032515934,10.50120521098876,10.037894669328326,10.589374825843949,4.695833333333334,4.613124999999998,4.478051218623568,4.832466529474932,4.51297066179512,3.8950342202061186,11.408333333333333,11.408333333333335,11.680147106758948,11.723814484978345,11.700553014839521,11.664237673836675,11.0525,11.0525,10.852118444539697,10.814767494439504,10.4750011032252,5.592295854957173
2017-05-31,PREMON,7.83,13.12,20.61,12.475666666666667,5.303333333333334,10.083333333333334,11.56,6.149840686274509,6.141090686274515,6.529408133106384,6.287255217034066,6.947486524372775,6.901420590801342,14.747708333333332,14.578333333333324,14.084505270325508,13.820561174755746,14.738241197351613,14.418327459741052,20.56125,20.265000000000008,20.41818779336098,20.795265583225394,21.475247267415405,20.382268311397826,11.051714285714286,11.051714285714276,11.385250286176227,11.334171365607899,12.577760278717655,11.336765497812456,4.774166666666667,4.588333333333332,4.808164064507475,5.163507423280677,5.494810575654763,5.315251200344001,11.408333333333335,11.408333333333335,11.041421597388702,11.121515534655407,10.083880992406263,10.05313431001091,11.0525,11.0525,11.135271066723817,11.130189849414624,11.559999571915498,8.32987684467441
2017-08-31,MONSOON,6.875,16.808333333333334,20.7,11.088214285714288,4.616666666666667,11.550000000000002,11.095,6.149840686274509,6.149840686274515,6.66764487986383,6.4223553941539775,6.180738666623273,6.929406937882346,14.686458333333333,14.582083333333323,15.17403649552864,15.458910128170164,16.024724376556144,14.876803839062296,20.653750000000002,20.48250000000001,20.530912676016584,20.916119210333477,20.091743002731928,20.25024397053887,11.051714285714285,11.051714285714276,11.266435885991452,11.172936997920742,11.108346673844238,11.367635508761602,4.7775,4.803333333333333,4.731565105371152,5.054081230076622,3.882497696924219,3.5959319742888516,11.408333333333333,11.408333333333335,11.24485295843322,11.215114704749874,11.550542355175502,11.512947456353043,11.052499999999998,11.0525,11.11916264003429,11.144047126387353,11.095001411027116,8.370752213717552
2017-11-30,POMKH,4.315833333333333,15.44,20.78,10.344642857142855,4.583333333333333,12.3,11.08,5.944809436274509,6.149840686274515,5.726920261251632,5.771143327118238,5.3926759054586775,4.996104888995976,14.459583333333333,14.913333333333322,15.280421897317183,15.470452165132892,14.342545787945532,14.971402552390906,20.667499999999997,20.640000000000008,20.63054760560995,21.016706334629976,20.5318180964861,20.62592003549924,11.051714285714286,11.051714285714276,10.897718674452014,10.752685176700174,10.503328960429801,10.910910282379453,4.816197916666667,4.744999999999999,4.672272396556024,4.910122386906226,4.720742439636226,4.899891170071644,11.408333333333333,11.408333333333335,11.666911775059933,11.625963199162682,12.300537102644428,12.26165989831918,11.0525,11.0525,11.103497584020573,11.137697922135605,11.079997934411162,8.372070774009268
2018-02-28,POMRB,5.5785294117647055,12.47,20.58,10.298333333333334,4.736666666666667,11.7,10.475,5.73540318627451,6.149840686274515,5.6675639214568605,5.681700878676846,5.813866267625194,5.014837538339319,14.457708333333333,14.459583333333324,14.156253138390309,13.866516212868111,14.611516088083828,15.182789548178386,20.86375,20.667500000000008,20.610328563365968,20.96171653921344,20.8300896150876,20.826584687591136,11.051714285714286,11.051714285714276,10.657964538004542,10.501140149356592,10.037885743437577,10.59052957420237,4.9703125,4.81,4.6980301046002815,4.850995321446362,4.683664201440646,4.196124899723924,11.408333333333333,11.408333333333335,11.68014706503596,11.725579219404407,11.700531900982313,11.664237673836675,11.0525,11.0525,10.852098550412343,10.809843859351945,10.475001090638088,8.137770016734429
2018-05-31,PREMON,6.18975,13.12,20.61,12.475666666666667,5.352916666666667,10.083333333333334,11.56,5.731028186274509,5.739778186274515,5.876438352874116,5.797057677755595,7.311798979318797,7.088763711463954,14.373020833333335,14.459583333333326,13.741751883034183,13.481573786212612,13.13519139896356,12.388759712764553,21.020625,20.667500000000008,20.61019713801958,20.950497912583018,21.773111076663113,20.72852123000308,11.051714285714286,11.051714285714276,11.385045389469392,11.33413562037651,12.577756039585385,11.337306046936865,5.1328125,4.822395833333333,4.959984729426836,5.104582275173183,5.67415226991307,5.14188762483847,11.408333333333335,11.408333333333335,11.04142157235491,11.122765533573475,10.083860083029908,10.05313431001091,11.0525,11.0525,11.135259130247405,11.127740021420527,11.559999567027079,8.071574040409823
2018-08-31,MONSOON,6.84,16.793333333333333,22.27,11.088214285714288,5.8,11.550000000000002,11.095,,5.731028186274515,6.26186301172447,6.067701166544498,5.6795728346228,5.904005951256451,,14.455833333333324,14.962384463153843,15.294991629413554,16.397833717089295,15.361611134185996,,21.060000000000006,21.27411828281175,21.808754502383046,20.21166731729447,20.689155056206666,,11.051714285714276,11.26631294796735,11.172917359286966,11.108344660572632,11.367888545151539,,5.118229166666667,5.295990837656101,5.529693083896023,4.147464618391725,4.447593359317926,,11.408333333333335,11.244852943412948,11.215888816357609,11.550521648299352,11.512947456353043,,11.0525,11.119155478148443,11.143490365896486,11.095001409128615,7.9507270614656935
2018-11-30,POMKH,4.315833333333333,14.7775,20.465,10.344642857142855,4.699999999999998,12.3,11.08,,5.731028186274515,5.483451140368015,,4.563607638268131,4.295030747295955,,14.290208333333325,14.888430677892305,,14.64736095769534,15.699964484450273,,20.981250000000006,20.950470969687046,,21.51799647335154,21.652227271009444,,11.051714285714276,10.897644911637553,,10.50332800427597,10.911028731215538,,5.147395833333333,5.05759450259366,,5.176187620579131,4.8309374706350505,,11.408333333333335,11.666911766047768,,12.300516596307478,12.26165989831918,,11.0525,11.103493286889066,,11.079997933673846,7.946828771822335
