,State,CurrentLevel,AlgoLevel,Category0,Category1,Category2,Category3
0,Andhra Pradesh,"[5.641587079, 7.418521008, 5.312447761, 3.452762186, 3.861293103, 6.218089552, 5.9747523220000005, 4.577874618, 4.806, 6.863292469, 4.859647651, 3.585233333, 4.997112211, 6.64771836, 6.693187184, 5.735181347, 6.279677996, 7.103636364, 4.811056338, 4.508247078, 5.128401361, 7.030867347, 7.060873288, 3.72548552, 4.336376068, 6.758780918999998, 6.72501773, 6.036690647, 6.7215925930000004, 9.009981717999999, 7.399317343, 5.953675372999999, 6.57456979, 8.1775, 7.899741602000001, 6.104512922, 11.17750992, 12.94001988, 9.942572864, 6.003846939, 7.235695793, 8.833139785, 7.782194323, 7.509320175, 9.351101322, 10.77966518, 7.7237428900000005, 5.854680135, 7.211046771, 8.746308571, 6.604837262, 6.009117647, 7.126681818, 6.28760095, 6.13993135, 4.856981567, 5.267488479, 5.752313625, 4.319778325, 2.9872413790000003, 3.447759036, 5.515582417999999, 4.437624703, 4.251062802, 4.773576642, 6.756389549, 5.067, 4.452242798, 5.150725389, 6.486548295, 5.28, 3.3711491110000003, 4.100594406, 5.714080664, 5.159801865, 4.559420935, 4.839920455, 6.386644144, 5.498805461, 4.741743227, 4.345811088, 6.770254042, 5.377863741, 4.802332928, 6.012352272999999, 7.768647059, 6.146358244, 4.295238663, 5.034976077, 6.516, 6.549130435, 5.745341463]","[0.0, 5.3400373210705965, 6.690954025609697, 5.278223988917972, 4.548445804520688, 5.579843285554422, 4.892598136537731, 4.607519961693139, 4.9788550431632315, 6.610577679479762, 5.8662840471402, 3.703830296092737, 4.130883628812029, 6.837991557078612, 5.379692661199865, 5.147138649321024, 6.096773455778727, 7.843106745511753, 6.03888478498553, 3.7109514918143063, 5.11712440996943, 6.741245947933428, 5.745445794591541, 5.722786677325205, 4.472380177727673, 6.12788194160221, 5.73457840805722, 5.133498980480053, 6.369301978307066, 8.2058051826229, 7.746047973529503, 5.8111505510102965, 6.338122949712705, 8.176312716654472, 7.000771888032855, 6.24125638528314, 6.485678516148847, 12.02447136248516, 11.074760779730491, 7.912358538395939, 6.892511057802174, 8.801946605273914, 7.510934069628867, 5.906065264733981, 8.181229395357605, 10.575866084077962, 9.163133479585325, 5.996825111991564, 6.893828923550156, 8.79177824001346, 7.328582519497974, 5.043245553394402, 7.047651744014074, 8.715273034971089, 5.201504862930867, 4.729092682437011, 6.085300892070896, 6.966722842839217, 4.8240724652753695, 3.21121481813164, 4.455282147409388, 5.350009772776137, 4.591987775215301, 3.298162836158335, 5.448063616872043, 6.47771383462961, 5.6266031850187375, 3.894230946033212, 5.572254720499936, 6.813441452978557, 5.363609129949461, 4.110841073168226, 4.636624024051965, 5.9094092292699685, 4.709770558244953, 3.965140507231466, 5.603441127186558, 6.520017614618782, 5.3038119036288425, 4.287260709462741, 5.711152488194803, 6.09628602847387, 5.639124433354193, 4.213280452602597, 5.6832895945133615, 7.537038717796057, 6.464705275739268, 4.89320381526178, 5.274579373964491, 6.726295550528401, 5.39287625801716, 5.199919510547526]",0,0,0,0
1,Arunachal Pradesh,"[6.327777778, 2.520909091, 2.23, 2.442, 3.228461538, 3.785454545, 2.991666667, 3.055454545, 3.329090909, 3.204545455, 1.9755555560000002, 3.668181818, 4.2755555560000005, 4.485555556, 3.03625, 3.871818182, 4.358571429, 3.146666667, 1.938571429, 3.482222222, 4.6675, 5.682, 2.455, 3.802142857, 4.392727273, 4.173333333, 2.546666667, 3.272307692, 4.129333333, 2.782, 2.241538462, 3.275, 4.632857143, 2.098333333, 2.305714286, 3.51, 4.958333333, 2.856428571, 2.043846154, 3.045833333, 4.826923077, 4.053846154, 2.776153846, 3.926, 4.073333333, 3.504166667, 2.87, 3.521538462, 4.47, 3.94555, 2.002307692, 3.7199999999999998, 5.079166667, 3.94555, 2.511111111, 3.7199999999999998, 5.375, 3.94555, 2.476, 3.538181818, 5.004615385, 3.94555, 2.126666667, 3.958333333, 4.814444443999999, 3.94555, 1.976, 3.690909091, 4.801818182, 4.4418181820000004, 2.42, 3.52, 4.549090908999999, 4.840833333, 0.8825000000000001, 3.417272727, 4.573333333, 5.409285714, 1.477272727, 3.590714286, 3.548333333, 4.676428571000001, 2.268888889, 3.625, 4.367857143, 4.818333333, 1.9476923080000001, 2.85, 5.796, 4.54, 5.31, 4.5710000000000015]","[0.0, -7.339338626959857e-09, -5.182707188362394e-09, -8.61423066212611e-09, 6.122453625103952, 2.439110465453167, 2.157640811964368, 2.362761821908467, 4.667681985695502, 3.112454774355621, 2.574339104277896, 2.708474982424603, 4.195219402253462, 3.142721446963381, 2.362678475513074, 3.043263202252436, 4.215015573478669, 3.517260947806953, 2.550036833341806, 3.273641996489194, 4.247039732261126, 3.425207935210592, 2.400272871203815, 3.322029012879411, 4.336621624551054, 3.918653861638902, 2.410729098712121, 3.425315814108088, 4.345335298120152, 3.968480635806201, 2.4371166870389223, 3.3916147423273992, 4.300000623516722, 3.732427317983092, 2.397044189567939, 3.366458222126748, 4.36077481900536, 3.417881773932812, 2.378038249665541, 3.391681374508215, 4.4698033975965235, 3.310544213269776, 2.313924144028373, 3.324724683457773, 4.532852667017169, 3.445678456756946, 2.397792417855425, 3.433616717056178, 4.445789985634186, 3.45413889578268, 2.482661742621572, 3.447472452742243, 4.447297660032191, 3.541288220391514, 2.39365574748048, 3.494805746432876, 4.5588825508814725, 3.612225351863053, 2.413376790114402, 3.533329546427092, 4.703370331393403, 3.670097698786532, 2.423119235653955, 3.531904065924825, 4.754634844716804, 3.717383775993373, 2.368075653129162, 3.606508645514444, 4.7623100403418945, 3.756059921664699, 2.295910358550446, 3.6193613302494043, 4.766317504813436, 3.87703109539768, 2.316747299320623, 3.5991206402380618, 4.724138789132827, 4.047866684720075, 2.057255812098838, 3.5640660917330873, 4.6939451408901345, 4.290018992545252, 1.951631591530953, 3.566535338379142, 4.484952362461273, 4.35668446622938, 2.007389917089858, 3.57472106687169, 4.460984747493309, 4.436817328122147, 1.995352596240006, 3.442138746618633]",0,0,0,0
2,Assam,"[3.3172, 2.836772908, 2.025511111, 2.561133603, 3.408603604, 3.5637991270000002, 2.140675676, 3.036121495, 3.581836735, 3.055586854, 1.877835052, 2.821519608, 3.669029126, 4.175472637, 1.925692308, 2.682121212, 3.720314136, 3.239591837, 1.7344019140000002, 2.724190476, 3.501207729, 3.274581281, 2.185630631, 2.629620853, 3.519330143999999, 2.789560976, 1.974568966, 2.902183406, 3.532715517, 2.936759259, 1.8695089290000002, 2.569464286, 3.457465438, 2.43795122, 2.156203209, 2.662682927, 3.510528634, 2.773761905, 1.7699038459999992, 2.641509434, 3.678762887, 3.184103774, 2.525172414, 3.008815166, 3.671792453, 3.011530055, 1.802582418, 2.868730159, 4.125991189, 3.407, 1.615238095, 2.7142, 4.275194175, 3.407, 1.7371038250000002, 2.8652813850000003, 4.254034335, 3.407, 1.79595, 2.698994709, 3.875526316, 3.407, 2.361956522, 2.8339436620000003, 4.451062802, 3.407, 2.0217, 2.64294686, 3.529509346, 3.885459768, 2.116235955, 2.8111458330000003, 3.459591837, 3.961097561, 1.8108333330000002, 2.740571429, 3.6109, 3.940601852, 1.7463428570000001, 2.623050847, 3.5489285710000003, 4.394462366, 2.253051948, 3.135333333, 4.000819672, 4.150727273, 2.853584906, 2.609532164, 3.4215131579999998, 3.7305, 1.294, 2.934915254]","[0.0, 0.0, 0.0, 0.0, 3.317199768067404, 2.836772709657993, 2.025510969379944, 2.561133423930192, 3.367349395988649, 3.235663018216868, 2.088697236430205, 2.821740375357778, 3.460264887688211, 3.157654379484602, 1.997352154536399, 2.8216447393743502, 3.5424149995946212, 3.558172612068096, 1.9691535298113672, 2.766741306295637, 3.609758122100657, 3.437574926227783, 1.880289091559957, 2.750633831941164, 3.569299781135952, 3.376824777975524, 1.9940944105503542, 2.705530500453305, 3.5507904451112102, 3.15929542077089, 1.9868619583067701, 2.778373028789112, 3.5441118062492922, 3.077068888579957, 1.9435003196175442, 2.701181792420069, 3.512127708551181, 2.8411489952771323, 2.022016132018424, 2.686970562362288, 3.51153766767907, 2.816283902222692, 1.9289894791946391, 2.670195907418153, 3.573232289023399, 2.951984174014056, 2.148940037873104, 2.795123158361156, 3.6095919578480613, 2.973951147537311, 2.021165815049427, 2.822277396528216, 3.800091231242712, 3.133702531276798, 1.871419395892945, 2.782407729288233, 3.975354606110629, 3.2345207588644542, 1.821870975784576, 2.812979454381787, 4.078157921420535, 3.298147337954136, 1.8123088800507312, 2.770931151239312, 4.003408429303193, 3.338302382803444, 2.015070349535879, 2.794176059982075, 4.168545136677892, 3.363644474828556, 2.017515983300372, 2.738388618448774, 3.93280916137264, 3.556138602480587, 2.05393311227844, 2.76522826214781, 3.758242512555672, 3.705525204906571, 1.96425525897279, 2.756132524288342, 3.703888865073738, 3.792243375960722, 1.883868860822458, 2.707039601626921, 3.646725070867573, 4.01439784862369, 2.020057980402802, 2.865034234163892, 3.777348150173606, 4.064688841920684, 2.327540368888239, 2.770781265982115]",0,0,0,0
3,Bihar,"[3.93368, 5.00377193, 2.262396694, 3.112279202, 3.7498780490000003, 5.091856678, 1.961254019, 3.030730337, 3.3265625, 4.727506925, 1.853568627, 2.63940678, 3.286051873, 4.7517379680000005, 1.6848623850000002, 2.5969501470000003, 3.430060606, 4.68301105, 1.9969740630000001, 3.005781711, 3.666127946, 5.110774193999999, 2.102947977, 2.917964072, 3.149186992, 4.751876833, 2.358825301, 3.11745509, 3.662639752, 4.746930693, 2.260480349, 2.995589354, 3.558811475, 4.743559322, 2.543954545, 3.452, 3.8555172410000003, 5.27042623, 2.840141343, 3.67347079, 4.310166667, 5.335068493, 2.957758007, 3.258413284, 4.261438596, 5.370711462, 2.081751825, 2.965960784, 3.949111111, 5.224522822, 1.774512821, 3.514493392, 3.892357724, 5.504220182999999, 3.387469388, 3.577004218999999, 4.731799163, 6.14836, 3.963053435, 4.482988506, 5.025253623, 6.19440613, 2.98896679, 3.261085271, 3.860311284, 5.761407407, 3.2268, 3.7897397770000003, 5.176548223, 5.501439791, 3.209150418, 3.213526316, 4.175906314, 5.506155462000001, 2.74625, 3.270730689, 4.078718447, 5.476987768, 3.497359098, 4.388421053, 4.900783699, 6.173605547, 3.190872483, 3.456970199, 4.158496835, 5.6851574209999995, 2.935155763, 3.870269841, 4.64760355, 6.8575, 3.734136292, 5.584285714]","[0.0, 6.169398098279865e-07, 1.247814826987544e-06, 1.166982648314001e-06, 3.933680849827518, 4.9088969242102305, 2.2700525002536738, 3.012777193302754, 3.709024537389185, 4.754024152698799, 1.818697634067097, 2.8582460168213872, 3.335193791791065, 4.594762334434102, 1.823583364978718, 2.714616426457843, 3.234061168846409, 4.693534270797196, 1.811307348410041, 2.826762006862166, 3.603750000785608, 4.977251848822517, 2.158544061642346, 3.067661091020424, 3.611956707423031, 4.672567757072925, 1.7683612780362972, 3.067512825444985, 3.768204920393368, 5.048005416411216, 2.016099203461573, 3.01111195142668, 3.634318580482298, 4.9208159673725955, 2.018061820143635, 3.172562630999739, 3.989923144479918, 5.237342282533532, 2.475664950988879, 3.5602953969373363, 4.216557539482233, 5.576329841582542, 2.726633361849757, 3.6697263170000953, 4.023044310640389, 5.380296640182474, 2.753131022267131, 3.163588120980073, 3.536242764879848, 5.079537442996485, 2.52973566508262, 2.904841280040295, 3.760410364851997, 5.261486449242914, 2.614359473541252, 3.956304482470828, 4.4342728920588375, 5.783796705901523, 3.301604807941369, 4.548909501911695, 5.19074592642717, 6.319532584724581, 3.490375502121691, 3.983800593338464, 4.11762937465449, 5.187301420002439, 2.8074025531650513, 3.937642012083017, 4.502847155188474, 6.158978840673451, 3.147034981014877, 3.794430315484637, 4.161725712445826, 5.370405687141075, 2.784229916922227, 3.51354531399783, 4.045639803810812, 5.309092882404075, 2.731178175461663, 3.912270033808665, 4.984213599069881, 6.2259509612500175, 3.4586656885028972, 3.997100699635577, 4.324404294346676, 5.441031756500099, 2.91839588118142, 3.676247114002297, 4.462016856067101, 5.8841141118144655, 3.777835193429345, 4.570808249238217]",0,0,0,0
4,Chandigarh,"[8.4625, 6.875, 5.795, 9.533333333, 10.09666667, 6.787000000000001, 11.734000000000002, 7.3675, 7.0925, 6.683333332999999, 11.734000000000002, 6.5600000000000005, 8.494, 10.64666667, 12.83571429, 12.951428570000001, 11.84571429, 12.47833333, 14.16, 12.18142857, 11.776666670000001, 13.67555556, 13.145, 10.665, 13.13666667, 12.92888889, 12.73875, 12.12375, 12.598333329999999, 12.925, 13.46166667, 12.85428571, 12.01714286, 12.895, 12.63166667, 12.76833333, 12.72666667, 13.01333333, 16.19857143, 16.44285714, 16.03428571, 13.92333333, 12.174, 12.252, 12.882, 12.25666667, 17.622, 18.5225, 18.57916667, 15.05125, 13.2125, 16.3175, 12.54714286, 16.97625, 18.63, 17.96363636, 14.686, 16.703, 15.423, 15.675999999999998, 15.828, 18.31181818, 16.19727273, 17.92636364, 20.47375, 16.43166667, 20.948, 21.99782609, 21.76631579, 24.16590909, 24.83454545, 25.04045455, 21.4395, 21.66857143, 27.34, 15.55466667, 17.37, 17.76625, 15.83071429, 21.69428571, 19.718125, 17.75555556, 13.73538462, 19.70214286, 21.65588235, 25.9425, 20.89166667, 23.62444444, 25.24846154, 45.83, 23.72111111, 37.245]","[0.0, 8.462354295054569, 7.963319515769577, 6.612016152571794, 7.467199212049705, 9.119015933794971, 8.312195824202638, 8.830967702150456, 9.763902372780128, 7.256941664364933, 7.9901031069571875, 8.148232281988884, 9.543875079568682, 7.034105771136763, 9.958102002728596, 10.05874575893024, 12.430879643904236, 11.582240623205035, 12.3445451362656, 12.677773158793185, 13.196341092518365, 11.9941029010683, 12.880988845618674, 13.040562830424205, 12.293362268689876, 11.969126816712928, 13.033329922841439, 12.458643320306713, 12.736816172408135, 12.248676190128903, 12.845109870856044, 12.841893004940095, 13.184314693405893, 12.50397045487288, 12.633263671570752, 12.72343503239569, 12.65138330331176, 12.76732882673283, 12.775427556703294, 13.968191662626676, 15.475419586876884, 15.572569409221929, 15.271085027807555, 13.693408345124853, 13.0491168458605, 12.821220083889568, 12.769640962061091, 14.022976471447327, 16.881632022517778, 17.158961660603634, 17.164090149082266, 14.781069117279825, 15.360255593449955, 14.772813861264384, 14.483344223955871, 17.247808370150178, 17.116212552366992, 16.872879730120275, 15.727301776373155, 16.622102626166615, 15.316544735245493, 16.194208372992147, 16.303315740770636, 17.31959369634897, 16.491009251739026, 18.84474012224009, 18.0370378695441, 18.393754088541147, 20.76383679738575, 20.798799039365754, 22.360394193857406, 23.488588992579924, 24.252862068729648, 23.498918106164307, 22.109785946411414, 24.05540923874329, 22.415322486283067, 17.76651833625773, 19.411873856842238, 16.741830232947134, 18.858031087311094, 19.822207662976574, 18.73564232581547, 17.079395740739706, 16.739896281114987, 20.019498195355087, 21.442375041703304, 23.15002994168408, 21.385185452127253, 24.51401506462728, 30.30239123953329, 34.384330524729386]",0,0,0,1
5,Chhattisgarh,"[5.113005618, 7.5544324320000005, 2.381147059, 3.9626300580000002, 5.5571629210000015, 7.730796702999999, 3.322757576, 3.834617564, 4.386151685, 6.6870555560000025, 2.807209302, 3.217707736, 4.275631399, 7.4705491330000005, 2.704620253, 3.396432927, 5.11057971, 7.045471125, 3.566825843, 4.623649425, 5.964243242999999, 8.055929487, 2.005071225, 3.67161194, 5.016745562, 7.8068678160000005, 3.962357955, 4.844173669, 6.20535014, 8.252626866, 3.065232877, 2.788654434, 4.341612903, 7.255938303, 2.177834225, 3.922722222, 5.599884527, 7.731459227, 3.206951754, 3.787420043, 5.288186047, 7.79645977, 2.522435233, 3.963870968, 5.6909798989999985, 8.139213482999999, 3.015071633, 3.718991354, 5.382115942, 7.462532637000001, 2.93872818, 4.306361323, 5.665394088999998, 8.147426272999999, 3.5874680310000002, 4.488283378999999, 5.7891374660000015, 8.187621622, 3.558680352, 4.15747851, 5.599081081, 7.8305113639999995, 2.6771732520000002, 4.212537313, 4.809410029, 7.869831461, 2.9611, 4.902670068, 6.764070512999999, 8.760946782000001, 2.845725289, 4.766513076, 6.054262102, 8.302176166, 2.763134796, 3.922618421, 6.357350543, 7.595405046000001, 3.445083565, 5.0, 7.493399015, 9.215644556, 3.76889715, 4.6162875, 6.485472392999999, 8.621152318, 3.688288509, 4.903649815, 6.809617834, 7.716181818, 3.6725547450000002, 5.23318408]","[0.0, 1.4003924064876832e-06, 2.404912490067773e-06, 5.578520441104708e-07, 5.113004227369618, 7.758955427958164, 2.415555107808044, 4.311841166690435, 5.285027038674942, 7.155769158291603, 2.271392463879792, 3.9816242346004183, 4.838561976246448, 7.006065310553222, 2.930923879531821, 3.702401957407201, 4.658246993397719, 7.399579519317625, 2.757048334154772, 3.977113829974771, 5.266699090492243, 7.961032395757793, 3.283974688503545, 3.163218838203461, 4.945799361047144, 7.339610214632316, 3.280587549187544, 4.409144683150702, 5.710746328997643, 8.059791932716564, 3.183816538413751, 4.041624637428655, 4.630856130738675, 7.182614543199676, 2.919273914305828, 3.577283022682863, 5.3453278003199465, 7.877793023951957, 3.022289301104658, 3.807458958968536, 5.181601736482219, 7.715620596940894, 2.909352934630117, 3.620224558208369, 5.375235307710242, 7.894628754601755, 3.156978861763585, 3.850727599281436, 5.266397646167483, 7.7767115190466605, 2.66651623370256, 3.902835380354166, 5.665246737344222, 7.961225323389338, 3.044746149447344, 4.21271009707081, 5.769959167004485, 7.945052720048236, 3.169299791443373, 4.332499878318811, 5.593041733631983, 7.931101079071473, 3.12164361405114, 3.8903694394402013, 5.628111585045655, 7.546468417720835, 3.181415668503232, 4.007131598101768, 5.944604219333987, 8.569983093431729, 3.511934318998621, 4.097161703700122, 5.71648007795349, 8.295550774345424, 3.205874659853526, 4.294841728353484, 5.550629203762871, 8.480819461948752, 2.639849519824029, 4.749627938917032, 6.18862802317976, 9.025700539652442, 3.483948580645976, 4.8126463258684185, 6.264931610344512, 8.279106527058357, 3.4066807979502682, 4.854286463355383, 6.70695881004, 8.580426694914557, 2.9549637368984922, 4.773443498357148]",0,0,0,0
6,Daman & Diu,"[None, None, None, None, None, None, None, None, None, None, None, None, None, None, None, None, None, None, None, None, None, None, None, None, None, None, None, None, None, None, None, None, None, None, None, None, 4.26, 5.05, 2.99, 2.825, 3.6044444440000003, 5.7120000000000015, 1.75, 3.364, 3.96, 5.033333333, 1.05, 3.863636364, 3.71, 5.398888889, 2.317, 3.126, 3.862, 5.04625, 1.3733333330000002, 2.511111111, 3.5869999999999997, 6.048888889, 2.344545455, 3.595454545, 4.389090909, 5.097272727, 2.537, 3.8200000000000003, 4.6918181820000004, 5.372999999999998, 2.537, 3.601111111, 4.480909091, 6.615714286, 2.942222222, 2.651111111, 5.5581818179999996, 7.17875, 2.8, 4.065454545, 4.080909091, 9.485454545, 2.467272727, 3.29, 6.05, 7.176363636, 2.390833333, 3.9709090910000002, 4.787, 6.393636364, 2.901818182, 4.322727273, 4.666363636, 6.3936, 2.57625, 2.255]","[None, None, None, None, None, None, None, None, None, None, None, None, None, None, None, None, None, None, None, None, None, None, None, None, None, None, None, None, None, None, None, None, None, None, None, None, 0.0, 0.0, 0.0, 0.0, 4.259998405868247, 5.049998110242875, 2.989998881114098, 2.824998942858638, 3.886861418089848, 5.426805216012798, 2.284199703226605, 3.13179478663316, 3.921310955099047, 5.241473154029698, 1.702870297561101, 3.476504826750433, 3.827902948834938, 5.311057288705929, 1.974340515778132, 3.321567487901349, 3.842662582669613, 5.196429821388252, 1.714181773402674, 2.97074420690462, 3.732751525665184, 5.5629076852816, 1.985179343004396, 3.239311366262419, 4.014282767004984, 5.363177498209536, 2.22187815844279, 3.488392856782481, 4.304692503461004, 5.367387684265019, 2.356947778322125, 3.536706904692926, 4.380205509569079, 5.902325374400611, 2.6077518215599262, 3.157208007838956, 4.884956862114104, 6.449260870116356, 2.690128289912842, 3.5463827856297048, 4.540439058672825, 7.750206924905899, 2.594639300604385, 3.4365280763468062, 5.187249222706733, 7.5043290264616935, 2.507313398265269, 3.6654973496512397, 5.015752629776539, 7.028425522848113, 2.676348645473586, 3.9471036245213122]",2,2,0,0
7,Delhi,"[8.1502, 8.937115385, 6.606964286, 7.016610169, 7.354727273, 8.353448276, 7.360377357999999, 7.5625490200000005, 7.622830189, 9.0512, 6.7324, 6.727115385, 7.449622642, 8.5592, 8.334166667, 8.641346153999999, 8.776458332999999, 9.708695652000001, 8.322391304, 9.272790698, 10.06478261, 10.38395349, 9.100731707000001, 10.53564103, 10.19638889, 11.63243902, 13.02179487, 12.00780488, 12.20777778, 11.73581395, 9.737804878, 9.066585366, 8.244358973999999, 10.20731707, 9.534864865, 9.674318182, 14.26152542, 15.62716667, 15.08674797, 15.3808871, 15.61777778, 17.092189779999998, 15.88405797, 15.77807143, 16.14394366, 16.2939375, 15.49651163, 18.47861111, 10.42221053, 15.70093407, 14.795109889999999, 14.96786885, 15.14494624, 15.82194737, 15.99273684, 15.20042105, 15.65673684, 16.52716578, 13.22941176, 12.81643312, 12.36798507, 13.49330827, 12.90047619, 13.33398374, 13.50325203, 14.777, 14.073, 15.33936508, 15.41755906, 16.13266129, 14.82637097, 14.98731092, 14.739495800000002, 14.77608696, 15.33615385, 14.64591304, 14.7527193, 15.09026549, 14.18159292, 14.4940708, 10.82232558, 15.78623762, 14.31848739, 14.490504199999998, 14.91174312, 18.88393617, 15.06797872, 15.25435294, 15.20060241, 15.945, 21.36666667, 15.86761905]","[0.0, 8.150188996564612, 8.621312696635997, 7.570526729229388, 7.3067863811729055, 7.426549259634287, 7.6038960411311685, 7.532686904207021, 7.603482697145579, 7.807063478005265, 8.066456835026267, 7.46910036381125, 7.158027293544432, 7.618969643990562, 7.5350560353509834, 7.9919912453827155, 8.442751180993909, 8.995382065235702, 8.827744193807737, 8.657797415935484, 9.09338826128247, 10.00942554548207, 9.602435643905693, 9.505522590345436, 10.20156512844854, 10.62055322307568, 10.478831500952277, 11.993534811055206, 12.149565417513495, 12.671556773340079, 11.704011705719305, 10.886599732871316, 10.129518560899095, 9.617697524885985, 9.31101824429857, 9.528012959331264, 9.687430162492776, 12.493239910711162, 13.448546126174445, 14.37102695092235, 15.241251135040136, 16.0017552918914, 15.944031732177447, 16.032737339197134, 16.26734606223746, 16.828067701625258, 15.928668690591644, 15.819826337389733, 17.50329987790899, 14.571228183733014, 14.491393742800517, 14.89912258582982, 14.858441043532435, 15.83149446806762, 15.171963873762785, 15.832535829384181, 15.45602002993134, 16.3786410387858, 15.837301078334033, 14.74294830879991, 13.745978595134046, 13.884003787827034, 12.95273415229377, 13.101262911320493, 13.159668506216883, 14.16794630990818, 13.740624529079078, 14.091637763705938, 14.665317437856492, 15.894954871668556, 15.284331368376913, 15.287418465434685, 15.09637172323858, 15.767699657874966, 14.522683731227335, 15.155137914731116, 14.851519693595623, 15.619486475136595, 14.655656743950269, 14.61214066761083, 14.508735472050002, 13.472413963086714, 13.915257413341596, 14.31242339049652, 14.222925145150164, 15.514762504576238, 16.455378499237348, 15.961101720697208, 15.45435442467886, 16.382245141478528, 15.322246763702838, 18.523315207278213]",3,3,3,3
8,Goa,"[None, None, None, None, None, None, None, None, None, None, None, None, None, None, None, None, None, None, None, None, None, None, None, None, None, None, None, None, None, None, None, None, None, None, None, None, 5.743191489, 6.89372093, 4.482666667, 5.0946808510000015, 5.676190476, 6.093809524, 3.988157895, 5.136315789, 5.4731818180000005, 6.3813636360000014, 3.509268293, 4.814285714, 5.305609756, 5.423939394, 3.805, 5.167317073, 5.75952381, 6.754888889, 4.010789474, 4.944857143, 4.983414634, 6.444545455, 3.9357777780000003, 4.447380952, 5.467906977, 6.360681818, 3.067179487, 4.6445, 4.784571429, 6.443953487999999, 3.511, 4.533902438999999, 5.570227273, 6.502051282, 3.237671233, 4.478450704, 5.62326087, 6.246363636, 3.806582278, 4.153181818, 4.83425, 6.047317072999999, 3.861449275, 4.378636364, 4.952333333, 6.1228358210000025, 3.269482759, 4.405217391, 5.129666667, 4.854444443999999, 2.804528302, 4.377846153999998, 5.177714286, 4.165, 3.305641026, 5.036333333]","[None, None, None, None, None, None, None, None, None, None, None, None, None, None, None, None, None, None, None, None, None, None, None, None, None, None, None, None, None, None, None, None, None, None, None, None, 0.0, 0.0, 0.0, 0.0, 5.743191034712809, 6.893720384705782, 4.482666312420486, 5.094680448010086, 5.697968488364202, 6.353814350069888, 4.148894023708222, 5.122782544079572, 5.554878429445865, 6.37135110587712, 3.741734278228496, 4.926405999506509, 5.397486308827412, 5.773140603250594, 3.781681239771727, 5.078521001417663, 5.625828947628628, 6.392344397002673, 3.9261833386021783, 4.994217143268749, 5.220709678942216, 6.425263424477456, 3.932233783291598, 4.649371343294677, 5.376594000196148, 6.384537817966686, 3.3867245771444843, 4.646299440611873, 5.003261535871799, 6.422005643675091, 3.46509329503958, 4.575421315965969, 5.360792894790006, 6.472482813584405, 3.321679833582726, 4.514271175135708, 5.526306471321043, 6.329890964905312, 3.6274616638419532, 4.286566477452086, 5.089892311393277, 6.151698501192088, 3.775015383789285, 4.3446261934688355, 5.003146954005396, 6.133497555403753, 3.456224064452738, 4.382835295817457, 5.082930897216664, 5.326920474338261, 3.045261563259188, 4.379689118846174]",0,0,0,0
9,Gujarat,"[10.94669118, 14.03246154, 10.5068323, 11.62009143, 12.20397875, 13.44582547, 9.708643411, 10.44112069, 11.58362336, 14.05306236, 10.1243728, 10.06133566, 10.9743743, 13.15346491, 12.26685355, 12.04252903, 13.41664781, 14.95939739, 12.20406417, 13.238814499999998, 14.35775777, 15.86632327, 9.726489971, 11.56632931, 11.87076563, 15.25490066, 12.19980803, 14.09350674, 13.60824532, 15.93279441, 9.682201705, 10.52940934, 11.90668985, 13.83754072, 5.737261905, 11.74800566, 12.8152973, 14.981, 10.85291034, 11.9134811, 12.49171934, 14.89524804, 9.290596817, 10.59506008, 12.6896066, 13.97391805, 8.933197756, 10.2262069, 11.23519256, 13.07136486, 10.20797003, 10.24217274, 11.44397653, 14.65208333, 10.78470828, 11.67296496, 14.34896783, 15.61429333, 10.17149171, 11.385477120000001, 11.85929708, 12.99090909, 10.30179207, 11.20975806, 12.69981481, 16.83021171, 12.839, 17.11618881, 15.99338498, 18.06967083, 14.23090212, 12.73943207, 16.87938836, 19.10545549, 16.65221282, 12.84339773, 15.36461207, 17.14490741, 12.88225589, 13.186226800000002, 16.36818898, 16.64584305, 13.28703285, 13.39696677, 15.33792059, 17.40448164, 12.38057252, 12.47758323, 13.87794872, 27.96820144, 7.8589655170000015, 22.5703096]","[0.0, -4.3200266733229176e-06, 1.7920042344727965e-05, 2.3569101202347362e-05, 10.946690451313353, 13.951627118501882, 10.96700323038018, 11.453644535308175, 11.364170893184594, 13.10544650269183, 9.91277525988052, 11.248009281052516, 11.714504165311306, 13.323565855991482, 9.675465912900435, 10.13496145002428, 12.669734197064138, 14.351991340508404, 11.944913673463596, 11.886290886585982, 12.78230104301677, 15.226930727164312, 12.558848728864255, 12.997417884792517, 11.757800838400295, 14.486339039619116, 10.195010636143994, 12.057364456341634, 13.22499398406767, 16.214866611532802, 11.827842713246794, 13.200691668327794, 11.92202479325374, 13.954566302935504, 10.263406450614669, 11.343070062140665, 9.327162084259868, 14.651315415509412, 9.536744039255504, 11.899337758638337, 13.548669384522656, 14.865746833013375, 9.694830011110128, 11.935981571463186, 12.333250032349506, 14.018542182087714, 9.762806296916636, 10.999544511485091, 12.2224409425918, 13.85190188685051, 8.655482858565732, 10.138752219968486, 12.768577110395157, 13.63739449773922, 9.12414503049042, 11.14706374685051, 12.696173651207786, 14.667522096709813, 11.383915865568753, 11.941325620515851, 12.770421392275464, 14.881527541161852, 9.605778755884398, 10.101954823902355, 12.615217754412893, 14.206015480170649, 10.118341133583495, 12.720893774069236, 13.931689125070871, 18.52020013485633, 12.900551056852784, 14.635542661023129, 15.631539746794283, 15.54394157770848, 13.77276799706032, 14.645799868971146, 17.517065130545973, 16.667084604133883, 13.698002518082106, 13.110122205728329, 14.495799885556865, 16.960635795688482, 14.146394970236962, 12.788455799106373, 15.253955563482153, 17.067649181600274, 13.209420406928368, 13.491316897565234, 14.747863869288668, 16.652622518734304, 11.454641279262983, 20.23560264525017]",1,0,0,0
10,Haryana,"[8.233126492, 8.941227154, 8.170497238, 7.979190601, 8.003832924, 8.949867374, 8.737231182999999, 8.049376694, 8.159558442, 7.97110119, 8.001424658, 6.901229507999999, 7.147615385, 7.9143450479999995, 8.416684783000001, 8.323297297, 8.43299169, 8.910224358999999, 9.15184, 8.249835526, 9.296621622, 9.889832402, 9.766176471, 9.484309392, 9.680786164, 10.42063712, 10.69677686, 10.76831429, 10.60116477, 10.9111831, 10.39567867, 10.02084239, 9.688910082, 10.15685792, 10.31504373, 10.02737127, 10.26921409, 12.61754491, 10.13463343, 9.962102102000001, 10.48035294, 11.55928161, 11.13099398, 10.69009146, 11.33777778, 10.70006061, 10.82969136, 10.94484746, 10.6214791, 11.41329932, 11.28996633, 11.19663333, 10.88111864, 11.50620462, 11.6386755, 11.52066038, 11.30419244, 12.22993056, 11.18374558, 11.31115385, 10.82328076, 11.65017857, 11.24569536, 11.00022082, 14.46677852, 15.59005348, 17.09588235, 14.36820128, 11.54805031, 14.35293839, 11.58219101, 14.53853468, 12.52853211, 14.11365729, 11.022979800000002, 14.16154472, 11.51132404, 15.20622093, 13.03417722, 14.62608108, 17.94928571, 14.86581921, 11.93837209, 15.20988372, 17.7685641, 15.68886905, 11.29430108, 14.66881459, 15.35956835, 16.10647059, 15.14210714, 24.7849505]","[0.0, 8.233117010612945, 8.723480766727384, 8.268891104430907, 8.143461133613366, 8.428366417032585, 8.439477222453634, 8.448264503583053, 8.149292629734159, 8.599117625720298, 8.17160327514844, 7.903942234783996, 7.476151229075053, 7.434086598048139, 7.868998698129981, 7.6765247629392235, 8.029947187030986, 8.415860435793062, 8.76108944520278, 8.784915366308157, 8.396881207256111, 9.144635157880057, 9.512972769883806, 9.064112974335854, 9.615527450843055, 9.772777203802775, 10.011609685175497, 10.122069401064923, 10.3753479183309, 10.618179995385336, 10.773336923541004, 10.486077804507527, 10.180471460949498, 10.137513342559867, 10.059370907299623, 10.092713377112426, 9.887958087536193, 10.30254173100781, 11.588073211987322, 10.194249055796387, 10.246058730825848, 11.461271028222122, 10.436960334558696, 10.7257156473786, 10.789354088631237, 11.506240774289283, 10.749496275867688, 10.702831862397712, 11.142149147464313, 10.544323462079346, 11.16633369012461, 11.15733375387551, 10.963657472465306, 11.218464405229447, 11.324338950990887, 11.404942838110173, 11.252322905031617, 11.493977040094295, 11.927248440971804, 11.31161946738641, 11.293436371858366, 11.46131718296612, 11.217842959856727, 11.295340578161552, 10.91933219679681, 13.302668381191328, 13.762638085517066, 14.816458783259296, 15.142554923309884, 13.324424174585953, 15.087803067708965, 12.001978620380886, 12.870887564410891, 13.69408711025421, 12.72014508712692, 12.960943455423761, 13.045928543728142, 12.767314961469754, 13.037923334853547, 14.03127670695172, 13.075496628635404, 17.20201199367542, 13.986810564408124, 13.553983271392696, 16.295139478273367, 15.645763448732444, 14.07628034794154, 13.785102003506232, 15.832577639507553, 14.70269387691653, 13.694895420789274, 15.730294528166036]",3,3,3,3
11,Himachal Pradesh,"[57.77, 8.9365, 3.55, 6.799047619, 9.407222222, 8.9365, 6.869230769, 9.163953487999999, 8.536716418, 9.074848485, 7.045, 6.152340426, 8.281818182, 8.925909091, 5.362321429, 6.922857143, 8.658918919, 7.9026388889999994, 6.6222, 7.91875, 4.87, 9.842857143, 5.665428571, 7.222941176, 8.10915493, 9.698589744, 8.416233766, 7.552727272999999, 8.283896104, 9.942307692, 7.343333332999999, 7.533417722, 7.945897436, 9.2735, 7.401375, 7.8150649350000005, 8.350632911, 9.042179487, 7.664074074, 7.63746988, 9.128902438999999, 9.719878049, 7.236024096, 8.225662651, 9.451445782999999, 8.437564103, 6.265844156, 8.411875, 8.343333333, 10.24878049, 6.7598717950000005, 7.073544304, 7.069746835, 9.777901235, 7.6739999999999995, 7.076351351, 7.287368421, 8.365373134, 5.036842105, 6.245194805, 6.502465752999999, 7.9232, 4.689295775, 6.023466667, 6.954861111, 8.206575342, 4.862857143, 6.140470588, 7.314893617, 8.192692308, 4.816947368, 5.983267327, 7.005111111000001, 6.753619047999999, 5.39959596, 4.9723255810000015, 6.593152174, 6.727857143, 4.794242424, 5.826842105, 6.801290323, 7.977204301, 5.555918367, 6.712040816, 6.650114942999999, 7.283222222000001, 4.793670886, 6.278865979, 6.128333333, 13.99666667, 5.6505555560000005, 5.4191954020000015]","[0.0, 57.76721566308206, 33.31858197655476, 23.349301800213798, 44.860711903710346, 10.008057628605453, 6.338329845341347, 8.544418793320293, 10.326274072706443, 9.908213468327018, 8.47710142725883, 9.932395733562783, 9.301660133658153, 9.605422662403097, 8.209455395565412, 7.456661397423281, 8.853055553599688, 9.273700431114252, 6.814896137568714, 7.849124675221843, 9.01483758457088, 8.288883939226366, 7.513962419527655, 8.284384541607865, 6.18796218502384, 9.61720571741718, 6.825361336049639, 7.950938163562645, 8.523353189633752, 9.57475466984966, 8.735533092599475, 8.085282004506785, 8.546061973272087, 9.625005558408978, 7.867226329236836, 7.970365616549968, 8.238427775663546, 9.132834132546954, 7.875075112588132, 8.141088574098733, 8.473597916954075, 8.97024613782577, 8.086448231244562, 8.02484685158713, 9.033454169064614, 9.450527598596752, 7.735875607445467, 8.322656676519756, 9.147705705165857, 8.427717308916957, 7.067731260584298, 8.488321373358975, 8.369728958013983, 9.578306246196409, 7.253310902803419, 7.48487800854067, 7.461348145433098, 9.265075338330275, 7.81064375955571, 7.268143074692004, 7.356844915287343, 8.034512790712206, 5.800891275604607, 6.552600758625808, 6.697629614877803, 7.661786657326806, 5.525192626654223, 6.384192286202756, 6.99509396512333, 7.849330947813629, 5.6288898858953775, 6.442355438446863, 7.204868642241688, 7.782155075937202, 5.469843278417387, 6.24689653901658, 6.8654184203252075, 6.683108136552278, 5.779109321195482, 5.442561573567714, 6.547166612614214, 6.650375313383582, 5.424252230505925, 6.122167378357169, 6.804682066046718, 7.583828598640215, 5.947743504780752, 6.662333112172536, 6.60119861126204, 7.000685491332744, 5.693476679902662, 6.685367583867342]",0,1,0,1
12,Jammu & Kashmir,"[5.454320987999999, 6.650123457, 3.1455, 4.524303797, 5.256455696000001, 6.410769231000001, 3.789746835, 4.473902439, 5.5571951219999995, 6.116395348999998, 4.287380952, 4.982988506, 5.641927711, 6.901204819, 4.929651163, 5.450681818, 6.211460674, 7.19060241, 4.976707317, 5.951829267999999, 6.456428571, 7.24164557, 4.612682927, 5.563452381, 6.681973684, 8.475344827999999, 5.6012, 5.997662338, 7.178933333, 7.460675676, 4.695, 5.5028, 6.5293, 7.4024, 4.695, 5.5028, 6.100373134, 6.575142857, 4.521363636, 5.431911765, 6.156115108, 7.098571429, 4.345652174, 4.909071429, 5.562714286, 5.949568345, 4.112553191, 5.162957746, 5.832464788999998, 6.860492957999999, 4.110296296, 5.166028369, 5.685294118, 7.002279412, 5.317372263, 6.451865672, 7.239389312999999, 7.8509243699999995, 4.277835821, 5.183307692, 5.788396947000001, 6.62880597, 4.596377953, 5.006153846, 5.693712121, 6.640208333, 4.21494, 4.902315789, 5.509626866, 6.103558559, 3.523939394, 4.379867841, 4.909045226, 5.142644628, 4.461637931, 4.351718062, 4.975765306, 4.5256194690000004, 3.624026549, 4.316284404, 4.428695652, 5.683555556, 3.752532751, 4.7644978170000005, 5.358275862, 6.016060606, 3.706497696000001, 4.666342412, 5.118161435, 5.2375, 4.114157303, 5.123142857]","[0.0, 5.454318042835127, 6.269019304232974, 4.227462991517478, 5.284161370461308, 6.405738659843402, 3.292558017112653, 4.921305730399503, 5.240637545628212, 6.607822923445673, 3.339153812947373, 5.031772317005909, 5.712600877624514, 6.477578346584796, 4.252217626375975, 5.460770919811816, 6.005533379484108, 7.008177683896569, 4.6800915112849975, 5.486091163066368, 6.413885088429169, 7.23013314184267, 4.812860808081352, 5.363091669022469, 6.149558848218043, 7.388519115013023, 5.639810870340309, 6.11628657281006, 6.602977253419943, 8.03544436320973, 4.924031428552183, 5.4421544714152095, 6.408045559068017, 7.415781090497957, 4.832541246933824, 5.457729024258083, 6.438009020034284, 7.104380784339514, 4.221397837505107, 5.345290479803959, 6.2935480206346615, 6.997234720357508, 4.683308285231128, 5.242493271534636, 5.883385926973901, 6.599438938527277, 3.789220973888629, 4.985009163552309, 5.972878605615993, 6.611364128034178, 4.530391323324588, 5.028746764544158, 5.934299158033316, 6.56933775254997, 4.528644197230083, 5.918121709707033, 6.776648158975171, 7.783050551551403, 5.353343269860699, 5.324979535401182, 6.001283631623155, 6.770061427224598, 4.211141034184363, 5.509601764106531, 5.81582044982731, 6.660272228909956, 4.332382326666841, 5.102213098189477, 5.706290778435018, 6.519207142596277, 3.930414975592153, 4.556136332768194, 5.279380801282427, 5.976327060036918, 3.149253177674923, 5.1684195201114385, 5.155843803235284, 5.794983533505969, 3.070000367137226, 4.352963846591744, 5.07728100040597, 5.062862845393164, 4.042963759402937, 4.430613353647045, 5.217400229441687, 5.882831136664372, 4.207507936884147, 4.484747206438894, 5.1828233000145, 5.744355502151371, 3.529170185036846, 4.818445249395668]",0,0,0,0
13,Jharkhand,"[5.6268279570000015, 7.176228571, 2.832198953, 4.8780625, 5.334894737, 7.126296296, 2.769464286, 4.214751381, 4.825743243, 6.665972222000001, 2.848623188, 3.720298507, 5.387777777999999, 7.307142857, 2.662877698, 3.49245283, 4.887753623, 6.919078947, 3.50275, 4.538451613, 5.824177215, 7.444248366, 3.257777778, 4.206478873, 5.560121212, 8.035177305, 4.143397436, 4.253536585, 5.836097561, 7.567735849, 3.781751825, 4.238768116, 5.143706897, 7.35128, 3.895074627, 4.242408759, 5.631733333, 8.205780347000001, 4.712564103, 5.110180723, 5.773625, 7.8898630139999995, 3.132147239, 3.90126506, 5.434142857, 7.78254902, 2.8525443790000002, 4.037409639, 5.373212121, 7.660123457, 2.6870000000000003, 4.196130952, 5.503741935, 7.636971429, 4.912674419, 4.736746988, 5.877514124, 8.479832402000001, 6.1804, 6.537647059, 7.064, 8.742391304, 3.336129032, 4.348439306, 5.34726257, 8.202752809, 4.2803, 4.697235772, 5.912857142999999, 7.8044943820000015, 4.202621359, 3.461563786, 5.091287554, 7.088083332999999, 3.40225, 4.706967213, 5.771330472000001, 6.361330275, 3.522741313, 5.297238494, 6.228983051, 7.792961373, 3.253684211, 4.424678899, 5.4688125, 7.978722467000001, 3.231089109, 4.264589372, 5.8699038460000015, 7.357647059, 4.138, 4.967201646]","[0.0, 2.055293828787126e-06, 3.4858488941287967e-06, 2.0490555065975607e-06, 5.626828996423101, 7.018808667075424, 2.82915880935249, 4.886813598158351, 5.059299412854336, 6.809411605914148, 2.556742025030724, 4.5545023902838775, 4.760939049629839, 7.040485287583903, 3.094000422370809, 4.155174377473652, 4.977445057939722, 6.891464531987548, 2.614768979295773, 4.555832244947303, 5.365227306750498, 7.382971183319709, 3.356291424655999, 4.487059502187739, 5.367798175049017, 7.2499088814855615, 3.423476105801183, 4.833564380595467, 5.361107585422478, 7.638425902614339, 3.428478135619714, 4.496756648754284, 5.465860730449068, 7.001947238025153, 3.243637457812009, 4.641063001343898, 5.294778360216856, 7.47729991552215, 3.881146375007922, 5.028435215984458, 6.033917830261878, 7.682615486794067, 3.786407703709215, 4.157662921499245, 5.151551022100602, 7.351091355661468, 3.421114708902464, 3.859495017431047, 5.378279879088702, 7.445424292977526, 3.517008847705776, 3.866475136336468, 5.385271813702283, 7.516615353333162, 3.448077313564601, 5.198945982440589, 5.748162890931697, 7.753792412561934, 4.382795609573301, 5.7644419055780265, 6.828755350266781, 8.621413541802099, 4.388093029189501, 4.415011736137334, 5.552212360917288, 7.442193726658009, 3.462806120812915, 4.71796057919862, 5.6691469638772904, 7.9857378654068185, 4.002720775115047, 4.734330649323722, 5.075463321180353, 7.302487659254592, 3.381317216208877, 4.042612428582504, 5.741463416591146, 7.796003254437871, 2.875103109426738, 4.599774222797536, 6.103141776935217, 7.852765385419817, 3.91692307701197, 4.244956926176917, 5.618407868228877, 7.745726159151659, 3.734348590099936, 4.063303924597347, 5.461988225908109, 7.869180304244863, 3.5134939630094353, 4.731510940581055]",0,0,0,0
14,Karnataka,"[7.702217742, 8.682528902, 6.386348168, 5.555011792, 6.517652695, 8.615242588000001, 6.775954606, 5.707362356, 6.181925546, 7.676049005, 5.609123782999999, 4.881553738, 6.388846154, 7.390947752000001, 6.6976135039999996, 5.76263965, 6.701685912, 8.870742925, 6.297808057, 5.7421, 6.908279678, 8.742877193, 7.418539603999998, 6.457037037, 6.917493857, 9.372166065, 8.395230415, 7.9841209410000005, 8.939048193, 8.299445629, 6.518275229, 6.523918032999999, 9.844743935, 10.93885042, 8.360526316, 8.290141509, 9.159117998, 10.57496021, 8.114341801, 6.551422594, 7.534836245, 8.891583333, 7.63647806, 7.52510395, 8.546998972, 9.757417012000001, 7.573949904, 6.640160226, 7.53341954, 9.141453321, 7.181939698, 6.910753968, 7.945159113, 9.312714571, 7.438077304, 6.189203629, 6.847912525, 8.685987654, 6.559947034, 5.942130478999998, 6.859878172999999, 8.297812808, 6.956358025, 6.947076142, 8.214217822, 9.826663327, 7.0, 8.172497925, 8.440605263, 12.25632634, 7.111392065, 6.55116622, 7.60749017, 8.853375681000001, 6.9769495689999985, 5.989092604, 7.178765505, 8.465673926000001, 7.06350092, 6.003390388, 6.444014687999999, 8.411277777999999, 7.093046397999999, 7.233041775, 8.833755274, 8.675274725, 8.389780427, 6.458865337000001, 7.4610894210000005, 11.88516129, 6.209459459, 7.23690589]","[0.0, 5.447593407754377, 6.4919519549303395, 6.071023477057552, 7.410553623918925, 7.8520514449542, 6.454562898763938, 5.975291652813471, 6.943823396514479, 8.040785626171083, 6.090405984800318, 5.22909581278121, 6.213405855593504, 8.045619582527683, 5.768535484088478, 5.754620276973107, 6.772734127040819, 8.065525585428766, 6.873067052137149, 5.521518365394142, 6.741999157039283, 8.349761294782475, 6.678567750643296, 6.221766620008526, 7.18486454360746, 8.421597558122691, 7.177049326225318, 6.836669636132093, 8.028315011001848, 9.756201565097246, 6.716593944105503, 5.8871451200656395, 7.2876726482164305, 10.09088425709065, 8.24332513519092, 7.045988505523053, 8.644371322341401, 9.785381985457333, 8.037858515660059, 7.045627759994441, 7.673118664823092, 8.911624487058868, 7.049472445484453, 6.707143488964438, 8.231012166695772, 9.507637112893828, 7.6224212665370725, 6.753603268133593, 7.737891424904068, 8.931306815188373, 7.252626484128644, 6.510260431658793, 7.877218056273199, 9.194269654180944, 7.346802153867755, 6.698864797144813, 7.455957286510664, 8.554515599153088, 6.9841860188069385, 6.133658964761758, 7.256210789248366, 8.572669232296604, 6.717474997121066, 6.352220430828143, 7.8167870750477775, 9.351117402813546, 7.642757268774197, 6.4271583979986024, 8.573551265674231, 9.523292670101297, 9.029022087396754, 6.635056828887983, 7.601671697089037, 9.247404929651216, 6.859109383557726, 6.5483671008513, 7.268926941075031, 8.961872043522325, 6.638513827597383, 6.5557863786677935, 7.270185210286101, 8.487819288710423, 6.639036142277955, 6.531108197473926, 7.935195366580487, 9.897297210905194, 6.829177166616303, 7.351486378269169, 7.543158942696196, 8.99203919586711, 8.847417130549287, 5.9928419981112135]",0,0,0,0
15,Kerala,"[6.237759562999999, 7.072541436, 4.76681736, 5.221898734, 5.9617304189999984, 6.816605505, 4.185890908999998, 4.678163636, 5.768390597000001, 6.771775701, 4.231045872, 4.782763636, 5.810783242, 6.703694852999999, 4.68060219, 5.392237443, 6.485098336, 7.224109397, 4.383520924, 6.003903447999999, 6.54099162, 7.231612403, 5.054165457, 5.3358770610000015, 6.352033133, 7.060793651, 5.116145251, 4.975671642, 6.768986384, 7.301579755, 5.221343931, 5.684917788, 6.58378882, 7.630630915, 5.396321321, 5.675301915, 6.624709389, 7.087862715, 5.337866044, 5.460824916, 6.3852798790000005, 7.109952456, 5.143975155, 4.983422619, 6.477291362000001, 7.592670622999999, 4.941335357, 5.456966127, 6.561720117, 6.6975294120000015, 5.4838599110000015, 5.791961652, 6.674546805, 7.608515625, 5.361664122, 5.5405401229999995, 6.495126582, 6.909762309, 5.019024, 5.116433225, 6.295023041, 6.997184466, 4.789812287, 5.427661017, 6.451993569, 7.375285962, 4.7898119999999995, 6.014737533, 6.86858854, 7.8928449999999994, 5.242484342, 5.6202220170000015, 6.720686275, 7.412185749, 4.742849817, 5.673734043, 6.484379661, 7.082769432, 5.286594488, 5.44884715, 6.355010417000001, 7.500806335, 5.732792207999999, 6.321094062999999, 7.272879277, 7.950761905, 5.114606299, 5.761245902000001, 6.759532279, 8.91953125, 6.3966, 5.845433225]","[0.0, 3.214115981861549e-07, 5.622115033988577e-07, 5.443944690272083e-07, 6.237759580066308, 7.003721668085668, 4.682355819229584, 5.066422556369161, 5.853838219870488, 6.72121902292293, 4.328162197312014, 4.823618861455211, 5.811872682338053, 6.741488436437742, 4.273627990967152, 4.940067182626198, 6.086829615668534, 7.123882462289933, 4.754908945937223, 5.163814299626412, 6.440902439912055, 7.325450710640196, 4.817783931487316, 5.608872766919936, 6.409728645277313, 7.215409521514607, 4.715048267117366, 5.555538726158879, 6.25058120014521, 7.25338960025961, 4.885718482933567, 5.588008312085315, 6.6117156884665, 7.369040733122108, 5.116857505597512, 5.746510869031921, 6.725831460053422, 7.461336854385936, 4.9942395725574285, 5.633530214516193, 6.572695577140043, 7.274765510563348, 4.93491199203692, 5.494715447802088, 6.310417202032807, 7.139385423489242, 5.072368888781933, 5.449142716044917, 6.480234847534894, 7.285891325915418, 4.819636998155258, 5.480923902612242, 6.643705023992793, 7.407874773645867, 5.255985230304535, 5.691176663714661, 6.669004155386395, 7.337345884592519, 4.997552066834331, 5.401930363734602, 6.334046109489753, 7.064245961073098, 4.878449936802612, 5.228072668472243, 6.349336266736399, 7.116257141208838, 5.058372507158513, 5.3296491682768, 6.630911703190009, 7.440118997900183, 5.423730789922243, 5.747472381395997, 6.722086855623129, 7.455399788445272, 5.224051645546798, 5.4785736927751785, 6.580458661042777, 7.296228931927676, 4.9788821150772105, 5.548145131769372, 6.535130690722294, 7.215396897323004, 5.08005484012804, 5.786154459881673, 6.9871036593362685, 7.823712063021316, 5.632322525468799, 5.869023958567518, 6.821216779998252, 7.550928710712304, 5.840817727823382, 6.4796200743362204]",0,0,0,0
16,Madhya Pradesh,"[7.377239404, 9.534539545, 4.11373168, 5.5521304350000005, 7.068107221, 9.543756786, 4.619953864, 5.286538883, 5.160672646, 8.21128266, 5.20292735, 5.89500996, 7.457801636, 10.21747604, 4.895249205, 5.621023697, 7.615615764, 10.35905935, 6.204673267, 7.898280317999999, 9.400912017000001, 12.05913915, 5.757403936, 7.985428322000001, 9.763247372999999, 11.93327485, 7.3863909, 8.296577114, 9.696387435, 12.25981865, 7.081064604, 7.20119457, 8.568622263, 11.63722979, 5.653581817999999, 7.548149171, 9.472393472, 11.92836364, 6.6813128489999976, 7.786057866, 9.423651096, 11.25000983, 5.105299228, 7.147396734, 9.43086915, 11.38672833, 6.573773216, 8.004631579, 9.591090555000001, 12.18141463, 6.624921722000001, 8.227315891, 9.80164532, 11.92968528, 6.060927978, 6.51540721, 9.192641129, 11.00075353, 5.546528571, 7.226715867, 9.501082737, 12.10458716, 4.891405128, 6.767450199, 8.015649895, 11.34561915, 4.786, 6.758275862, 8.734528226, 11.26678695, 3.309805688, 5.607232076, 7.246201276, 10.033257199999998, 5.396805067000001, 7.482482517, 8.700591033, 10.83649635, 5.68562968, 7.824366295, 10.28431414, 11.97644991, 4.534704205, 6.381231102, 8.841079545, 11.29144484, 6.668768222000001, 7.801045845, 9.876333809, 14.33681818, 5.3011383290000005, 10.12411765]","[0.0, 5.841027338628396e-06, 1.1421339941318211e-05, 1.016978280915311e-05, 7.377246048957512, 9.382407453345404, 4.083472466174037, 5.792684167806788, 7.169975431196806, 8.343949720246544, 3.226793877701856, 5.549873247376281, 6.810070591065449, 9.67041600102402, 5.203736941791002, 6.00949775590195, 6.784722565808057, 9.827561323368446, 5.523216374603889, 6.813299024463108, 8.447705761271088, 11.575701313816195, 7.220643521883253, 7.125630591504396, 8.724928310565382, 11.962942316122065, 7.500325924664223, 8.200476050983264, 9.439141432526254, 12.29272949868882, 7.569248065188315, 8.372796690566645, 9.094673434977704, 11.482397866497795, 6.773321959801657, 7.5276595862573235, 9.152215141957614, 11.951063345132383, 7.01563751909695, 8.09692634678432, 9.569163321174614, 12.139930940679335, 6.378536612911977, 7.00346000121232, 8.885149687198824, 11.957985500140431, 6.215376337620013, 7.711699778500535, 9.656008022531099, 12.254144917178396, 6.383069767508236, 7.913334611506523, 10.017711570620166, 12.252962807913015, 6.137685576548836, 7.566656798820463, 8.96842541672083, 11.367234657430064, 5.275583680479294, 7.174315578077373, 9.094291814227793, 11.509002744567495, 5.939288447365245, 6.8858721236690545, 8.779795991341986, 10.288761898803461, 5.3020712834363675, 6.43436579713591, 8.844522269951721, 10.549494802474307, 5.2463012939990055, 5.494212335906424, 7.766668817156023, 9.474671170139843, 4.078210186827079, 6.257961895402625, 9.1284828124231, 11.08050738394816, 4.311415936679238, 6.679800846494741, 9.433886611433806, 12.497719062438419, 5.173339038582983, 6.567632196606526, 8.182499753700561, 11.488103165191186, 4.719332352656114, 7.938658919959365, 9.350347566989804, 12.509567183517413, 6.62469393623574, 8.202434213455223]",0,0,0,0
17,Maharashtra,"[6.185140337000001, 8.234369919, 4.928105727, 4.564937965, 5.804023179, 7.951108968, 5.491316501, 5.232803095, 5.387545376, 7.498281092, 4.164264317, 3.823367521, 4.862804142, 7.092184644, 4.5959037160000005, 3.955547886, 5.382460117999999, 7.341944709, 3.952742074, 5.211649485, 6.267460595, 8.297494802000001, 4.604157003, 4.858859416, 6.080478771, 8.128644252, 4.691361973999999, 5.521727192, 6.773595004, 9.061659483, 5.112718447, 6.264391667000001, 7.6163893510000005, 9.543996764, 5.974444444, 6.257777778, 7.289393428999999, 9.450501645, 4.921789298, 5.344084859, 6.780549542, 8.330558899, 4.496515798, 4.706396934, 5.991341795, 8.387627986, 4.681492411, 5.050041667, 6.393977567, 8.544101921000001, 5.290285714, 5.629487825, 6.724081633, 8.574883203999999, 5.090046773, 5.222525822, 6.461584158, 9.49899274, 3.9466329350000002, 4.46224548, 5.225789474, 7.680556792999999, 4.304328794, 4.732497704, 6.217122558, 8.374523549, 6.543224, 5.5438918919999995, 7.009478917999999, 8.760653153, 4.08919862, 4.677197683, 5.98984543, 7.608664687999999, 5.140889507, 5.808184263999998, 6.657176849, 8.454271544000001, 6.348068833999998, 6.289160494, 8.877508143, 10.11461586, 5.258849879, 4.962908983, 6.513506187000001, 9.202993939, 5.660906307, 5.653472305, 7.091762221000001, 10.40858974, 6.1225, 7.02839779]","[0.0, 3.3735945373906577e-06, 5.954441791498398e-06, 4.371868741880918e-06, 6.185141617055184, 8.009069248381032, 4.791224230600637, 5.009145407405083, 6.313720164323048, 7.709080099750322, 4.8696179216230195, 4.279258060412721, 5.007236493622797, 7.281549042605161, 4.342657208001481, 4.433032504342007, 5.086048464734374, 7.596769755393658, 4.603484237096144, 3.86163070610425, 6.032027972021879, 8.155548389704263, 5.103743079062914, 4.639248411763809, 5.829461665549178, 8.058486645536714, 4.891256059320796, 4.7140389320895775, 6.332874059919198, 8.552651791718992, 5.514510407331409, 5.152112433636339, 6.921500513788991, 9.230134707086576, 5.781100555368877, 5.927995611501212, 7.021326364922514, 9.039422985660103, 5.755067426165849, 5.215314470067576, 6.406450072706165, 8.7395158274622, 4.829512048578363, 4.927705916442105, 6.011448972005469, 8.111804799783252, 4.838339429741311, 5.020566246160205, 6.240780104803831, 8.445792501520845, 4.933190261528226, 5.457601940718237, 6.670222288349798, 8.685650395317735, 5.011009206041353, 5.341211636414172, 6.388289349838287, 8.482518256800518, 5.663334151487392, 4.516441899405588, 5.863553612451867, 7.7612928148800595, 4.139458102231323, 4.763639492506584, 5.9619160429209295, 8.42214250114226, 4.692351204896919, 6.334176228924134, 6.583268965298103, 8.97369646981607, 5.218425068931213, 4.499789173510892, 6.027400241748483, 8.22862445191033, 4.207083020150939, 5.2830701448034585, 6.806497905171504, 8.617862081160697, 4.956232096274156, 6.199938079638741, 7.124537057368294, 10.171732561402754, 6.291291818059697, 5.432830683034581, 6.434943421212827, 8.506253069380248, 5.474861559112996, 5.64893464531374, 6.888065561260266, 9.00895968157866, 6.372156664381348, 5.985507930869953]",0,0,0,0
18,Manipur,"[None, None, None, None, None, None, None, None, None, 2.5300000000000002, None, None, None, None, None, None, None, None, None, None, None, None, None, None, None, None, None, None, None, None, None, None, None, None, None, 2.335714286, 2.571428571, None, None, None, None, None, None, None, None, None, None, None, None, None, None, None, None, None, None, None, None, None, 1.2, 1.7000000000000002, None, None, None, None, 3.11, None, None, 2.29, None, 4.2, None, None, None, None, None, None, None, None, None, None, None, None, None, None, None, None, None, None, None, None, None, None]",[],0,0,0,0
19,Meghalaya,"[2.989615385, 2.5875, 1.819565217, 1.8642307690000002, 2.322173913, 2.753478261, 1.7824, 1.978518519, 2.610740741, 2.5276, 1.492222222, 2.102666667, 2.469333333, 2.929545455, 1.3275000000000001, 2.076666667, 2.815, 2.89, 1.645652174, 2.069166667, 2.653913043, 2.743846154, 1.747407407, 1.8820000000000001, 2.843703704, 1.8710714290000001, 1.5533333329999999, 2.357037037, 2.715862069, 2.361333333, 1.816666667, 2.448846154, 2.601111111, 2.6644, 1.776521739, 2.484, 3.0396, 1.9488, 1.7566666670000002, 1.8512, 2.4675000000000002, 2.6608, 2.064347826, 5.513928571, 6.27, 2.102962963, 1.910952381, 2.176923077, 3.115185185, 2.844, 2.15, 2.341153846, 3.343076923, 2.844, 1.5122222220000001, 2.235, 2.937857143, 2.844, 2.067916667, 2.118, 3.112, 2.844, 2.0344, 2.4364, 3.456785714, 2.844, 1.8298800000000002, 2.5096428570000002, 2.924482758999999, 3.603846154, 1.807222222, 1.461428571, 2.107272727, 4.055, 1.4100000000000001, 1.525, 3.499375, 3.195714286, 2.060588235, 2.4859999999999998, 3.165882353, 3.204117647, 2.098947368, 2.195555556, 2.691666667, 3.3795238100000002, 1.955714286, 2.248888889, 3.005294118, 3.714, 2.56, 2.101304348]","[0.0, 1.1208296658880381, 0.6397924219253911, 1.412897919727132, 2.77559108778602, 2.188261651952976, 1.9109146228208511, 1.824416786623036, 2.580892151802005, 2.562345180346311, 1.702003587318568, 1.8279553423131412, 2.663191174112381, 2.450081055945072, 1.85081608641626, 1.755374415584373, 2.660028685444342, 2.711193812744142, 1.6249151586326152, 2.017705184061487, 2.6111460148990133, 2.716769778441528, 1.5782668473002301, 2.094605019662597, 2.502985992769551, 2.855394199342394, 1.1600205163182071, 2.156547877854629, 2.734679818116282, 2.50791363024438, 1.523283420350902, 2.188183837419953, 2.770840753342884, 2.401878526549817, 1.7517040712464391, 2.144725240754236, 2.789717153603643, 2.623462085722333, 1.354432023049593, 2.3808744306636322, 2.473616106172479, 2.389395325925063, 1.797241375448675, 2.245175416405695, 4.130378554631743, 3.405536858927568, 1.160867763264995, 3.131497809522413, 2.9362211191278593, 2.448781852595204, 1.955171476731171, 2.7528066575053103, 3.123814291946916, 2.5555236153381573, 1.9766149600947251, 2.385547171065265, 3.240748307053278, 2.39062387512072, 1.98113644302323, 2.557668519620692, 3.030056090568493, 2.620802100930482, 1.9305106449979141, 2.4810931891614363, 3.178165422793322, 2.754800446473537, 1.906084316264765, 2.39478551045546, 3.293656000612732, 2.498734426041384, 2.353276883220384, 2.193125402891178, 2.842207689765329, 2.511644704426269, 2.537588797298238, 1.733584565409085, 2.862445305725471, 3.361726111126713, 1.677635838716229, 2.269612354754113, 3.153910190241275, 3.096603539085259, 1.8574767315851861, 2.277306740702344, 3.033994133554757, 2.9519110211235082, 2.054663902988469, 2.124162618472351, 3.046004550071741, 3.134544061705566, 2.13741988156869, 2.37032154073589]",0,0,0,0
20,Nagaland,"[None, 2.46, None, 3.61, None, 2.11, None, None, None, 1.92, 0.96, 4.16, 2.73, None, 1.48, 2.9775, None, 1.37, 0.87, 2.1, 3.23, 5.245, None, None, None, None, None, None, None, 3.917333333, None, None, None, None, None, None, None, None, None, None, None, None, None, None, None, 6.20875, 3.8111111109999998, 4.493333333, 5.555, None, 3.948181818, 3.31, 6.6575, None, 4.2475, 4.7075, None, None, 5.384615385, None, 6.933333332999999, None, None, None, None, None, None, 5.646666667000001, None, 7.585, None, 5.02, 6.259333333, 7.49, None, None, 4.903333333, 6.8071428570000005, 4.012727273, 3.673333333, 5.029, 6.730625, 4.832, None, 3.94, 4.796666667, None, 2.59, None, None, None, 2.923333333]",[],0,0,0,0
21,Punjab,"[8.150973451, 8.671362319, 7.159136905, 8.013665689, 7.375131965, 8.711477987, 7.152307692000001, 8.094654087999999, 7.131374663, 7.393261538, 7.37504451, 6.4542307690000005, 6.703757962, 7.213527507999999, 7.547641791, 7.6394920630000005, 7.258461538, 7.855945946, 7.932775801, 7.632342007, 8.081271478, 8.025542169, 7.718841698999999, 8.37959854, 8.024615385, 9.281190476, 9.997222222000001, 9.477336066, 9.474879032, 9.503624454, 9.550933333, 9.511555556, 9.165720339, 9.986550218, 10.04966667, 9.884084507, 9.487281552999999, 10.32643564, 10.0197449, 9.63026178, 9.728306011, 10.22015464, 10.35954545, 10.06961111, 10.20027933, 10.58848168, 10.91917526, 11.26014925, 10.78775956, 11.62818182, 10.81169312, 11.04015306, 11.3209, 11.93517949, 11.97086486, 11.70747312, 11.17778351, 12.34088542, 11.58245399, 11.43296703, 11.32888325, 12.47457895, 11.02251572, 11.08044586, 11.1756051, 11.34391892, 15.96666667, 14.95726218, 14.46042328, 15.44321918, 14.70780731, 14.25066781, 13.28087156, 14.13452813, 15.28742515, 14.98095376, 14.44755747, 14.74631793, 15.71935484, 16.04597325, 17.12395973, 14.63090604, 14.42427509, 16.87567146, 16.39864303, 16.30451264, 15.4881362, 17.19628065, 16.89757534, 16.40705882, 16.43211155, 23.08289474]","[0.0, 8.150969154424068, 8.474940124368109, 7.7382982765059865, 7.8890200862706195, 7.609067436393025, 8.2090426904289, 7.634043145100753, 7.884664026114634, 7.474798860186138, 7.430434438588993, 7.400296813965168, 6.8855429263305865, 6.786633853267333, 7.018906394054098, 7.306590955779894, 7.487722216616275, 7.362981640839332, 7.631203176404727, 7.795288631693559, 7.70662948653241, 7.9104719335143745, 7.973081568607055, 7.834749832385861, 8.13120163523892, 8.073208130618088, 8.730470484549826, 9.419709223829905, 9.451063948573331, 9.464021718901623, 9.485569539523675, 9.521133934091523, 9.515922345233996, 9.325377677218832, 9.685121196791108, 9.883470135210967, 9.883804414474064, 9.668056601340425, 10.02628017835131, 10.02272433794586, 9.809185733137843, 9.76517913257709, 10.012730989715802, 10.201432496335826, 10.129708571716517, 10.168106072214329, 10.396832148025759, 10.681038671944515, 10.996132334674478, 10.882756852904059, 11.28834205903393, 11.028997702830232, 11.035067324907393, 11.190588684619463, 11.595720023940167, 11.79983606831503, 11.749581452378221, 11.438466589634087, 11.929472047574869, 11.740659763810596, 11.573244361354439, 11.440287650627502, 12.003044827233223, 11.469539621977146, 11.2578339767126, 11.213093302086103, 11.284275429799633, 13.831961246838993, 14.444236701888919, 14.453043807780876, 14.991797539106493, 14.837278652973984, 14.518104101318542, 13.844926736122133, 14.002498653104, 14.701626266357422, 14.853608161367095, 14.63267626261557, 14.694508614798007, 15.25212673311691, 15.684058070807225, 16.467507562076115, 15.468213951329908, 14.90020754297335, 15.975056086228884, 16.205529447716412, 16.259386133791914, 15.83974958124486, 16.57783719224356, 16.751806496049678, 16.56422952529414, 16.492344226828898]",3,3,3,3
22,Rajasthan,"[20.05248996, 20.99865819, 19.40343653, 19.69494709, 19.83269333, 21.15890646, 18.64817931, 19.46386719, 19.63139597, 20.86992084, 20.75069182, 20.66107879, 21.22968867, 22.00852905, 22.1847343, 22.38697006, 23.31052257, 23.66283355, 22.357034, 23.66426844, 24.073675, 24.98144531, 21.46957816, 22.32915, 22.37288092, 24.10057389, 23.30737637, 24.64822443, 24.05886095, 25.80840874, 21.2254, 6.0, 22.053, 23.713, 21.2254, 18.904, 20.83377282, 22.37546512, 20.5121619, 20.11322612, 20.94833828, 22.57039003, 19.08448802, 19.42357759, 20.27702282, 22.44635754, 20.622184269999998, 20.91391906, 21.40129512, 23.09408627, 20.98050866, 21.69423747, 22.63858388, 23.48274971, 21.82772422, 21.72810142, 22.84243478, 24.46052564, 21.68986699, 20.94465416, 21.69852668, 23.9729813, 21.36301087, 21.05618889, 21.31170543, 22.73481352, 32.0, 19.90937644, 21.23442748, 23.58271318, 20.61312432, 20.71375831, 21.49473964, 22.81274269, 20.26191892, 19.83948315, 20.63090698, 22.11517635, 19.89513667, 20.66205747, 27.6336036, 22.2375447, 19.17701313, 20.08121577, 21.7730746, 21.78849206, 19.58332215, 18.81221729, 20.33375, 33.09607143, 21.31909091, 20.41556159]","[0.0, 19.693962813289406, 20.340428877159923, 20.02996838565161, 19.969294240427363, 20.153301692352144, 19.933603628750717, 19.85654190513701, 19.84761387134108, 20.11278861495715, 19.63627472786596, 19.895663743386148, 19.98551058617432, 20.333066099851802, 20.410986401817702, 20.494986352050734, 20.72103445676286, 21.023166050164424, 21.19186851388036, 21.290318802250432, 21.5956066943438, 21.778273309255948, 21.630931761374736, 21.90490730352489, 22.008973131400687, 22.21711983713161, 21.530894866841265, 21.776398132398885, 21.881356928880788, 22.322124678712317, 22.260892185453166, 22.517113549734248, 21.90444186328572, 22.283969798507513, 21.34068155950635, 18.071674354010625, 21.53704753880929, 21.875011031181554, 21.353980957202772, 20.835390624558247, 21.232029577425774, 21.556080068905548, 21.179613061290052, 21.047108700692874, 21.190639622956574, 21.5189492047745, 20.790725651872673, 20.85998012422514, 21.044132334766818, 21.516542399380302, 21.155976183569194, 21.21519363054967, 21.328730558922892, 21.71600805888468, 21.294686426047907, 21.457285289776486, 21.664595535986706, 21.86599362812157, 21.555048672579108, 21.53592884400033, 21.765216838857945, 22.111214544807353, 21.546639906947068, 21.38389490634735, 21.540512348912827, 22.02488225502045, 21.475744681238517, 21.566544336010995, 21.597017645656475, 21.897019107957107, 23.908521280501876, 21.268531164534732, 21.54501916995116, 22.048034257639298, 21.421446101836068, 21.42744920903682, 21.57388496135027, 21.844221994863556, 21.300574850583992, 21.191935760535426, 21.35497481283001, 21.752077080344076, 21.28189064963995, 21.420566119746574, 22.899712551929998, 21.72870840371717, 21.0729245217118, 21.249342873359886, 21.5838517609187, 21.57273412942882, 21.231341486943787, 21.06692599678928]",3,3,3,3
23,Tamil Nadu,"[6.896779661, 8.825776, 8.293285714, 5.883353752, 5.080691244, 7.293392, 8.371314103, 5.411493002, 4.258842593, 7.45433432, 7.144655172, 5.573719247, 4.571282051, 6.9066925470000005, 8.708448752999999, 5.920044709, 5.943565022, 7.835338785, 8.056321168, 6.748719154, 5.961895504, 7.810614035, 9.171409314, 6.872876884, 6.744524422, 9.032480315, 10.32867305, 8.367595908, 8.38258427, 11.01372093, 10.53723373, 9.743549783999999, 9.155591241, 10.517872969999999, 10.51746165, 7.650665722, 7.451474104, 9.159375812999999, 10.02977099, 6.359255456, 4.49045512, 6.705811856, 7.621056062999999, 5.775291074, 5.40847348, 8.476023622, 8.275156658, 6.239046358, 5.159504685, 6.474403927000001, 7.058268397999999, 5.074846939, 4.925818713, 8.047782609, 8.835938804, 7.714579025, 5.999937695, 8.361994302000001, 8.269491778999999, 6.743545052000001, 4.545402124, 6.81829582, 7.430828025, 5.101672413999999, 4.655422886, 8.427220708, 8.71, 6.155677966, 7.413172303, 8.309702128, 8.991641541, 8.565346386, 7.848304821, 10.15558069, 10.16063866, 7.06127907, 7.282362805, 7.835739385, 8.340355872, 5.644267857000001, 15.1525, 6.964499151, 8.339192246, 8.792367973, 9.16829582, 10.51264325, 10.05726592, 7.791683849, 7.506943972999999, 12.43761905, 8.516146497000001, 9.122266187000001]","[0.0, 6.6392677222269985, 7.7223082172154935, 7.914332036572982, 7.117960117602997, 7.725880650566204, 7.4029820802350095, 6.3957328748584334, 5.862138682624395, 6.671474276709747, 7.296309569158548, 5.860726819524492, 5.264947508715497, 6.67771271964982, 6.559969063213482, 6.127363504691917, 5.614652921168081, 6.769901624207268, 7.780624821522587, 6.489674988248037, 6.534165767717107, 7.3440171211930565, 7.5133881878931685, 7.132394132018953, 6.713892964298968, 7.592613280710291, 8.448593762880579, 7.62851997776181, 7.671110926174428, 8.859178313612025, 9.789654186866064, 8.96073219294886, 9.077148581755779, 10.33354876184877, 10.127011122187724, 9.800148296749306, 9.19365262998124, 9.576108317179411, 9.507514056525887, 8.214675984299744, 7.8376968262768685, 8.146854720649916, 8.341496042011777, 6.482882725359405, 5.483627535354366, 6.521831092034527, 7.243011822366933, 6.513026231017579, 6.2924441561628495, 7.578417870523786, 7.3137612031481645, 6.302195573524123, 5.6014204045717015, 6.12222307374889, 6.681881737289269, 6.053534456847977, 6.224315228900338, 7.6709690539574495, 8.143242252902095, 7.622865072580036, 6.670741148928196, 7.473414251113772, 7.3270997453749676, 6.611639242019408, 5.3365155431957945, 6.312295450022829, 6.913698194860529, 6.0676023575660984, 5.8632053936059, 7.883069397486842, 8.075539786739942, 6.9907197620872665, 7.817309826266115, 8.24243045193737, 8.845146249047094, 8.831333894404354, 8.220381039402632, 9.172482832935733, 8.97009922192221, 7.395929261289764, 7.23510610181329, 8.66964875799184, 8.649366688629918, 7.313798922317837, 12.051169574281746, 7.719900704713463, 8.782787998975476, 9.180998411092505, 9.14633930020822, 9.535611251437178, 9.743773572469237, 8.476317166110151]",1,1,1,1
24,Tripura,"[3.5725, 3.06125, 2.87625, 3.2395, 4.073809524, 4.078095238, 2.3, 3.395294118, 4.2, 3.784117647, 2.951875, 3.409230769, 3.737777778, 5.141764706, 2.98875, 4.083636364, 4.437692308, 3.9875, 1.877142857, 2.892352941, 3.561666667, 3.457272727, 2.6344000000000003, 2.48875, 3.246666667, 3.59826087, 2.337619048, 2.838846154, 3.462068966, 3.10037037, 2.86962963, 3.0216, 3.545416667, 3.312758621, 2.67, 2.778214286, 3.622142857, 3.176333333, 2.772068966, 2.762068966, 3.784827586, 4.039642857, 3.321764706, 2.977741935, 4.648857143, 3.4608, 2.368518519, 2.6536, 4.784375, 4.5095, 3.699705882, 3.634242424, 4.704545455, 4.5095, 3.083125, 5.157941176, 6.251142857, 4.5095, 4.263030303, 4.934242424, 5.957647059, 4.5095, 4.312727273, 4.958484848, 6.176571429, 4.5095, 4.5029, 5.521891892, 5.222727273, 5.472941176, 5.03, 5.394571429, 5.420810811, 6.536, 4.406000000000001, 6.713333333, 6.034722222, 6.305128205, 4.6383783780000005, 4.754054054, 4.873076923, 6.284722222, 3.585, 3.122413793, 3.474444444, 3.923666667, 2.665, 2.698148148, 2.8461904760000003, 8.45125, 1.505714286, 5.153846154]","[0.0, 4.155268199434457e-07, 1.207347018732051e-06, 1.210381387830749e-06, 3.572500073657808, 3.123668062255949, 3.094041342671381, 3.426492863732062, 3.701637078947793, 3.745958012111873, 2.799277535843718, 3.458342536731045, 4.303142039590079, 3.936355882823797, 2.566175207193456, 3.9848166353970242, 4.221625708830023, 4.792515196812294, 3.127253939137491, 3.412004730707868, 3.490644686161314, 4.153781802903156, 2.101412995695316, 3.023061065429916, 3.986021026550239, 3.188747697439786, 1.879400704272162, 2.64863608098734, 3.469407076986522, 3.593638137194573, 2.468764708766049, 2.507131502227896, 3.559752512235567, 3.544668490133644, 2.675747676701441, 2.9140627103070313, 3.5205018571069, 3.148721176668329, 2.824962820784001, 2.892902896948568, 3.565870979942268, 3.205234889284806, 2.896659623144065, 3.192635080477043, 3.993933605339431, 3.78756574682926, 3.448308179876498, 2.734253593251144, 3.876275047797485, 3.7303671585905382, 3.208886362351745, 3.249664689488981, 5.178336080231446, 4.328328622387763, 3.062849374965859, 3.377793139495056, 5.002256416541403, 5.588432510344553, 4.080565484219534, 4.459485856552141, 5.895430862857963, 4.82100752598015, 3.879145681219703, 5.123030404540745, 6.398462910413571, 4.475335864455788, 4.316700571555382, 4.9694790385751215, 6.222799444608817, 4.676751317812727, 4.131531995789788, 5.7305525710565135, 6.018330259023827, 5.013888383028385, 4.7928113690100655, 6.125882531467117, 5.297305181696434, 6.624781764268633, 5.088042410787781, 6.162270078697698, 5.534929418426268, 5.760467843569702, 4.123376576568972, 5.607847220973804, 4.768218068109983, 4.88465184564142, 2.9730697603486402, 2.74401802242432, 3.402662152290405, 4.431006526154, 2.89435143000364, 4.223723337003014]",0,0,0,0
25,Uttar Pradesh,"[6.275670588, 7.57371248, 4.9346586, 5.529991961, 6.108957055, 7.228408162999999, 5.109671593, 5.139657763, 5.333197056, 7.102653584, 4.379524302, 4.50774744, 5.183226095, 6.527788378, 4.027492163, 4.356912929, 4.954968666, 6.253181377000001, 3.790448718, 4.5738834950000005, 6.05, 6.538976142999999, 4.250911736, 4.71869934, 5.453794984, 6.4922121210000014, 5.744146597, 5.500238342, 5.936545842, 7.114591947999999, 5.021914226, 4.7474328360000015, 5.309807107, 6.7771614840000005, 5.10876161, 5.334455852, 6.230153846, 7.651325301, 5.612019999999998, 5.826486752, 6.373403827000001, 7.81952381, 5.843492062999999, 6.895995935, 7.233544974, 8.200800416, 6.1856711, 6.471859649, 7.41944086, 8.734228751, 5.114772992, 5.711046512, 6.469843924, 8.060090498, 6.652007255, 6.657159353, 6.778748496, 8.428206452000001, 6.359154589, 6.141263941, 6.564117647000001, 7.5825, 5.205256588, 5.855110533, 6.153001311000001, 7.943995097999999, 5.605, 6.085198237999999, 6.578903653999998, 7.4805513779999995, 4.996384522, 5.543856287, 5.670922722, 7.290267857000001, 5.862105897, 7.837142857000001, 6.3596875, 7.20814059, 6.362869353, 7.272066421, 8.683211008999999, 8.632214386, 6.146549707999999, 6.633660131, 7.225455567999999, 8.332583222, 6.485214866000001, 6.896053268999998, 7.386564039, 9.464545455, 6.264715719, 6.112930232999999]","[0.0, 6.275667171500688, 7.171758419294507, 5.549657526951568, 6.090399945546426, 7.279086210777219, 5.0334707928741, 5.649222971927982, 5.8794956663395, 6.735184059206783, 5.020179118245938, 4.963371406333973, 5.266275619560674, 6.756188127730479, 4.423522000697701, 4.5815246678387975, 5.148872689959599, 6.533730552890081, 4.135838086374172, 4.362896902933175, 5.251681536663789, 7.222047332666452, 4.253914485996971, 4.723087923615967, 5.526394545188117, 6.657180089405212, 4.225702900445158, 5.759858953452313, 6.051515447105159, 6.9576462478789685, 4.966277527223872, 5.206264076096719, 5.504062486148743, 6.546718589843357, 4.746559193433699, 5.180276416372028, 5.874874377719291, 7.227852013872907, 5.428789714038652, 5.560978392193659, 6.28289408401258, 7.402940616581278, 5.586768269611867, 5.773278332698267, 7.047272335342507, 8.078605613139795, 5.908710830664264, 6.216612295876371, 6.788189183305003, 8.23209558674939, 6.341128048368832, 5.51859462454014, 6.3705302487375395, 7.6562766936035125, 5.664547540679253, 6.629702560611838, 7.052401667593408, 7.944111463179258, 6.104764183098568, 6.435747389159277, 6.648612488111182, 7.878972314447132, 5.567182371035787, 5.581256602994722, 6.43499088130816, 7.538158391747697, 5.7643976794138165, 5.910193332676624, 6.5486916475702905, 7.904906988472867, 5.421160715857499, 5.516901578486278, 6.175845145788027, 7.19349696947935, 5.220246073981427, 6.126940874456856, 7.693829769495967, 7.692082107514371, 5.283262660882404, 6.775632663702102, 7.073453210589204, 9.235707419081628, 6.478037854108868, 6.717614116307643, 6.911962699417393, 8.116193627781499, 6.222149084246948, 6.944567775562311, 7.15464581020005, 8.269220901334139, 7.070954464198662, 6.788641402602131]",1,1,1,1
26,Uttarakhand,"[5.87, 6.4, 5.22, 4.58, 5.2, 6.39, 4.95, 6.07, 6.32, 6.5600000000000005, 6.35, 4.6, 5.53, 9.02, 7.3, 5.77, 6.08, 7.33, 4.2, 5.85, 5.94, 7.57, 5.05, 6.05, 5.85, 7.19, 4.2, 5.85, 5.53, 9.02, 7.3, 5.77, 5.53, 9.02, 7.3, 5.77, 7.223636364, 13.20549296, 10.13041667, 10.42380282, 11.57075758, 12.97873016, 8.291818182, 9.168387097, 10.08784615, 12.86013889, 9.463611111, 8.12, 9.415846154, 11.0357377, 6.323650794, 7.664032258, 8.733387097, 10.44295082, 9.253333332999999, 8.844137931, 9.093275862, 11.36482143, 7.0195, 7.539830508, 8.28, 9.3, 6.512881356, 8.144642857000001, 8.2004, 11.6998, 6.6527270000000005, 9.262241378999999, 10.62607143, 12.43084746, 6.752727273, 7.464347826, 8.465862069, 12.19133333, 9.57, 7.705, 8.215, 10.5831746, 9.033076923, 5.542051282, 7.62, 9.316862745, 7.291842105, 7.81490566, 9.672608696000001, 9.305714286, 6.858541667000001, 8.277627119, 6.288095238, 16.35689655, 19.88666667, 10.50803922]","[0.0, 5.869993569774728, 6.323498098637633, 5.180137718348726, 5.436677383932095, 5.555971098272467, 5.365638224919053, 4.452904413721916, 6.36941687458672, 6.263415894669538, 5.875110150793709, 6.433529562012794, 5.251888289649294, 6.704969846826018, 7.07937235906294, 5.8423593506405975, 7.18944394270069, 7.853735682933844, 6.477670124764645, 4.308771203129447, 6.6457012899720755, 6.093826907752367, 6.242633217312127, 5.089159546114299, 6.624741747380643, 6.676447278819897, 5.890630004254527, 4.718416784222116, 6.300984602878909, 6.141082162937669, 6.785728581669088, 6.538653707420955, 6.528749014878074, 8.14709695963257, 6.860067411586485, 6.399463118753529, 6.373267415279994, 9.388408691594416, 9.486280263116138, 8.341957284860515, 11.253178766296164, 13.532357426136944, 11.053225968794711, 9.632490389183381, 10.662062508897936, 11.691500930709676, 10.1613018916013, 9.618731347276304, 9.630078631590383, 12.128064953763163, 8.448253902753741, 7.229076806863341, 8.911614952603445, 9.96614862767542, 7.623222309223517, 9.016175968594023, 8.920274813281877, 11.487664728254217, 9.06516711322394, 7.517414743597016, 8.905242783783567, 9.984062431625006, 6.873070293998758, 7.11150389508576, 8.28648526594437, 9.424546810344363, 8.769164700264003, 6.940483937920963, 10.195357536243687, 11.257775239369614, 9.113299964302406, 8.451468003733474, 9.421076748303918, 10.289906038579478, 8.080964560870319, 9.135942965829868, 8.867529813416928, 11.72291981686044, 7.456419082279531, 8.671020160670519, 6.626072745195818, 11.166188622916183, 5.939505936800859, 6.9072627726886004, 7.982889506054201, 10.96064018165692, 6.977028545059595, 7.781649609614588, 8.643652301545679, 8.093951131279063, 12.484803611735678, 13.770477996987259]",0,0,0,0
27,West Bengal,"[4.350236686000001, 6.265475113, 2.804846626, 3.576298003, 4.960725309, 6.335698587, 2.674233937, 3.801028939, 4.772051282, 5.696910569, 3.366674528, 3.240821018, 5.051173633, 6.998279932999999, 2.9777647060000003, 3.325711948, 4.688228477, 6.269368259, 3.169951378, 3.780853081, 5.160174326, 6.261900957999999, 3.10762226, 3.9987075930000002, 5.625164474, 6.245709677000001, 3.33642623, 3.747528642, 5.030815972, 6.209029605, 3.713152542, 3.091825193, 4.56287037, 6.53221458, 3.99165075, 3.735475234, 5.145624196, 6.569416446, 4.189406452, 3.7361348899999998, 4.876066946, 6.866849866, 3.654644013, 4.045343915, 5.5348684210000005, 6.757107558, 3.173842444, 3.434580645, 5.05757079, 6.326344411, 3.314473282, 3.9479305140000003, 5.428157504, 6.388319739, 4.089587459, 4.43642527, 5.634867807000001, 7.555481832999999, 5.506381579, 5.347732116, 6.126759124, 7.832450091, 3.5884533899999997, 4.422025862, 5.315982721, 7.149219858, 4.82, 5.674146341, 6.592361607000001, 8.472178301, 5.015450237, 4.505393258, 5.910248329, 7.933935419, 5.193479561, 6.300674956, 7.051447106, 7.687818003999999, 4.870708738, 6.538069815, 8.159773912999999, 7.322298246, 3.72341534, 4.998872727, 6.28398317, 6.933478261, 4.519528796, 4.664603175, 6.562443559, 7.721836735, 4.648548009, 6.169974811]","[0.0, 9.594862894827277e-07, 1.381910222667156e-06, 2.0214615715677098e-07, 4.350235898537038, 6.525881914984415, 2.7056772057938883, 3.429314593233348, 4.863478474952927, 6.256919297616322, 2.422571678415414, 4.143802717618882, 4.251453787434705, 6.46362032038496, 3.324074205026602, 3.246390451927211, 4.911336500060048, 6.321745829349109, 2.973317710734323, 3.503014283322996, 4.945648804193851, 6.487703631864941, 2.946645621768867, 3.645827624062696, 5.142898792134368, 6.594524013529296, 2.891281050526417, 3.987488120264927, 5.091743511484794, 6.258002462231074, 3.162858839700248, 4.048465982453109, 4.60597075341067, 6.233854980006932, 3.573381474822898, 3.705553045697188, 4.919533020689854, 6.498836846951662, 3.6862013999254373, 3.865646065743578, 4.933395325961731, 6.420568985734251, 4.119296526789633, 3.385181608274349, 5.321183409706695, 6.743338196123062, 3.7855094659848723, 3.467788919483564, 5.17506528876233, 6.6112280313999285, 3.368601537189641, 3.6226627578170163, 5.31705190518603, 6.593366558892278, 3.327353216817589, 4.2042431986961, 5.387109827395618, 6.612321385245413, 4.240382860090763, 4.7588174092682625, 5.742508737270232, 7.138097208340883, 4.842168769405949, 3.881728488774088, 6.009780463427361, 6.906172650567979, 4.22288073023434, 4.846244675787312, 6.005814858208184, 7.559451488942749, 4.906101372346521, 5.055493026211373, 5.670573246082452, 7.8803416499640235, 4.678750499931137, 5.075020310445471, 6.633024198059817, 8.053048668633817, 4.6670659733898905, 5.5305119289517375, 6.969379614580859, 8.430803167500827, 4.247500234512781, 5.5809788375425, 6.801059140165129, 7.291223572395643, 4.1934445823779765, 5.689489885197872, 6.195425343395673, 7.520298841798682, 4.564049702549639, 5.208727296144199]",0,0,0,0
28,Telengana,"[57.77, 8.9365, 3.55, 6.799047619, 9.407222222, 8.9365, 6.869230769, 9.163953487999999, 8.536716418, 9.074848485, 7.045, 6.152340426, 8.281818182, 8.925909091, 5.362321429, 6.922857143, 8.658918919, 7.9026388889999994, 6.6222, 7.91875, 4.87, 9.842857143, 5.665428571, 7.222941176, 8.10915493, 9.698589744, 8.416233766, 7.552727272999999, 8.283896104, 9.942307692, 7.343333332999999, 7.533417722, 7.945897436, 9.2735, 7.401375, 7.8150649350000005, 8.350632911, 9.042179487, 7.664074074, 7.63746988, 9.128902438999999, 9.719878049, 7.236024096, 8.225662651, 9.451445782999999, 8.437564103, 6.265844156, 8.411875, 8.343333333, 10.24878049, 6.7598717950000005, 7.073544304, 7.069746835, 9.777901235, 7.6739999999999995, 7.076351351, 7.287368421, 8.365373134, 5.036842105, 6.245194805, 6.502465752999999, 7.9232, 4.689295775, 6.023466667, 6.954861111, 8.206575342, 4.862857143, 6.140470588, 7.314893617, 8.192692308, 4.816947368, 5.983267327, 7.005111111000001, 6.753619047999999, 5.39959596, 4.9723255810000015, 6.593152174, 6.727857143, 4.794242424, 5.826842105, 6.801290323, 7.977204301, 5.555918367, 6.712040816, 6.650114942999999, 7.283222222000001, 4.793670886, 6.278865979, 6.128333333, 13.99666667, 5.6505555560000005, 5.4191954020000015]","[0.0, 57.76721566308206, 33.31858197655476, 23.349301800213798, 44.860711903710346, 10.008057628605453, 6.338329845341347, 8.544418793320293, 10.326274072706443, 9.908213468327018, 8.47710142725883, 9.932395733562783, 9.301660133658153, 9.605422662403097, 8.209455395565412, 7.456661397423281, 8.853055553599688, 9.273700431114252, 6.814896137568714, 7.849124675221843, 9.01483758457088, 8.288883939226366, 7.513962419527655, 8.284384541607865, 6.18796218502384, 9.61720571741718, 6.825361336049639, 7.950938163562645, 8.523353189633752, 9.57475466984966, 8.735533092599475, 8.085282004506785, 8.546061973272087, 9.625005558408978, 7.867226329236836, 7.970365616549968, 8.238427775663546, 9.132834132546954, 7.875075112588132, 8.141088574098733, 8.473597916954075, 8.97024613782577, 8.086448231244562, 8.02484685158713, 9.033454169064614, 9.450527598596752, 7.735875607445467, 8.322656676519756, 9.147705705165857, 8.427717308916957, 7.067731260584298, 8.488321373358975, 8.369728958013983, 9.578306246196409, 7.253310902803419, 7.48487800854067, 7.461348145433098, 9.265075338330275, 7.81064375955571, 7.268143074692004, 7.356844915287343, 8.034512790712206, 5.800891275604607, 6.552600758625808, 6.697629614877803, 7.661786657326806, 5.525192626654223, 6.384192286202756, 6.99509396512333, 7.849330947813629, 5.6288898858953775, 6.442355438446863, 7.204868642241688, 7.782155075937202, 5.469843278417387, 6.24689653901658, 6.8654184203252075, 6.683108136552278, 5.779109321195482, 5.442561573567714, 6.547166612614214, 6.650375313383582, 5.424252230505925, 6.122167378357169, 6.804682066046718, 7.583828598640215, 5.947743504780752, 6.662333112172536, 6.60119861126204, 7.000685491332744, 5.693476679902662, 6.685367583867342]",,,0,0
29,Odisha,"[3.713777019, 5.923356243, 2.343993015, 3.616291619, 4.848198614, 5.695353774, 1.7509101519999999, 3.177889273, 4.049646925, 5.307607433, 2.971770223, 2.761545667, 4.181216686, 5.843574007000001, 2.447024221, 4.149230769, 4.035691057, 5.530943167999999, 2.415204819, 3.696686532, 4.7576099880000005, 5.928105395, 1.5470552880000001, 3.065160523, 4.313546441000001, 5.823745174, 2.7504724410000003, 3.828309693, 5.023482032, 6.040109439, 2.008035044, 2.304007398, 4.149189542, 5.740217391, 2.222887768, 3.057989822, 4.597512563, 5.7678561550000005, 2.095239437, 2.983374422, 4.627754078, 5.705050891, 1.315817942, 2.8275925930000003, 4.249341398, 5.49896732, 1.873285024, 2.797381242, 4.361970979, 5.687315789, 1.7966387730000002, 2.821428571, 4.085507246000001, 5.680256082, 1.8288182970000002, 2.861651255, 4.203064516, 5.766516291, 2.67991128, 2.87785347, 3.994980494, 5.19835966, 2.423445274, 3.261824645, 4.254299401, 5.763381089, 2.322, 3.034994413, 4.1846728970000004, 5.369564475, 2.410558333, 2.357125506, 3.40175188, 4.861262064, 1.777375367, 2.609355311, 3.6598852219999998, 4.918230422, 2.273456604, 3.301504891, 3.913309038, 5.3025118110000005, 2.392640604, 3.186384943, 4.14870632, 5.5146025739999995, 2.341950845, 2.581572948, 3.79227907, 4.941904762, 1.6240864959999999, 3.024019608]","[0.0, 3.110368149018646e-07, 4.960938023963546e-07, 4.459531929456032e-08, 3.713776607584442, 6.287770363365933, 2.1317904780002532, 3.274783639978076, 4.267540378016628, 5.729608053729546, 1.887296241490803, 3.684147542935236, 3.901260478187923, 5.727614029498207, 2.417605561915622, 3.111267864782726, 4.559797473588963, 5.500455220198475, 2.407373442703633, 3.410667393864423, 4.25909176082025, 5.830272661820061, 2.436669991188891, 3.154704812910754, 4.265522996948539, 5.731963571772106, 2.235225165077292, 3.569086549143228, 4.394589564324593, 5.967127848962463, 2.349533305080973, 3.354489697209796, 4.075099814162712, 5.829832731196692, 2.223264713261372, 3.228572501249397, 4.329523810836707, 5.887273165478777, 2.205553951372043, 3.152779824372643, 4.372212986684033, 5.878247906070464, 2.154415135053471, 2.844754985893574, 4.4669511280694, 5.6898532495342415, 1.9645224320010892, 3.051099337014915, 4.335701670647087, 5.723925831137117, 1.988137336167374, 2.956615775604374, 4.365475653198194, 5.607093284745066, 1.9867935107246892, 2.927591654962397, 4.3244871473857, 5.6589945092420955, 1.972884848009011, 3.217425593379032, 4.195795423208007, 5.642833119548509, 1.921857759478752, 3.126167995554686, 4.30359397302704, 5.594181278615963, 2.213225504292852, 3.047070712442858, 4.249874262082812, 5.618706096663415, 2.095188146786998, 3.127723030744948, 3.9600511808329273, 5.384699322461174, 2.040433125391656, 2.785970771265639, 4.008171667664197, 5.31561067742198, 1.9954851782436571, 2.9282388297025, 4.125586182763433, 5.260160237498954, 2.182144430808093, 2.998669339614174, 4.042780974149151, 5.368922466168262, 2.264950724858921, 3.003016856954486, 3.856081906623018, 5.344060069463588, 2.091704393404032, 2.726165947235333]",0,0,0,0
30,Pudducherry,"[2.32, 2.98, 2.08, 1.6800000000000002, 1.38, 2.39, 2.14, 1.28, 1.45, 2.62, 0.98, 1.96, 2.81, 3.15, 2.5700000000000003, 2.31, 2.77, 2.35, 2.2, 1.8, 3.13, 2.55, 2.4, 1.05, 1.4, 2.76, 2.3, 1.5899999999999999, 2.17, 2.74, 1.9100000000000001, 1.51, 2.01, 2.5, 2.0, 1.8399999999999999, 4.995454545, 8.169, 7.482857142999999, 5.437, 4.536, 4.766, 5.888888889, 6.092, 5.043, 5.907, 5.7219999999999995, 5.078, 4.71, 5.527, 5.79, 2.5300000000000002, 4.885, 6.144444444, 5.787000000000001, 5.45, 5.126666667, 5.763333332999999, 6.334285714, 6.715, 10.34571429, 4.693333333, 7.858888889, 4.077, 6.8690909090000005, 5.64, 9.44, 1.03, 6.676666667, 3.378888889, 13.11666667, 9.56, 10.65076923, 13.10846154, 10.470625, 12.025, 9.558333333, 13.74666667, 12.850769230000001, 11.50153846, 13.388, 10.91461538, 10.45285714, 10.4875, 10.51, 11.81666667, 12.698, 2.271666667, 11.90272727, 2.453333333, 8.416, 2.355]","[0.0, 2.319983218355846, 2.4870650407670443, 2.751698723031053, 1.929310656715979, 1.6444530973207612, 1.59879589849134, 2.211382010320844, 1.797669017368265, 1.462948448179088, 1.774827259782065, 1.9450945918921891, 1.126935266946584, 2.456071917045676, 2.823666386687457, 2.775663232372402, 2.530512009747334, 2.761388143161508, 2.546263183314056, 2.057184367838795, 2.139976105792824, 2.465037339131695, 2.831882391612001, 2.237976748394341, 2.150646790532041, 1.445963230571902, 1.615804644497792, 2.268853958334965, 2.17730543565428, 2.146451284546634, 2.212627211492832, 2.096767944846627, 1.874860201456157, 2.084274902334298, 2.010476299008604, 1.9109357177888961, 2.04174555157717, 3.191743601666578, 5.7513673428496475, 7.520259883349693, 7.181466891019393, 5.943669296295273, 4.5666894512381475, 4.504320182110322, 6.065249021797067, 6.4879763469273275, 5.325290468184188, 5.36593222214557, 5.60373543770803, 5.632782081609296, 5.000151432207613, 5.096767738871242, 4.889222605270452, 3.84601930938498, 5.339324794677367, 5.411052817636135, 5.708993353413188, 6.124382888181233, 5.427587301273421, 5.293040280329219, 6.430257075349434, 8.485311913309507, 8.920179870452092, 5.021267408189394, 6.958967110218806, 5.4436508751957104, 6.637608139003791, 6.105804200254608, 7.234244241107037, 3.209864289341831, 5.9817709837473, 5.299386413367127, 12.24875816090804, 10.467323795705095, 11.862466583951594, 11.727537452147613, 10.975212303952794, 12.036134643646655, 11.201771549300737, 12.865292470127184, 12.486292156561053, 12.800621311410424, 13.223404441627595, 10.105027802085752, 10.509787024821952, 11.192103031902336, 11.304096338195958, 11.398357207519288, 9.817248830864619, 5.699800770617085, 9.725421092486263, 3.140063703691831]",2,1,1,1
